customer_id,plan,industry,monthly_revenue,signup_date,tenure_weeks,support_tickets_total,nps_score,feature_adoption_rate,churned,churn_week,warning_week
CUST10000,growth,fintech,2999,2023-03-12,19,3,3,0.76,False,,
CUST10001,starter,healthtech,999,2023-04-04,6,5,4,0.71,False,,
CUST10002,growth,logistics,2999,2023-02-13,46,1,5,0.56,False,,
CUST10003,growth,fintech,2999,2023-01-16,34,6,7,0.72,False,,
CUST10004,growth,healthtech,2999,2023-02-10,49,10,3,0.81,False,,
CUST10005,enterprise,edtech,19999,2023-05-03,24,2,7,0.97,False,,
CUST10006,starter,fintech,999,2023-03-03,35,6,2,0.32,False,,
CUST10007,starter,fintech,999,2023-05-12,14,1,5,0.74,False,,
CUST10008,starter,ecommerce,999,2023-06-19,10,10,9,0.34,False,,
CUST10009,pro,fintech,7999,2023-02-12,35,2,7,0.2,False,,
CUST10010,pro,ecommerce,7999,2023-02-15,27,8,9,0.54,False,,
CUST10011,enterprise,edtech,19999,2023-01-09,16,7,2,0.57,False,,
CUST10012,starter,fintech,999,2023-06-22,50,6,8,0.78,False,,
CUST10013,pro,edtech,7999,2023-05-05,15,8,1,0.41,True,15.0,13.0
CUST10014,pro,ecommerce,7999,2023-03-25,11,10,10,0.59,False,,
CUST10015,starter,fintech,999,2023-01-05,34,10,5,0.25,True,34.0,30.0
CUST10016,growth,saas,2999,2023-01-22,48,1,5,0.2,True,48.0,44.0
CUST10017,starter,healthtech,999,2023-04-10,50,2,9,0.99,True,50.0,48.0
CUST10018,growth,ecommerce,2999,2023-04-28,28,10,3,0.73,True,28.0,24.0
CUST10019,pro,logistics,7999,2023-06-29,9,1,7,0.99,True,9.0,6.0
CUST10020,starter,ecommerce,999,2023-03-19,48,9,3,0.69,True,48.0,44.0
CUST10021,enterprise,edtech,19999,2023-03-10,9,9,10,0.14,False,,
CUST10022,starter,logistics,999,2023-04-19,21,4,3,0.18,True,21.0,18.0
CUST10023,growth,fintech,2999,2023-03-12,30,1,2,0.51,False,,
CUST10024,starter,edtech,999,2023-04-02,36,8,4,0.41,False,,
CUST10025,pro,healthtech,7999,2023-01-29,49,1,8,0.9,False,,
CUST10026,starter,fintech,999,2023-02-07,42,10,2,0.44,False,,
CUST10027,starter,healthtech,999,2023-01-17,31,10,5,0.31,False,,
CUST10028,starter,edtech,999,2023-01-06,39,7,9,0.69,False,,
CUST10029,pro,saas,7999,2023-01-16,32,2,9,0.11,True,32.0,30.0
CUST10030,starter,fintech,999,2023-03-25,50,5,9,0.94,False,,
CUST10031,pro,logistics,7999,2023-02-11,48,7,8,0.42,False,,
CUST10032,pro,logistics,7999,2023-05-01,7,6,4,0.32,False,,
CUST10033,enterprise,healthtech,19999,2023-03-03,17,3,4,0.97,False,,
CUST10034,starter,edtech,999,2023-05-16,24,9,6,0.98,False,,
CUST10035,pro,healthtech,7999,2023-01-27,18,8,2,0.6,False,,
CUST10036,growth,saas,2999,2023-04-30,52,8,8,0.75,True,52.0,48.0
CUST10037,pro,fintech,7999,2023-04-29,39,5,3,0.43,True,39.0,35.0
CUST10038,growth,healthtech,2999,2023-03-04,27,10,10,0.41,True,27.0,24.0
CUST10039,enterprise,saas,19999,2023-03-27,43,4,9,0.18,False,,
CUST10040,starter,ecommerce,999,2023-06-14,44,7,6,0.84,False,,
CUST10041,starter,saas,999,2023-03-17,11,7,2,0.42,True,11.0,7.0
CUST10042,growth,saas,2999,2023-01-30,9,9,4,0.65,False,,
CUST10043,pro,healthtech,7999,2023-05-18,44,4,7,0.85,True,44.0,41.0
CUST10044,growth,ecommerce,2999,2023-01-28,31,0,9,0.72,True,31.0,27.0
CUST10045,growth,edtech,2999,2023-02-19,14,4,4,0.45,True,14.0,11.0
CUST10046,starter,ecommerce,999,2023-01-24,9,9,4,0.44,True,9.0,7.0
CUST10047,starter,ecommerce,999,2023-06-15,44,6,2,0.36,True,44.0,40.0
CUST10048,starter,edtech,999,2023-01-11,47,1,10,0.73,True,47.0,43.0
CUST10049,growth,fintech,2999,2023-04-30,38,8,3,0.37,True,38.0,35.0
CUST10050,starter,edtech,999,2023-02-10,19,9,5,0.4,False,,
CUST10051,starter,saas,999,2023-04-28,44,4,6,0.22,False,,
CUST10052,pro,fintech,7999,2023-01-30,16,2,5,0.66,False,,
CUST10053,starter,saas,999,2023-06-30,4,7,1,0.43,True,4.0,1.0
CUST10054,growth,edtech,2999,2023-05-13,13,4,7,0.58,True,13.0,9.0
CUST10055,starter,saas,999,2023-04-05,51,8,1,0.39,False,,
CUST10056,enterprise,healthtech,19999,2023-01-28,32,4,2,0.85,False,,
CUST10057,starter,logistics,999,2023-04-19,27,3,6,0.96,False,,
CUST10058,starter,fintech,999,2023-05-25,25,3,3,0.69,True,25.0,23.0
CUST10059,starter,saas,999,2023-04-24,44,1,5,0.76,False,,
CUST10060,starter,fintech,999,2023-01-23,20,5,8,0.98,True,20.0,18.0
CUST10061,starter,logistics,999,2023-06-25,47,4,6,0.45,True,47.0,43.0
CUST10062,growth,logistics,2999,2023-05-27,50,3,3,0.98,True,50.0,46.0
CUST10063,pro,logistics,7999,2023-01-19,49,10,7,0.33,False,,
CUST10064,pro,fintech,7999,2023-01-30,13,0,3,0.66,False,,
CUST10065,starter,healthtech,999,2023-04-02,36,4,1,0.56,True,36.0,33.0
CUST10066,growth,ecommerce,2999,2023-01-24,23,9,10,0.71,False,,
CUST10067,growth,saas,2999,2023-06-29,42,1,1,0.89,False,,
CUST10068,starter,ecommerce,999,2023-01-14,14,6,4,0.24,True,14.0,11.0
CUST10069,starter,fintech,999,2023-04-20,21,0,8,0.13,False,,
CUST10070,enterprise,fintech,19999,2023-06-21,47,6,1,0.57,False,,
CUST10071,pro,ecommerce,7999,2023-01-02,37,8,6,0.39,False,,
CUST10072,starter,healthtech,999,2023-06-08,16,9,2,0.79,False,,
CUST10073,starter,ecommerce,999,2023-06-20,36,1,10,0.72,False,,
CUST10074,growth,saas,2999,2023-04-22,23,5,6,0.93,True,23.0,20.0
CUST10075,starter,saas,999,2023-04-19,45,7,8,0.9,True,45.0,42.0
CUST10076,enterprise,saas,19999,2023-02-28,44,2,2,0.93,True,44.0,41.0
CUST10077,growth,fintech,2999,2023-03-05,7,5,7,0.55,False,,
CUST10078,starter,saas,999,2023-05-07,38,0,8,0.22,False,,
CUST10079,starter,fintech,999,2023-02-13,40,8,3,0.36,False,,
CUST10080,pro,fintech,7999,2023-03-28,28,3,6,0.96,False,,
CUST10081,growth,saas,2999,2023-06-02,6,7,5,1.0,False,,
CUST10082,growth,ecommerce,2999,2023-06-15,7,4,9,0.2,True,7.0,3.0
CUST10083,pro,saas,7999,2023-02-27,19,5,3,0.59,False,,
CUST10084,pro,saas,7999,2023-04-28,46,0,9,0.7,False,,
CUST10085,growth,healthtech,2999,2023-02-16,20,1,4,0.69,True,20.0,16.0
CUST10086,growth,saas,2999,2023-02-08,14,3,4,0.96,True,14.0,11.0
CUST10087,growth,saas,2999,2023-01-20,33,0,4,0.54,False,,
CUST10088,pro,saas,7999,2023-03-04,48,7,3,0.46,False,,
CUST10089,growth,healthtech,2999,2023-05-17,19,3,5,0.47,False,,
CUST10090,enterprise,edtech,19999,2023-06-04,35,7,5,0.37,False,,
CUST10091,starter,healthtech,999,2023-02-09,35,8,10,0.9,False,,
CUST10092,starter,fintech,999,2023-02-27,40,4,6,0.88,True,40.0,36.0
CUST10093,starter,ecommerce,999,2023-04-14,49,3,4,0.53,False,,
CUST10094,enterprise,ecommerce,19999,2023-06-19,30,4,8,0.16,True,30.0,26.0
CUST10095,starter,ecommerce,999,2023-05-02,8,2,8,0.98,False,,
CUST10096,growth,ecommerce,2999,2023-02-08,36,10,4,0.34,False,,
CUST10097,starter,ecommerce,999,2023-06-23,52,1,5,0.1,False,,
CUST10098,starter,healthtech,999,2023-03-06,48,10,1,0.67,True,48.0,45.0
CUST10099,starter,logistics,999,2023-01-10,42,6,6,0.94,True,42.0,38.0
CUST10100,pro,edtech,7999,2023-05-01,36,3,7,0.87,True,36.0,32.0
CUST10101,growth,logistics,2999,2023-03-30,27,5,3,0.32,False,,
CUST10102,starter,fintech,999,2023-06-08,45,7,5,0.16,False,,
CUST10103,pro,edtech,7999,2023-06-11,41,10,1,0.76,False,,
CUST10104,pro,healthtech,7999,2023-01-10,28,6,10,0.63,False,,
CUST10105,pro,logistics,7999,2023-02-22,12,7,9,0.97,False,,
CUST10106,starter,healthtech,999,2023-02-16,32,8,5,0.95,True,32.0,30.0
CUST10107,growth,logistics,2999,2023-04-06,28,6,1,0.86,False,,
CUST10108,pro,saas,7999,2023-04-22,22,2,7,0.15,False,,
CUST10109,starter,healthtech,999,2023-05-21,31,0,7,0.23,False,,
CUST10110,pro,saas,7999,2023-03-10,11,5,3,0.42,False,,
CUST10111,growth,fintech,2999,2023-05-30,8,6,1,0.96,False,,
CUST10112,pro,saas,7999,2023-01-12,43,5,10,0.15,False,,
CUST10113,growth,fintech,2999,2023-02-14,8,1,2,0.89,False,,
CUST10114,growth,edtech,2999,2023-06-09,17,10,4,0.96,False,,
CUST10115,starter,ecommerce,999,2023-04-14,30,10,10,0.62,True,30.0,26.0
CUST10116,starter,saas,999,2023-06-16,48,9,8,0.53,False,,
CUST10117,starter,ecommerce,999,2023-03-08,41,10,2,0.95,True,41.0,37.0
CUST10118,starter,logistics,999,2023-01-13,52,0,7,0.69,False,,
CUST10119,growth,ecommerce,2999,2023-03-30,4,2,10,0.79,False,,
CUST10120,growth,saas,2999,2023-05-24,15,3,10,0.75,False,,
CUST10121,growth,edtech,2999,2023-02-25,50,7,4,0.67,False,,
CUST10122,starter,edtech,999,2023-04-21,39,3,2,0.31,True,39.0,37.0
CUST10123,growth,healthtech,2999,2023-04-16,26,9,10,0.24,True,26.0,23.0
CUST10124,pro,healthtech,7999,2023-06-23,35,2,1,0.97,False,,
CUST10125,starter,ecommerce,999,2023-05-04,15,4,3,0.91,True,15.0,11.0
CUST10126,enterprise,saas,19999,2023-04-09,23,10,1,0.43,False,,
CUST10127,starter,healthtech,999,2023-01-07,48,3,9,0.38,True,48.0,44.0
CUST10128,starter,saas,999,2023-02-24,5,9,7,0.47,True,5.0,3.0
CUST10129,growth,healthtech,2999,2023-04-07,43,8,10,0.57,False,,
CUST10130,growth,logistics,2999,2023-02-11,30,2,2,0.44,True,30.0,28.0
CUST10131,enterprise,saas,19999,2023-04-10,5,6,3,0.88,True,5.0,1.0
CUST10132,starter,saas,999,2023-04-07,11,7,3,0.42,False,,
CUST10133,starter,healthtech,999,2023-04-17,7,0,4,0.89,True,7.0,4.0
CUST10134,starter,saas,999,2023-05-25,52,3,6,0.3,False,,
CUST10135,growth,healthtech,2999,2023-02-25,16,4,1,0.61,False,,
CUST10136,starter,logistics,999,2023-05-14,37,10,5,0.55,False,,
CUST10137,growth,edtech,2999,2023-02-20,20,9,5,0.83,True,20.0,17.0
CUST10138,starter,saas,999,2023-06-19,25,0,9,0.57,True,25.0,21.0
CUST10139,starter,saas,999,2023-05-16,50,2,6,0.8,False,,
CUST10140,growth,logistics,2999,2023-01-29,34,6,6,0.56,False,,
CUST10141,enterprise,ecommerce,19999,2023-02-28,42,9,9,0.87,False,,
CUST10142,pro,fintech,7999,2023-03-07,43,10,10,0.79,False,,
CUST10143,pro,healthtech,7999,2023-06-25,4,3,7,0.85,False,,
CUST10144,starter,saas,999,2023-02-16,10,4,9,0.82,False,,
CUST10145,enterprise,ecommerce,19999,2023-04-19,36,0,3,0.65,False,,
CUST10146,growth,ecommerce,2999,2023-05-02,13,8,1,0.28,True,13.0,11.0
CUST10147,starter,fintech,999,2023-02-20,26,9,3,0.68,False,,
CUST10148,growth,saas,2999,2023-04-28,14,10,8,0.87,False,,
CUST10149,enterprise,healthtech,19999,2023-02-21,50,4,1,0.43,False,,
CUST10150,growth,edtech,2999,2023-04-29,37,6,10,0.79,False,,
CUST10151,growth,edtech,2999,2023-03-21,45,7,7,0.57,False,,
CUST10152,pro,fintech,7999,2023-04-30,7,3,8,0.46,True,7.0,5.0
CUST10153,starter,ecommerce,999,2023-02-20,46,0,10,0.9,False,,
CUST10154,starter,saas,999,2023-05-20,12,5,9,0.68,False,,
CUST10155,starter,logistics,999,2023-04-09,42,5,4,0.68,True,42.0,39.0
CUST10156,starter,ecommerce,999,2023-03-09,6,7,2,0.73,False,,
CUST10157,growth,fintech,2999,2023-06-01,13,6,2,0.54,False,,
CUST10158,starter,logistics,999,2023-06-17,37,4,7,0.16,True,37.0,35.0
CUST10159,growth,ecommerce,2999,2023-03-22,52,3,3,0.62,False,,
CUST10160,starter,edtech,999,2023-04-15,23,6,3,0.68,False,,
CUST10161,starter,ecommerce,999,2023-05-19,27,10,9,0.95,False,,
CUST10162,starter,logistics,999,2023-01-17,40,7,5,0.46,False,,
CUST10163,starter,logistics,999,2023-02-12,34,0,2,0.6,True,34.0,30.0
CUST10164,enterprise,ecommerce,19999,2023-05-30,8,9,6,0.5,False,,
CUST10165,starter,logistics,999,2023-06-24,8,10,10,0.12,True,8.0,5.0
CUST10166,starter,healthtech,999,2023-04-08,35,10,3,0.34,False,,
CUST10167,enterprise,logistics,19999,2023-06-01,40,1,6,0.26,False,,
CUST10168,growth,ecommerce,2999,2023-01-05,21,3,2,0.29,True,21.0,17.0
CUST10169,starter,healthtech,999,2023-06-04,41,5,8,0.27,True,41.0,37.0
CUST10170,starter,healthtech,999,2023-03-04,36,6,6,0.88,True,36.0,34.0
CUST10171,starter,healthtech,999,2023-01-03,14,7,5,0.92,True,14.0,12.0
CUST10172,starter,saas,999,2023-06-19,47,1,1,0.42,True,47.0,43.0
CUST10173,enterprise,fintech,19999,2023-04-24,13,3,7,0.75,False,,
CUST10174,pro,logistics,7999,2023-04-12,16,0,6,0.47,False,,
CUST10175,starter,healthtech,999,2023-05-31,52,2,4,0.28,False,,
CUST10176,enterprise,ecommerce,19999,2023-02-17,17,0,9,0.39,False,,
CUST10177,enterprise,edtech,19999,2023-03-25,9,9,6,0.51,True,9.0,5.0
CUST10178,starter,saas,999,2023-06-01,22,4,8,0.21,True,22.0,20.0
CUST10179,enterprise,edtech,19999,2023-06-17,28,5,7,0.52,False,,
CUST10180,growth,healthtech,2999,2023-01-18,18,1,3,0.54,False,,
CUST10181,enterprise,saas,19999,2023-05-16,49,7,5,0.75,False,,
CUST10182,starter,edtech,999,2023-04-02,42,5,6,0.21,True,42.0,39.0
CUST10183,starter,saas,999,2023-03-27,6,6,1,0.93,False,,
CUST10184,growth,logistics,2999,2023-06-05,26,2,9,0.11,False,,
CUST10185,starter,ecommerce,999,2023-06-02,28,7,7,0.52,True,28.0,24.0
CUST10186,growth,logistics,2999,2023-02-25,41,8,9,0.82,False,,
CUST10187,enterprise,fintech,19999,2023-05-14,11,10,7,0.34,False,,
CUST10188,growth,saas,2999,2023-01-27,17,2,3,0.7,True,17.0,13.0
CUST10189,growth,saas,2999,2023-03-12,33,5,8,0.93,False,,
CUST10190,starter,edtech,999,2023-05-13,47,7,2,0.53,False,,
CUST10191,pro,fintech,7999,2023-04-01,6,4,7,0.43,False,,
CUST10192,starter,saas,999,2023-04-27,26,10,10,0.66,False,,
CUST10193,enterprise,ecommerce,19999,2023-03-26,38,4,10,0.63,False,,
CUST10194,enterprise,edtech,19999,2023-01-20,7,5,2,0.81,False,,
CUST10195,pro,fintech,7999,2023-03-20,36,9,10,0.33,False,,
CUST10196,pro,fintech,7999,2023-03-11,49,8,8,0.15,False,,
CUST10197,growth,ecommerce,2999,2023-02-16,5,4,4,0.61,True,5.0,2.0
CUST10198,growth,saas,2999,2023-04-07,44,7,4,0.57,False,,
CUST10199,starter,fintech,999,2023-03-31,35,5,3,0.2,False,,
CUST10200,growth,fintech,2999,2023-02-06,20,7,1,0.35,True,20.0,16.0
CUST10201,pro,healthtech,7999,2023-02-22,25,9,8,0.66,False,,
CUST10202,pro,saas,7999,2023-06-07,11,4,7,0.42,False,,
CUST10203,starter,edtech,999,2023-06-07,46,6,10,0.34,True,46.0,44.0
CUST10204,starter,logistics,999,2023-02-25,38,2,9,0.58,False,,
CUST10205,starter,saas,999,2023-06-17,20,5,10,0.81,False,,
CUST10206,starter,edtech,999,2023-05-30,39,4,8,0.13,False,,
CUST10207,starter,logistics,999,2023-01-11,33,2,1,0.48,True,33.0,29.0
CUST10208,starter,saas,999,2023-04-27,6,7,10,0.17,False,,
CUST10209,pro,saas,7999,2023-05-13,26,4,2,0.98,False,,
CUST10210,starter,healthtech,999,2023-02-27,30,2,3,0.28,False,,
CUST10211,starter,saas,999,2023-06-25,30,9,1,0.41,False,,
CUST10212,starter,ecommerce,999,2023-05-10,19,4,3,0.29,False,,
CUST10213,starter,logistics,999,2023-01-26,23,1,1,0.36,True,23.0,20.0
CUST10214,starter,saas,999,2023-06-09,35,5,5,0.82,True,35.0,31.0
CUST10215,pro,logistics,7999,2023-05-15,30,0,4,0.69,True,30.0,27.0
CUST10216,growth,ecommerce,2999,2023-06-14,51,0,9,0.62,False,,
CUST10217,growth,fintech,2999,2023-02-25,30,1,8,0.3,False,,
CUST10218,starter,ecommerce,999,2023-04-11,40,10,2,0.88,False,,
CUST10219,starter,ecommerce,999,2023-02-04,46,9,1,0.82,True,46.0,42.0
CUST10220,starter,fintech,999,2023-02-06,5,4,8,0.37,True,5.0,2.0
CUST10221,starter,edtech,999,2023-04-17,8,3,3,0.23,True,8.0,4.0
CUST10222,growth,fintech,2999,2023-06-01,29,2,7,0.75,False,,
CUST10223,growth,fintech,2999,2023-03-11,9,1,10,0.11,True,9.0,5.0
CUST10224,enterprise,fintech,19999,2023-06-12,43,2,9,0.9,False,,
CUST10225,growth,healthtech,2999,2023-02-04,32,4,10,0.61,False,,
CUST10226,growth,fintech,2999,2023-01-14,47,3,7,0.66,True,47.0,44.0
CUST10227,growth,healthtech,2999,2023-06-13,51,3,7,0.6,False,,
CUST10228,starter,saas,999,2023-03-04,23,6,8,0.96,True,23.0,19.0
CUST10229,starter,edtech,999,2023-03-01,26,7,5,0.68,True,26.0,23.0
CUST10230,starter,ecommerce,999,2023-02-03,26,9,2,0.77,True,26.0,24.0
CUST10231,starter,healthtech,999,2023-06-20,44,5,10,0.2,True,44.0,42.0
CUST10232,starter,ecommerce,999,2023-01-25,21,5,9,0.79,True,21.0,19.0
CUST10233,enterprise,ecommerce,19999,2023-01-22,28,6,5,0.6,True,28.0,25.0
CUST10234,starter,healthtech,999,2023-05-01,14,5,2,0.81,False,,
CUST10235,growth,ecommerce,2999,2023-06-28,32,1,4,0.26,True,32.0,28.0
CUST10236,starter,fintech,999,2023-06-05,6,2,6,0.18,False,,
CUST10237,starter,healthtech,999,2023-04-02,15,4,6,0.35,False,,
CUST10238,starter,healthtech,999,2023-06-23,12,6,1,0.87,True,12.0,9.0
CUST10239,pro,fintech,7999,2023-03-17,34,0,4,0.75,True,34.0,32.0
CUST10240,growth,logistics,2999,2023-04-05,16,5,9,0.19,False,,
CUST10241,growth,saas,2999,2023-01-28,6,10,9,0.4,False,,
CUST10242,starter,edtech,999,2023-01-03,42,8,1,0.11,False,,
CUST10243,starter,ecommerce,999,2023-04-28,27,4,5,0.76,False,,
CUST10244,pro,edtech,7999,2023-05-29,47,7,5,0.48,False,,
CUST10245,starter,fintech,999,2023-03-23,41,6,3,0.41,False,,
CUST10246,pro,healthtech,7999,2023-02-09,43,2,4,0.15,False,,
CUST10247,starter,fintech,999,2023-04-06,13,2,9,0.82,True,13.0,11.0
CUST10248,starter,saas,999,2023-04-01,19,0,3,0.11,False,,
CUST10249,starter,ecommerce,999,2023-01-31,11,6,2,0.19,False,,
CUST10250,pro,fintech,7999,2023-05-17,37,10,1,0.77,True,37.0,34.0
CUST10251,starter,saas,999,2023-06-21,26,9,10,0.76,True,26.0,23.0
CUST10252,growth,edtech,2999,2023-01-10,14,9,10,0.23,False,,
CUST10253,growth,edtech,2999,2023-05-03,35,1,1,0.53,False,,
CUST10254,starter,ecommerce,999,2023-03-09,16,5,4,0.37,False,,
CUST10255,starter,edtech,999,2023-03-30,52,8,1,0.76,True,52.0,49.0
CUST10256,starter,healthtech,999,2023-01-29,26,3,7,0.42,False,,
CUST10257,starter,fintech,999,2023-02-09,44,8,1,0.34,True,44.0,40.0
CUST10258,starter,saas,999,2023-01-06,44,10,9,0.78,False,,
CUST10259,starter,ecommerce,999,2023-06-17,11,10,5,0.73,True,11.0,8.0
CUST10260,starter,fintech,999,2023-01-30,16,10,7,0.85,True,16.0,12.0
CUST10261,pro,edtech,7999,2023-01-08,8,7,3,0.29,False,,
CUST10262,enterprise,saas,19999,2023-06-25,41,0,2,0.3,False,,
CUST10263,starter,ecommerce,999,2023-04-13,24,3,9,0.97,True,24.0,22.0
CUST10264,pro,ecommerce,7999,2023-01-27,19,5,8,0.79,False,,
CUST10265,starter,logistics,999,2023-04-05,37,4,1,0.48,False,,
CUST10266,growth,saas,2999,2023-03-09,23,8,3,0.72,True,23.0,20.0
CUST10267,starter,edtech,999,2023-04-20,34,1,6,0.31,True,34.0,31.0
CUST10268,starter,edtech,999,2023-01-06,16,7,3,0.71,False,,
CUST10269,enterprise,fintech,19999,2023-03-10,6,4,9,0.16,False,,
CUST10270,pro,fintech,7999,2023-03-16,47,6,3,0.3,True,47.0,44.0
CUST10271,starter,saas,999,2023-04-22,21,1,4,0.43,True,21.0,19.0
CUST10272,pro,fintech,7999,2023-05-04,51,4,10,0.39,False,,
CUST10273,pro,fintech,7999,2023-04-03,37,7,10,0.2,False,,
CUST10274,growth,ecommerce,2999,2023-06-19,35,0,10,0.32,False,,
CUST10275,starter,ecommerce,999,2023-06-01,11,2,3,0.9,True,11.0,7.0
CUST10276,enterprise,fintech,19999,2023-01-09,17,0,1,0.1,False,,
CUST10277,pro,ecommerce,7999,2023-03-29,18,1,8,0.2,False,,
CUST10278,growth,ecommerce,2999,2023-02-21,22,4,4,0.21,False,,
CUST10279,growth,edtech,2999,2023-06-28,49,2,6,0.21,False,,
CUST10280,growth,ecommerce,2999,2023-03-01,30,8,5,0.18,True,30.0,26.0
CUST10281,starter,healthtech,999,2023-06-30,4,6,3,1.0,True,4.0,1.0
CUST10282,growth,healthtech,2999,2023-03-25,30,1,8,0.81,False,,
CUST10283,growth,logistics,2999,2023-05-31,24,9,9,0.63,True,24.0,22.0
CUST10284,starter,healthtech,999,2023-06-17,16,1,4,0.93,False,,
CUST10285,pro,ecommerce,7999,2023-01-11,24,3,6,0.78,False,,
CUST10286,starter,fintech,999,2023-05-31,33,9,1,0.13,True,33.0,29.0
CUST10287,pro,saas,7999,2023-04-04,30,4,10,0.99,False,,
CUST10288,growth,edtech,2999,2023-02-10,26,6,7,0.17,False,,
CUST10289,enterprise,logistics,19999,2023-05-12,22,1,6,0.75,False,,
CUST10290,enterprise,edtech,19999,2023-01-28,51,6,3,1.0,False,,
CUST10291,enterprise,ecommerce,19999,2023-03-02,11,2,4,0.28,False,,
CUST10292,starter,logistics,999,2023-03-03,43,7,5,0.21,True,43.0,40.0
CUST10293,starter,healthtech,999,2023-01-28,16,2,8,0.64,False,,
CUST10294,starter,ecommerce,999,2023-03-05,10,4,9,0.86,True,10.0,7.0
CUST10295,pro,healthtech,7999,2023-03-09,4,10,10,0.51,False,,
CUST10296,growth,edtech,2999,2023-05-21,52,5,7,0.84,True,52.0,48.0
CUST10297,starter,fintech,999,2023-02-24,12,4,8,0.45,False,,
CUST10298,enterprise,logistics,19999,2023-04-02,35,10,6,0.49,False,,
CUST10299,enterprise,healthtech,19999,2023-04-01,25,5,4,0.67,False,,
CUST10300,growth,fintech,2999,2023-02-27,51,1,7,0.56,True,51.0,47.0
CUST10301,growth,ecommerce,2999,2023-03-13,7,4,4,0.16,False,,
CUST10302,pro,logistics,7999,2023-02-15,9,8,3,0.49,False,,
CUST10303,growth,ecommerce,2999,2023-05-19,23,4,8,0.23,False,,
CUST10304,starter,logistics,999,2023-06-01,50,8,7,0.4,True,50.0,47.0
CUST10305,enterprise,saas,19999,2023-03-31,40,3,1,0.94,False,,
CUST10306,growth,ecommerce,2999,2023-05-18,36,6,10,0.36,False,,
CUST10307,growth,ecommerce,2999,2023-02-02,39,0,6,0.76,False,,
CUST10308,starter,fintech,999,2023-04-24,50,2,7,0.64,False,,
CUST10309,pro,healthtech,7999,2023-06-27,7,3,2,0.72,False,,
CUST10310,starter,ecommerce,999,2023-01-28,33,2,3,0.82,False,,
CUST10311,starter,logistics,999,2023-02-20,48,9,8,0.9,True,48.0,45.0
CUST10312,growth,edtech,2999,2023-03-19,15,5,9,0.87,False,,
CUST10313,growth,logistics,2999,2023-06-06,11,8,8,0.45,False,,
CUST10314,pro,logistics,7999,2023-03-21,42,10,7,0.83,True,42.0,40.0
CUST10315,pro,fintech,7999,2023-03-10,20,0,6,0.88,False,,
CUST10316,growth,fintech,2999,2023-04-06,4,10,2,0.66,False,,
CUST10317,growth,healthtech,2999,2023-02-16,30,0,2,0.17,False,,
CUST10318,pro,fintech,7999,2023-01-20,36,4,7,0.92,False,,
CUST10319,enterprise,logistics,19999,2023-03-26,50,0,4,0.43,False,,
CUST10320,starter,fintech,999,2023-04-06,34,1,7,0.46,False,,
CUST10321,growth,logistics,2999,2023-04-18,45,5,9,0.99,False,,
CUST10322,starter,fintech,999,2023-02-10,31,10,5,0.95,False,,
CUST10323,growth,fintech,2999,2023-02-11,48,4,8,0.35,True,48.0,44.0
CUST10324,enterprise,edtech,19999,2023-04-20,23,6,3,0.7,True,23.0,21.0
CUST10325,growth,edtech,2999,2023-05-03,33,8,8,0.93,False,,
CUST10326,starter,ecommerce,999,2023-04-17,24,4,6,0.93,False,,
CUST10327,enterprise,saas,19999,2023-03-31,52,7,9,0.49,False,,
CUST10328,starter,edtech,999,2023-04-14,16,9,5,0.71,False,,
CUST10329,starter,saas,999,2023-03-25,12,5,10,0.21,True,12.0,9.0
CUST10330,starter,fintech,999,2023-03-12,20,3,1,0.17,False,,
CUST10331,starter,logistics,999,2023-01-12,18,6,9,0.89,True,18.0,15.0
CUST10332,starter,logistics,999,2023-04-27,46,8,1,0.25,True,46.0,44.0
CUST10333,pro,saas,7999,2023-04-16,4,6,6,0.16,True,4.0,1.0
CUST10334,starter,edtech,999,2023-02-01,36,3,9,0.48,False,,
CUST10335,pro,logistics,7999,2023-06-03,30,8,6,0.69,True,30.0,28.0
CUST10336,starter,healthtech,999,2023-03-11,21,10,8,0.89,True,21.0,17.0
CUST10337,starter,logistics,999,2023-06-20,32,1,7,0.35,False,,
CUST10338,starter,saas,999,2023-05-19,9,1,5,0.58,False,,
CUST10339,enterprise,fintech,19999,2023-02-19,18,7,5,0.3,True,18.0,14.0
CUST10340,growth,logistics,2999,2023-06-20,31,1,5,0.59,False,,
CUST10341,growth,saas,2999,2023-06-01,48,3,6,0.96,False,,
CUST10342,starter,saas,999,2023-05-12,10,0,5,0.86,False,,
CUST10343,starter,fintech,999,2023-06-25,16,3,8,0.37,False,,
CUST10344,pro,logistics,7999,2023-02-03,33,4,8,0.59,False,,
CUST10345,starter,saas,999,2023-04-21,44,1,1,0.87,False,,
CUST10346,pro,fintech,7999,2023-02-14,48,10,10,0.56,False,,
CUST10347,growth,logistics,2999,2023-03-26,12,1,6,0.92,False,,
CUST10348,growth,saas,2999,2023-05-28,31,1,2,0.23,True,31.0,27.0
CUST10349,growth,ecommerce,2999,2023-03-08,32,8,3,0.79,False,,
CUST10350,starter,fintech,999,2023-02-12,19,5,10,0.14,True,19.0,15.0
CUST10351,growth,logistics,2999,2023-06-10,41,7,4,0.79,False,,
CUST10352,enterprise,logistics,19999,2023-05-16,19,3,1,0.35,True,19.0,16.0
CUST10353,pro,healthtech,7999,2023-04-27,51,10,1,0.76,False,,
CUST10354,pro,saas,7999,2023-05-10,30,1,5,0.2,False,,
CUST10355,growth,saas,2999,2023-05-04,45,9,8,0.68,False,,
CUST10356,starter,ecommerce,999,2023-06-16,25,7,1,0.94,True,25.0,22.0
CUST10357,growth,ecommerce,2999,2023-03-20,49,1,8,0.11,False,,
CUST10358,growth,fintech,2999,2023-01-04,42,7,2,0.76,False,,
CUST10359,pro,ecommerce,7999,2023-04-01,22,1,4,0.72,False,,
CUST10360,pro,logistics,7999,2023-05-14,16,9,10,0.67,True,16.0,13.0
CUST10361,growth,logistics,2999,2023-06-05,31,8,2,0.12,False,,
CUST10362,growth,saas,2999,2023-02-28,16,3,8,0.63,False,,
CUST10363,growth,logistics,2999,2023-05-15,41,9,4,0.68,False,,
CUST10364,growth,saas,2999,2023-04-07,13,6,4,0.45,False,,
CUST10365,starter,fintech,999,2023-04-21,16,8,8,0.54,True,16.0,13.0
CUST10366,pro,edtech,7999,2023-02-07,49,6,2,0.25,False,,
CUST10367,growth,logistics,2999,2023-05-18,44,3,3,0.45,False,,
CUST10368,enterprise,logistics,19999,2023-06-09,38,8,1,0.32,False,,
CUST10369,pro,fintech,7999,2023-01-26,15,7,9,0.16,False,,
CUST10370,starter,fintech,999,2023-05-27,15,1,9,0.51,False,,
CUST10371,starter,healthtech,999,2023-01-23,46,2,8,0.17,True,46.0,43.0
CUST10372,starter,fintech,999,2023-02-25,22,3,9,0.6,False,,
CUST10373,growth,saas,2999,2023-03-14,9,10,3,0.22,True,9.0,7.0
CUST10374,starter,fintech,999,2023-01-28,11,3,4,0.64,False,,
CUST10375,growth,ecommerce,2999,2023-03-20,7,1,6,0.53,True,7.0,4.0
CUST10376,starter,ecommerce,999,2023-04-13,34,7,1,0.4,True,34.0,30.0
CUST10377,growth,saas,2999,2023-04-09,5,5,9,0.15,False,,
CUST10378,growth,logistics,2999,2023-06-11,22,7,9,0.88,True,22.0,19.0
CUST10379,growth,ecommerce,2999,2023-02-01,34,8,10,0.94,True,34.0,30.0
CUST10380,pro,edtech,7999,2023-05-15,7,6,2,0.21,False,,
CUST10381,starter,saas,999,2023-03-16,32,8,7,0.84,True,32.0,29.0
CUST10382,starter,ecommerce,999,2023-01-04,14,8,4,0.1,False,,
CUST10383,starter,saas,999,2023-05-09,21,0,10,0.73,False,,
CUST10384,growth,fintech,2999,2023-04-14,29,4,7,0.15,False,,
CUST10385,pro,logistics,7999,2023-01-29,11,7,5,0.91,True,11.0,7.0
CUST10386,starter,saas,999,2023-01-30,26,9,6,0.88,True,26.0,24.0
CUST10387,starter,saas,999,2023-01-13,31,9,3,0.18,False,,
CUST10388,pro,healthtech,7999,2023-01-21,12,2,7,0.22,False,,
CUST10389,starter,healthtech,999,2023-04-21,28,6,3,0.66,False,,
CUST10390,starter,saas,999,2023-03-28,40,6,2,0.13,True,40.0,38.0
CUST10391,growth,logistics,2999,2023-05-08,6,1,5,0.82,False,,
CUST10392,starter,healthtech,999,2023-06-15,13,4,3,0.69,False,,
CUST10393,growth,healthtech,2999,2023-03-09,36,7,6,0.7,False,,
CUST10394,growth,ecommerce,2999,2023-01-05,34,8,10,0.68,False,,
CUST10395,enterprise,edtech,19999,2023-01-02,38,6,2,0.11,True,38.0,34.0
CUST10396,starter,healthtech,999,2023-04-08,12,7,10,0.11,True,12.0,8.0
CUST10397,growth,ecommerce,2999,2023-01-18,4,6,1,0.13,True,4.0,1.0
CUST10398,growth,ecommerce,2999,2023-06-03,43,1,7,0.34,False,,
CUST10399,starter,fintech,999,2023-02-17,48,5,3,0.5,False,,
CUST10400,pro,logistics,7999,2023-01-14,36,0,2,0.42,False,,
CUST10401,pro,healthtech,7999,2023-02-04,29,2,10,0.58,True,29.0,26.0
CUST10402,growth,saas,2999,2023-04-11,9,3,10,0.66,False,,
CUST10403,starter,saas,999,2023-01-14,19,4,6,0.67,False,,
CUST10404,starter,saas,999,2023-02-22,17,10,6,0.85,False,,
CUST10405,starter,fintech,999,2023-05-14,45,4,1,0.28,False,,
CUST10406,pro,saas,7999,2023-02-28,46,3,9,0.15,False,,
CUST10407,pro,edtech,7999,2023-01-02,18,2,8,0.3,False,,
CUST10408,starter,healthtech,999,2023-02-11,26,5,7,0.42,True,26.0,22.0
CUST10409,growth,fintech,2999,2023-03-27,52,8,4,0.67,False,,
CUST10410,pro,fintech,7999,2023-06-23,11,6,3,0.37,False,,
CUST10411,starter,edtech,999,2023-06-25,42,2,1,0.71,True,42.0,40.0
CUST10412,starter,healthtech,999,2023-06-06,29,10,5,0.87,True,29.0,25.0
CUST10413,pro,healthtech,7999,2023-02-27,13,0,8,0.64,False,,
CUST10414,enterprise,saas,19999,2023-04-25,49,9,5,0.13,False,,
CUST10415,starter,fintech,999,2023-03-18,29,5,4,0.56,False,,
CUST10416,enterprise,saas,19999,2023-04-09,19,4,1,0.99,False,,
CUST10417,starter,fintech,999,2023-06-22,48,7,6,0.33,True,48.0,45.0
CUST10418,starter,fintech,999,2023-02-12,24,3,8,0.12,False,,
CUST10419,starter,healthtech,999,2023-01-06,24,9,9,0.77,False,,
CUST10420,enterprise,ecommerce,19999,2023-02-22,29,2,10,0.49,False,,
CUST10421,starter,logistics,999,2023-05-20,36,1,5,0.66,False,,
CUST10422,starter,saas,999,2023-02-09,16,5,8,0.95,False,,
CUST10423,starter,fintech,999,2023-01-24,49,3,2,0.69,False,,
CUST10424,starter,logistics,999,2023-02-09,29,7,8,0.96,False,,
CUST10425,growth,saas,2999,2023-02-14,16,3,5,0.18,True,16.0,14.0
CUST10426,starter,saas,999,2023-01-24,20,5,7,0.76,False,,
CUST10427,starter,edtech,999,2023-06-16,52,2,2,0.97,False,,
CUST10428,growth,ecommerce,2999,2023-01-04,30,0,5,0.34,True,30.0,27.0
CUST10429,starter,fintech,999,2023-01-19,46,6,6,0.52,False,,
CUST10430,starter,edtech,999,2023-04-06,41,1,6,0.73,False,,
CUST10431,pro,saas,7999,2023-04-24,27,0,2,0.25,False,,
CUST10432,starter,edtech,999,2023-05-29,10,7,10,0.61,False,,
CUST10433,pro,logistics,7999,2023-03-07,22,10,1,0.81,False,,
CUST10434,growth,fintech,2999,2023-04-11,44,0,10,0.98,False,,
CUST10435,growth,saas,2999,2023-01-09,17,2,10,0.75,True,17.0,15.0
CUST10436,starter,edtech,999,2023-03-04,39,10,9,0.12,True,39.0,37.0
CUST10437,starter,ecommerce,999,2023-05-26,38,8,3,0.97,False,,
CUST10438,starter,edtech,999,2023-05-19,7,6,1,0.93,False,,
CUST10439,starter,healthtech,999,2023-04-28,14,1,5,0.73,False,,
CUST10440,starter,logistics,999,2023-01-30,24,1,2,0.71,True,24.0,22.0
CUST10441,starter,fintech,999,2023-03-22,13,10,1,0.68,False,,
CUST10442,growth,fintech,2999,2023-01-03,46,2,6,0.37,False,,
CUST10443,growth,healthtech,2999,2023-06-22,52,6,2,0.23,False,,
CUST10444,growth,ecommerce,2999,2023-03-29,30,7,8,0.71,True,30.0,28.0
CUST10445,enterprise,ecommerce,19999,2023-05-31,20,7,4,0.78,False,,
CUST10446,enterprise,edtech,19999,2023-01-13,41,8,8,0.35,False,,
CUST10447,pro,fintech,7999,2023-02-11,14,7,8,0.54,True,14.0,10.0
CUST10448,growth,ecommerce,2999,2023-01-18,51,0,6,0.18,False,,
CUST10449,enterprise,logistics,19999,2023-02-22,28,2,2,0.56,True,28.0,25.0
CUST10450,pro,healthtech,7999,2023-03-11,16,2,5,0.23,False,,
CUST10451,enterprise,healthtech,19999,2023-03-18,21,7,6,0.3,False,,
CUST10452,starter,ecommerce,999,2023-02-09,46,3,9,0.83,True,46.0,42.0
CUST10453,starter,ecommerce,999,2023-01-09,18,5,8,0.64,False,,
CUST10454,enterprise,edtech,19999,2023-04-05,19,5,4,0.29,False,,
CUST10455,pro,fintech,7999,2023-05-23,13,1,9,0.64,False,,
CUST10456,starter,edtech,999,2023-02-12,5,6,9,0.6,False,,
CUST10457,starter,saas,999,2023-06-14,49,5,7,0.79,True,49.0,46.0
CUST10458,growth,saas,2999,2023-06-21,9,7,2,0.5,True,9.0,6.0
CUST10459,starter,fintech,999,2023-05-13,9,9,5,0.78,False,,
CUST10460,pro,healthtech,7999,2023-01-21,22,1,4,0.15,False,,
CUST10461,growth,fintech,2999,2023-06-23,19,0,4,0.69,False,,
CUST10462,starter,ecommerce,999,2023-01-27,5,9,6,0.52,True,5.0,2.0
CUST10463,pro,healthtech,7999,2023-06-23,46,7,4,0.3,False,,
CUST10464,growth,saas,2999,2023-03-24,13,4,1,0.98,True,13.0,9.0
CUST10465,pro,saas,7999,2023-04-28,37,3,10,0.52,True,37.0,34.0
CUST10466,starter,healthtech,999,2023-04-21,5,0,6,0.25,False,,
CUST10467,enterprise,healthtech,19999,2023-02-17,20,9,9,0.23,True,20.0,18.0
CUST10468,pro,edtech,7999,2023-02-19,39,2,6,0.18,False,,
CUST10469,growth,ecommerce,2999,2023-05-06,37,0,8,0.93,True,37.0,35.0
CUST10470,growth,edtech,2999,2023-01-22,44,10,3,0.39,False,,
CUST10471,starter,ecommerce,999,2023-03-20,25,7,2,0.21,False,,
CUST10472,growth,healthtech,2999,2023-04-28,19,10,6,0.24,False,,
CUST10473,starter,ecommerce,999,2023-01-08,37,7,10,0.72,True,37.0,35.0
CUST10474,growth,saas,2999,2023-04-15,7,7,6,0.11,True,7.0,3.0
CUST10475,growth,ecommerce,2999,2023-04-08,16,3,3,0.2,True,16.0,14.0
CUST10476,growth,healthtech,2999,2023-01-30,40,5,3,0.95,False,,
CUST10477,starter,logistics,999,2023-05-30,15,9,6,0.71,False,,
CUST10478,enterprise,edtech,19999,2023-04-21,37,10,2,0.66,True,37.0,33.0
CUST10479,pro,logistics,7999,2023-05-04,50,1,1,0.48,False,,
CUST10480,starter,edtech,999,2023-01-09,8,4,2,0.11,True,8.0,6.0
CUST10481,growth,ecommerce,2999,2023-05-24,5,4,4,0.19,False,,
CUST10482,enterprise,logistics,19999,2023-04-24,24,6,2,0.99,False,,
CUST10483,pro,logistics,7999,2023-04-16,49,5,6,0.69,True,49.0,45.0
CUST10484,pro,fintech,7999,2023-02-28,42,3,9,0.93,False,,
CUST10485,starter,fintech,999,2023-05-10,37,4,7,0.77,True,37.0,35.0
CUST10486,growth,healthtech,2999,2023-01-15,19,5,3,0.79,True,19.0,17.0
CUST10487,starter,fintech,999,2023-04-25,10,8,9,0.52,False,,
CUST10488,growth,edtech,2999,2023-06-03,8,9,9,0.71,True,8.0,5.0
CUST10489,pro,fintech,7999,2023-03-19,9,0,7,0.63,False,,
CUST10490,starter,ecommerce,999,2023-03-08,15,5,3,0.77,True,15.0,11.0
CUST10491,pro,edtech,7999,2023-01-27,30,9,9,0.88,True,30.0,26.0
CUST10492,starter,logistics,999,2023-04-09,11,2,3,0.89,True,11.0,9.0
CUST10493,starter,healthtech,999,2023-01-08,25,4,2,0.58,False,,
CUST10494,growth,ecommerce,2999,2023-03-07,39,7,7,0.52,False,,
CUST10495,growth,ecommerce,2999,2023-06-23,46,6,1,0.58,True,46.0,44.0
CUST10496,pro,healthtech,7999,2023-06-03,5,1,4,0.35,False,,
CUST10497,pro,ecommerce,7999,2023-05-26,41,5,1,0.85,False,,
CUST10498,starter,ecommerce,999,2023-02-17,34,8,6,0.99,True,34.0,30.0
CUST10499,pro,saas,7999,2023-06-20,11,0,4,0.35,False,,
CUST10500,pro,saas,7999,2023-03-09,6,2,10,0.17,False,,
CUST10501,pro,healthtech,7999,2023-06-06,46,1,10,0.13,False,,
CUST10502,starter,fintech,999,2023-06-24,6,9,1,0.97,False,,
CUST10503,growth,logistics,2999,2023-06-13,44,8,5,0.75,False,,
CUST10504,starter,fintech,999,2023-01-09,51,0,1,0.73,True,51.0,48.0
CUST10505,growth,edtech,2999,2023-01-08,9,0,10,0.45,False,,
CUST10506,growth,logistics,2999,2023-04-03,22,7,2,0.99,False,,
CUST10507,enterprise,healthtech,19999,2023-05-15,27,10,6,0.26,False,,
CUST10508,growth,saas,2999,2023-01-19,6,10,9,0.49,True,6.0,2.0
CUST10509,pro,edtech,7999,2023-03-20,23,4,5,0.37,False,,
CUST10510,starter,edtech,999,2023-01-18,40,8,6,0.57,False,,
CUST10511,pro,logistics,7999,2023-02-20,23,4,2,0.91,False,,
CUST10512,starter,saas,999,2023-02-25,5,5,4,0.32,True,5.0,3.0
CUST10513,starter,fintech,999,2023-02-20,50,1,2,0.87,True,50.0,46.0
CUST10514,starter,saas,999,2023-05-29,46,9,9,0.24,False,,
CUST10515,growth,ecommerce,2999,2023-01-21,43,3,6,0.31,False,,
CUST10516,starter,edtech,999,2023-02-21,10,0,5,0.63,True,10.0,8.0
CUST10517,starter,fintech,999,2023-01-13,48,0,4,0.15,False,,
CUST10518,growth,logistics,2999,2023-04-09,14,8,3,0.73,True,14.0,10.0
CUST10519,growth,ecommerce,2999,2023-01-16,48,7,5,0.78,True,48.0,44.0
CUST10520,enterprise,saas,19999,2023-03-16,52,5,7,0.43,False,,
CUST10521,enterprise,healthtech,19999,2023-05-24,39,1,7,0.77,False,,
CUST10522,starter,edtech,999,2023-03-27,31,6,5,0.93,True,31.0,29.0
CUST10523,starter,ecommerce,999,2023-06-21,22,4,1,0.35,True,22.0,18.0
CUST10524,enterprise,edtech,19999,2023-01-13,28,5,6,0.67,False,,
CUST10525,growth,fintech,2999,2023-06-17,28,1,9,0.98,False,,
CUST10526,starter,healthtech,999,2023-01-12,15,9,3,0.16,True,15.0,12.0
CUST10527,growth,logistics,2999,2023-04-09,51,8,7,0.61,True,51.0,47.0
CUST10528,growth,saas,2999,2023-01-25,15,8,3,0.88,False,,
CUST10529,growth,healthtech,2999,2023-01-03,9,0,10,0.8,False,,
CUST10530,starter,fintech,999,2023-02-05,35,2,6,0.34,True,35.0,33.0
CUST10531,starter,fintech,999,2023-03-22,11,0,6,0.1,False,,
CUST10532,pro,healthtech,7999,2023-01-01,24,3,8,0.45,False,,
CUST10533,enterprise,fintech,19999,2023-05-05,31,9,4,0.24,False,,
CUST10534,starter,saas,999,2023-02-27,11,4,2,0.76,False,,
CUST10535,starter,logistics,999,2023-06-29,41,6,6,0.7,False,,
CUST10536,starter,ecommerce,999,2023-03-16,22,3,6,0.82,False,,
CUST10537,starter,saas,999,2023-06-10,44,7,7,0.11,True,44.0,41.0
CUST10538,pro,edtech,7999,2023-05-07,52,6,3,0.59,False,,
CUST10539,starter,healthtech,999,2023-01-31,17,2,7,0.23,False,,
CUST10540,starter,logistics,999,2023-04-18,19,4,9,0.65,False,,
CUST10541,starter,logistics,999,2023-04-02,15,1,6,0.94,True,15.0,11.0
CUST10542,growth,ecommerce,2999,2023-06-22,34,3,2,0.34,True,34.0,31.0
CUST10543,starter,edtech,999,2023-02-06,24,0,1,0.76,False,,
CUST10544,pro,saas,7999,2023-03-08,36,7,6,0.49,False,,
CUST10545,starter,fintech,999,2023-05-23,4,2,9,0.13,False,,
CUST10546,starter,fintech,999,2023-01-02,26,9,6,0.86,False,,
CUST10547,pro,ecommerce,7999,2023-05-14,13,7,8,0.59,False,,
CUST10548,growth,saas,2999,2023-04-17,44,4,4,0.63,False,,
CUST10549,growth,saas,2999,2023-06-03,19,3,7,0.55,False,,
CUST10550,starter,edtech,999,2023-06-14,51,2,6,0.93,False,,
CUST10551,starter,saas,999,2023-06-11,15,5,7,0.83,True,15.0,13.0
CUST10552,growth,fintech,2999,2023-03-01,51,0,4,0.81,False,,
CUST10553,starter,edtech,999,2023-06-09,8,8,2,0.73,True,8.0,6.0
CUST10554,growth,edtech,2999,2023-03-20,19,4,8,0.76,False,,
CUST10555,pro,fintech,7999,2023-03-27,28,7,8,0.26,False,,
CUST10556,starter,logistics,999,2023-01-10,32,2,8,0.42,True,32.0,29.0
CUST10557,starter,logistics,999,2023-04-02,50,9,6,0.81,False,,
CUST10558,enterprise,healthtech,19999,2023-06-30,8,4,2,0.33,False,,
CUST10559,starter,logistics,999,2023-01-15,38,1,6,0.93,True,38.0,36.0
CUST10560,starter,fintech,999,2023-02-22,41,10,9,0.58,True,41.0,39.0
CUST10561,enterprise,healthtech,19999,2023-02-27,29,2,1,0.52,False,,
CUST10562,growth,saas,2999,2023-01-31,8,3,3,0.64,True,8.0,6.0
CUST10563,pro,healthtech,7999,2023-05-21,11,5,2,0.31,False,,
CUST10564,pro,saas,7999,2023-01-12,47,1,5,0.34,True,47.0,43.0
CUST10565,starter,edtech,999,2023-06-25,11,9,1,0.52,False,,
CUST10566,pro,saas,7999,2023-03-04,7,4,4,1.0,False,,
CUST10567,growth,saas,2999,2023-06-05,13,2,7,0.59,False,,
CUST10568,starter,logistics,999,2023-02-26,37,2,3,0.62,False,,
CUST10569,enterprise,edtech,19999,2023-02-25,37,3,8,0.16,False,,
CUST10570,starter,fintech,999,2023-02-23,6,3,6,0.45,False,,
CUST10571,growth,saas,2999,2023-06-07,10,6,7,0.35,True,10.0,7.0
CUST10572,starter,logistics,999,2023-02-20,12,2,8,0.7,False,,
CUST10573,starter,edtech,999,2023-03-22,5,0,1,0.98,False,,
CUST10574,growth,logistics,2999,2023-04-14,10,6,1,0.75,True,10.0,7.0
CUST10575,starter,edtech,999,2023-01-31,24,8,3,0.93,False,,
CUST10576,enterprise,logistics,19999,2023-03-07,51,7,10,0.44,False,,
CUST10577,starter,fintech,999,2023-04-24,38,1,9,0.28,False,,
CUST10578,starter,ecommerce,999,2023-06-22,19,0,8,0.37,False,,
CUST10579,pro,fintech,7999,2023-04-16,4,0,6,0.5,False,,
CUST10580,growth,logistics,2999,2023-04-30,11,10,2,0.4,False,,
CUST10581,growth,saas,2999,2023-06-21,15,6,4,0.64,False,,
CUST10582,starter,healthtech,999,2023-04-01,40,4,8,0.34,True,40.0,37.0
CUST10583,starter,edtech,999,2023-03-25,24,7,10,0.98,True,24.0,22.0
CUST10584,growth,healthtech,2999,2023-05-30,44,4,1,0.12,True,44.0,41.0
CUST10585,starter,healthtech,999,2023-05-05,30,8,10,0.67,True,30.0,28.0
CUST10586,starter,logistics,999,2023-01-02,20,9,7,0.17,True,20.0,17.0
CUST10587,starter,healthtech,999,2023-02-12,7,7,1,0.78,True,7.0,4.0
CUST10588,growth,edtech,2999,2023-02-16,49,7,1,0.87,True,49.0,47.0
CUST10589,growth,logistics,2999,2023-05-26,10,4,8,0.91,False,,
CUST10590,pro,ecommerce,7999,2023-02-08,40,2,5,0.89,False,,
CUST10591,starter,healthtech,999,2023-06-20,16,1,2,0.66,True,16.0,13.0
CUST10592,pro,logistics,7999,2023-03-13,44,5,1,0.93,False,,
CUST10593,pro,fintech,7999,2023-03-17,19,0,1,0.78,False,,
CUST10594,starter,fintech,999,2023-01-07,16,4,6,0.36,True,16.0,12.0
CUST10595,enterprise,logistics,19999,2023-01-24,17,10,10,0.34,False,,
CUST10596,growth,logistics,2999,2023-06-07,22,4,7,0.15,True,22.0,19.0
CUST10597,pro,ecommerce,7999,2023-04-28,42,10,7,0.91,False,,
CUST10598,starter,ecommerce,999,2023-03-30,44,9,9,0.61,True,44.0,42.0
CUST10599,starter,logistics,999,2023-05-12,50,4,6,0.92,True,50.0,48.0
CUST10600,starter,edtech,999,2023-01-30,47,9,8,0.48,False,,
CUST10601,starter,logistics,999,2023-02-26,36,9,1,0.67,True,36.0,33.0
CUST10602,growth,logistics,2999,2023-02-24,44,5,4,0.36,True,44.0,40.0
CUST10603,growth,edtech,2999,2023-02-14,24,1,8,0.38,False,,
CUST10604,starter,logistics,999,2023-06-03,23,10,10,0.88,False,,
CUST10605,growth,edtech,2999,2023-05-02,40,9,5,0.37,False,,
CUST10606,starter,logistics,999,2023-03-12,23,2,8,0.38,False,,
CUST10607,starter,fintech,999,2023-05-21,11,1,6,0.52,False,,
CUST10608,starter,logistics,999,2023-05-02,17,9,8,0.69,False,,
CUST10609,growth,healthtech,2999,2023-06-01,45,5,4,0.17,False,,
CUST10610,starter,healthtech,999,2023-05-19,25,4,3,0.65,False,,
CUST10611,starter,saas,999,2023-03-20,16,1,7,0.47,False,,
CUST10612,enterprise,healthtech,19999,2023-03-05,48,6,8,0.32,False,,
CUST10613,growth,healthtech,2999,2023-04-22,43,1,10,0.21,False,,
CUST10614,starter,fintech,999,2023-04-26,44,0,9,0.74,False,,
CUST10615,enterprise,fintech,19999,2023-03-28,9,2,8,0.45,False,,
CUST10616,starter,ecommerce,999,2023-04-28,23,6,9,0.5,True,23.0,20.0
CUST10617,growth,fintech,2999,2023-02-15,49,8,4,0.32,False,,
CUST10618,enterprise,saas,19999,2023-02-26,10,5,8,0.37,False,,
CUST10619,starter,healthtech,999,2023-01-27,25,5,3,0.28,False,,
CUST10620,growth,fintech,2999,2023-02-28,51,4,4,0.75,False,,
CUST10621,starter,edtech,999,2023-06-11,32,6,7,1.0,False,,
CUST10622,starter,ecommerce,999,2023-02-06,42,9,5,0.79,False,,
CUST10623,growth,edtech,2999,2023-05-11,7,7,7,0.31,True,7.0,3.0
CUST10624,enterprise,logistics,19999,2023-01-24,47,8,9,0.22,False,,
CUST10625,starter,saas,999,2023-03-20,52,8,5,0.32,True,52.0,49.0
CUST10626,starter,edtech,999,2023-04-17,23,3,2,0.39,True,23.0,19.0
CUST10627,growth,saas,2999,2023-04-17,24,5,6,0.68,True,24.0,21.0
CUST10628,starter,fintech,999,2023-02-10,42,8,5,0.48,False,,
CUST10629,growth,edtech,2999,2023-01-06,46,7,5,0.29,True,46.0,42.0
CUST10630,enterprise,healthtech,19999,2023-04-15,13,0,3,0.3,False,,
CUST10631,enterprise,edtech,19999,2023-03-14,6,5,4,0.36,True,6.0,4.0
CUST10632,starter,logistics,999,2023-06-28,33,3,6,0.22,True,33.0,30.0
CUST10633,growth,healthtech,2999,2023-02-21,20,7,4,0.93,False,,
CUST10634,growth,ecommerce,2999,2023-02-26,26,3,3,0.39,False,,
CUST10635,growth,logistics,2999,2023-05-20,23,4,10,0.97,False,,
CUST10636,starter,ecommerce,999,2023-05-20,42,4,5,0.67,False,,
CUST10637,starter,logistics,999,2023-01-22,52,9,8,0.21,False,,
CUST10638,starter,ecommerce,999,2023-02-16,12,8,2,0.98,True,12.0,8.0
CUST10639,enterprise,saas,19999,2023-06-30,41,3,1,0.45,False,,
CUST10640,growth,saas,2999,2023-03-08,23,1,2,0.2,False,,
CUST10641,pro,fintech,7999,2023-04-12,20,7,4,0.78,False,,
CUST10642,pro,edtech,7999,2023-01-23,33,1,3,0.48,False,,
CUST10643,pro,ecommerce,7999,2023-04-18,44,0,8,0.3,False,,
CUST10644,starter,healthtech,999,2023-02-13,23,4,7,0.51,False,,
CUST10645,growth,fintech,2999,2023-05-16,6,1,9,0.74,False,,
CUST10646,growth,healthtech,2999,2023-02-14,27,2,4,0.43,False,,
CUST10647,starter,saas,999,2023-06-23,10,9,8,0.95,True,10.0,8.0
CUST10648,growth,ecommerce,2999,2023-04-23,32,9,4,0.92,True,32.0,28.0
CUST10649,starter,healthtech,999,2023-01-23,28,8,4,0.18,True,28.0,25.0
CUST10650,starter,ecommerce,999,2023-03-22,36,4,8,0.46,True,36.0,33.0
CUST10651,starter,logistics,999,2023-03-02,27,10,4,0.9,False,,
CUST10652,pro,saas,7999,2023-05-03,7,4,4,0.61,False,,
CUST10653,growth,logistics,2999,2023-05-14,40,5,3,0.55,False,,
CUST10654,starter,fintech,999,2023-01-31,8,4,2,0.38,True,8.0,6.0
CUST10655,growth,edtech,2999,2023-06-03,10,7,10,0.12,False,,
CUST10656,growth,edtech,2999,2023-04-02,14,1,4,0.36,False,,
CUST10657,pro,fintech,7999,2023-03-14,16,9,7,0.97,False,,
CUST10658,growth,logistics,2999,2023-04-06,23,5,3,0.99,False,,
CUST10659,enterprise,logistics,19999,2023-03-06,11,4,8,0.45,False,,
CUST10660,starter,saas,999,2023-03-13,41,0,1,1.0,True,41.0,37.0
CUST10661,starter,saas,999,2023-04-06,11,7,2,0.84,True,11.0,9.0
CUST10662,pro,ecommerce,7999,2023-06-06,32,0,3,0.4,False,,
CUST10663,enterprise,logistics,19999,2023-04-03,23,4,8,0.87,False,,
CUST10664,starter,logistics,999,2023-03-09,42,7,1,0.73,False,,
CUST10665,enterprise,ecommerce,19999,2023-05-03,36,1,9,0.77,False,,
CUST10666,starter,healthtech,999,2023-04-01,12,8,7,0.32,True,12.0,8.0
CUST10667,starter,ecommerce,999,2023-05-24,44,6,3,0.39,True,44.0,41.0
CUST10668,starter,saas,999,2023-02-16,12,7,5,0.44,True,12.0,8.0
CUST10669,pro,saas,7999,2023-06-14,13,4,8,0.92,False,,
CUST10670,starter,fintech,999,2023-01-21,40,1,10,0.44,True,40.0,37.0
CUST10671,starter,ecommerce,999,2023-04-20,52,7,10,0.71,True,52.0,50.0
CUST10672,growth,edtech,2999,2023-01-31,21,5,4,0.47,False,,
CUST10673,starter,logistics,999,2023-02-28,28,1,2,0.4,True,28.0,24.0
CUST10674,growth,logistics,2999,2023-01-05,13,4,9,0.28,False,,
CUST10675,enterprise,fintech,19999,2023-01-23,40,3,1,0.43,True,40.0,38.0
CUST10676,starter,fintech,999,2023-01-29,46,9,1,0.47,True,46.0,44.0
CUST10677,pro,saas,7999,2023-02-11,50,1,4,0.69,False,,
CUST10678,starter,fintech,999,2023-01-29,51,4,8,0.37,False,,
CUST10679,pro,ecommerce,7999,2023-04-19,9,4,9,0.17,False,,
CUST10680,pro,logistics,7999,2023-05-09,10,5,3,0.65,False,,
CUST10681,growth,healthtech,2999,2023-06-27,36,1,6,0.23,True,36.0,34.0
CUST10682,enterprise,saas,19999,2023-05-26,25,1,2,0.62,False,,
CUST10683,growth,saas,2999,2023-05-15,47,9,5,0.16,False,,
CUST10684,growth,edtech,2999,2023-05-11,21,0,8,0.47,False,,
CUST10685,starter,healthtech,999,2023-02-03,26,7,2,1.0,False,,
CUST10686,starter,healthtech,999,2023-06-28,13,1,5,0.27,False,,
CUST10687,pro,logistics,7999,2023-01-14,24,1,2,0.55,False,,
CUST10688,growth,edtech,2999,2023-06-17,39,3,4,0.51,False,,
CUST10689,starter,saas,999,2023-01-29,11,5,10,0.24,True,11.0,8.0
CUST10690,starter,fintech,999,2023-06-14,7,9,4,0.89,False,,
CUST10691,growth,ecommerce,2999,2023-02-21,30,5,6,0.27,False,,
CUST10692,growth,edtech,2999,2023-06-13,43,2,9,0.27,False,,
CUST10693,growth,logistics,2999,2023-03-04,7,4,6,0.86,True,7.0,4.0
CUST10694,growth,fintech,2999,2023-01-08,35,8,5,0.35,False,,
CUST10695,growth,edtech,2999,2023-02-14,23,0,4,0.99,False,,
CUST10696,starter,edtech,999,2023-06-18,18,0,4,0.68,False,,
CUST10697,starter,fintech,999,2023-04-05,10,1,8,0.4,False,,
CUST10698,growth,saas,2999,2023-01-08,39,6,10,0.57,False,,
CUST10699,growth,ecommerce,2999,2023-03-31,39,9,2,0.58,False,,
CUST10700,starter,saas,999,2023-02-11,10,10,4,0.16,True,10.0,8.0
CUST10701,growth,fintech,2999,2023-02-09,8,9,10,0.78,False,,
CUST10702,pro,fintech,7999,2023-03-14,18,6,6,0.54,False,,
CUST10703,starter,logistics,999,2023-02-17,11,2,8,0.91,True,11.0,9.0
CUST10704,enterprise,fintech,19999,2023-06-02,9,10,9,0.31,False,,
CUST10705,pro,healthtech,7999,2023-03-30,36,3,3,0.7,False,,
CUST10706,starter,logistics,999,2023-06-10,34,5,6,0.27,True,34.0,32.0
CUST10707,starter,ecommerce,999,2023-05-17,35,0,9,0.17,False,,
CUST10708,pro,fintech,7999,2023-06-18,21,9,7,0.67,False,,
CUST10709,pro,healthtech,7999,2023-02-08,25,4,2,0.79,False,,
CUST10710,starter,saas,999,2023-01-17,23,2,4,0.29,False,,
CUST10711,starter,saas,999,2023-06-14,36,2,4,0.28,False,,
CUST10712,starter,healthtech,999,2023-04-12,8,9,9,0.2,True,8.0,6.0
CUST10713,starter,healthtech,999,2023-03-13,22,2,5,0.52,False,,
CUST10714,growth,healthtech,2999,2023-03-30,40,4,3,0.32,False,,
CUST10715,starter,fintech,999,2023-02-09,36,2,3,0.72,True,36.0,33.0
CUST10716,starter,logistics,999,2023-03-31,14,5,8,0.53,True,14.0,11.0
CUST10717,enterprise,healthtech,19999,2023-04-08,32,8,3,0.82,False,,
CUST10718,enterprise,ecommerce,19999,2023-02-25,46,0,6,0.6,False,,
CUST10719,starter,fintech,999,2023-01-20,42,10,6,0.85,False,,
CUST10720,starter,saas,999,2023-06-12,24,0,1,0.68,False,,
CUST10721,starter,logistics,999,2023-03-09,39,8,7,0.43,True,39.0,36.0
CUST10722,enterprise,ecommerce,19999,2023-06-11,52,4,7,0.56,False,,
CUST10723,starter,logistics,999,2023-01-12,51,7,5,0.65,True,51.0,49.0
CUST10724,pro,edtech,7999,2023-01-23,18,6,4,0.66,True,18.0,15.0
CUST10725,starter,logistics,999,2023-01-20,41,0,2,0.37,False,,
CUST10726,starter,edtech,999,2023-03-20,44,3,7,0.57,True,44.0,40.0
CUST10727,enterprise,fintech,19999,2023-01-09,37,4,7,0.81,False,,
CUST10728,starter,fintech,999,2023-05-29,17,8,9,0.42,True,17.0,13.0
CUST10729,pro,ecommerce,7999,2023-06-25,19,7,8,0.29,False,,
CUST10730,starter,fintech,999,2023-02-21,9,8,8,0.92,False,,
CUST10731,pro,edtech,7999,2023-03-28,37,5,8,0.48,False,,
CUST10732,enterprise,saas,19999,2023-05-07,26,2,8,0.47,False,,
CUST10733,starter,logistics,999,2023-03-27,39,4,3,0.82,False,,
CUST10734,growth,edtech,2999,2023-03-27,23,5,4,0.22,False,,
CUST10735,enterprise,saas,19999,2023-03-05,17,3,9,0.81,False,,
CUST10736,pro,fintech,7999,2023-01-04,19,8,7,0.55,False,,
CUST10737,growth,edtech,2999,2023-04-06,21,4,10,0.51,False,,
CUST10738,enterprise,healthtech,19999,2023-02-24,10,1,4,0.98,True,10.0,8.0
CUST10739,pro,healthtech,7999,2023-05-23,33,9,3,0.75,False,,
CUST10740,growth,healthtech,2999,2023-04-23,6,3,3,0.75,False,,
CUST10741,growth,saas,2999,2023-05-23,11,4,4,0.62,True,11.0,9.0
CUST10742,growth,ecommerce,2999,2023-03-18,6,8,2,0.51,False,,
CUST10743,starter,logistics,999,2023-06-07,46,2,5,0.75,False,,
CUST10744,starter,saas,999,2023-05-14,46,9,8,0.18,True,46.0,42.0
CUST10745,pro,logistics,7999,2023-01-30,52,7,7,0.59,False,,
CUST10746,growth,fintech,2999,2023-06-28,50,7,5,0.51,True,50.0,48.0
CUST10747,growth,logistics,2999,2023-02-09,36,2,1,0.81,False,,
CUST10748,growth,healthtech,2999,2023-01-07,22,1,9,0.69,True,22.0,18.0
CUST10749,starter,saas,999,2023-02-06,20,0,8,0.84,False,,
CUST10750,growth,fintech,2999,2023-01-03,40,6,10,0.9,True,40.0,37.0
CUST10751,starter,saas,999,2023-05-11,4,6,4,0.1,False,,
CUST10752,enterprise,logistics,19999,2023-04-27,25,3,4,0.94,False,,
CUST10753,starter,ecommerce,999,2023-01-02,39,9,5,0.12,True,39.0,35.0
CUST10754,pro,fintech,7999,2023-02-05,44,0,8,0.38,False,,
CUST10755,pro,ecommerce,7999,2023-03-31,14,0,5,0.77,False,,
CUST10756,starter,healthtech,999,2023-02-23,26,4,3,0.27,False,,
CUST10757,growth,healthtech,2999,2023-05-02,48,5,3,0.91,False,,
CUST10758,starter,logistics,999,2023-04-17,43,0,8,0.98,False,,
CUST10759,starter,edtech,999,2023-06-17,41,2,10,0.68,False,,
CUST10760,growth,healthtech,2999,2023-01-13,25,1,10,0.33,False,,
CUST10761,growth,healthtech,2999,2023-05-12,8,1,10,0.8,False,,
CUST10762,growth,saas,2999,2023-02-06,34,10,7,0.78,False,,
CUST10763,growth,logistics,2999,2023-03-09,27,3,7,0.48,True,27.0,23.0
CUST10764,growth,logistics,2999,2023-05-19,18,2,5,0.53,True,18.0,16.0
CUST10765,starter,fintech,999,2023-04-04,18,5,3,0.35,True,18.0,14.0
CUST10766,growth,healthtech,2999,2023-02-04,14,8,6,0.97,False,,
CUST10767,starter,fintech,999,2023-03-05,44,10,6,0.17,False,,
CUST10768,growth,fintech,2999,2023-05-13,39,6,1,0.92,True,39.0,36.0
CUST10769,starter,ecommerce,999,2023-04-24,37,1,9,0.99,False,,
CUST10770,enterprise,saas,19999,2023-03-24,20,1,3,0.3,False,,
CUST10771,pro,healthtech,7999,2023-06-08,32,9,2,0.88,True,32.0,30.0
CUST10772,starter,logistics,999,2023-01-17,44,3,6,0.48,False,,
CUST10773,starter,logistics,999,2023-02-21,30,9,8,0.59,True,30.0,26.0
CUST10774,growth,healthtech,2999,2023-02-05,23,10,8,0.91,False,,
CUST10775,pro,ecommerce,7999,2023-02-25,34,7,4,0.59,False,,
CUST10776,enterprise,saas,19999,2023-02-04,4,8,5,0.96,False,,
CUST10777,growth,edtech,2999,2023-04-18,28,1,6,0.5,False,,
CUST10778,starter,edtech,999,2023-06-01,7,2,6,0.67,True,7.0,5.0
CUST10779,growth,fintech,2999,2023-04-16,48,2,1,0.63,False,,
CUST10780,pro,saas,7999,2023-01-10,19,7,3,0.74,False,,
CUST10781,starter,logistics,999,2023-05-22,30,2,2,0.18,True,30.0,27.0
CUST10782,starter,edtech,999,2023-01-01,10,3,6,0.64,True,10.0,7.0
CUST10783,enterprise,healthtech,19999,2023-02-07,46,8,3,0.92,False,,
CUST10784,pro,fintech,7999,2023-03-19,6,6,7,0.46,True,6.0,2.0
CUST10785,starter,ecommerce,999,2023-06-23,38,6,7,0.81,True,38.0,34.0
CUST10786,starter,edtech,999,2023-01-03,35,7,8,0.99,False,,
CUST10787,growth,ecommerce,2999,2023-05-13,37,10,2,0.55,False,,
CUST10788,pro,saas,7999,2023-04-28,25,10,3,0.35,False,,
CUST10789,growth,edtech,2999,2023-04-06,34,1,6,0.94,False,,
CUST10790,starter,healthtech,999,2023-05-21,52,3,10,1.0,False,,
CUST10791,starter,ecommerce,999,2023-01-17,16,0,7,0.5,False,,
CUST10792,growth,logistics,2999,2023-03-08,22,3,5,0.22,True,22.0,19.0
CUST10793,enterprise,fintech,19999,2023-05-19,24,2,4,0.78,False,,
CUST10794,starter,edtech,999,2023-02-01,26,2,7,0.56,False,,
CUST10795,starter,fintech,999,2023-02-06,31,1,9,0.91,True,31.0,27.0
CUST10796,starter,logistics,999,2023-06-08,43,9,4,0.9,True,43.0,39.0
CUST10797,starter,logistics,999,2023-03-08,47,4,8,0.86,True,47.0,45.0
CUST10798,starter,saas,999,2023-04-07,30,3,9,0.91,True,30.0,27.0
CUST10799,pro,logistics,7999,2023-01-08,27,8,6,0.26,False,,
CUST10800,starter,fintech,999,2023-02-02,39,1,7,0.27,True,39.0,35.0
CUST10801,starter,saas,999,2023-01-12,19,5,8,0.79,False,,
CUST10802,starter,logistics,999,2023-06-11,8,2,10,0.9,False,,
CUST10803,growth,edtech,2999,2023-05-06,20,3,6,0.71,False,,
CUST10804,pro,edtech,7999,2023-01-05,8,1,6,0.21,False,,
CUST10805,starter,healthtech,999,2023-03-18,34,9,1,0.81,False,,
CUST10806,starter,edtech,999,2023-06-02,37,2,4,0.2,False,,
CUST10807,starter,saas,999,2023-01-11,17,9,6,0.45,True,17.0,15.0
CUST10808,growth,fintech,2999,2023-04-09,26,3,3,0.42,True,26.0,24.0
CUST10809,pro,logistics,7999,2023-01-18,15,0,5,0.24,False,,
CUST10810,starter,logistics,999,2023-03-22,23,0,7,0.23,False,,
CUST10811,starter,edtech,999,2023-02-20,43,1,1,0.25,False,,
CUST10812,growth,logistics,2999,2023-03-15,37,5,7,0.32,False,,
CUST10813,enterprise,logistics,19999,2023-04-18,20,9,10,0.35,False,,
CUST10814,starter,ecommerce,999,2023-01-05,22,2,3,0.91,False,,
CUST10815,pro,ecommerce,7999,2023-03-26,15,1,3,0.62,False,,
CUST10816,starter,fintech,999,2023-03-20,6,4,9,0.13,False,,
CUST10817,enterprise,saas,19999,2023-03-25,39,5,9,0.64,False,,
CUST10818,growth,fintech,2999,2023-02-08,33,2,7,0.59,False,,
CUST10819,enterprise,logistics,19999,2023-05-11,15,8,4,0.71,False,,
CUST10820,starter,logistics,999,2023-05-20,19,6,8,0.76,False,,
CUST10821,starter,logistics,999,2023-04-13,21,1,6,0.2,False,,
CUST10822,pro,healthtech,7999,2023-03-19,25,8,9,0.33,False,,
CUST10823,pro,logistics,7999,2023-05-27,25,9,10,0.97,False,,
CUST10824,starter,edtech,999,2023-01-07,49,7,9,0.15,False,,
CUST10825,starter,healthtech,999,2023-02-13,16,7,8,0.3,False,,
CUST10826,enterprise,fintech,19999,2023-01-31,12,9,9,0.88,False,,
CUST10827,growth,ecommerce,2999,2023-01-08,12,9,4,0.78,False,,
CUST10828,pro,healthtech,7999,2023-04-18,51,2,2,0.62,True,51.0,49.0
CUST10829,starter,ecommerce,999,2023-02-19,31,10,5,0.57,False,,
CUST10830,enterprise,ecommerce,19999,2023-01-06,18,3,5,0.92,False,,
CUST10831,pro,healthtech,7999,2023-06-16,31,8,4,0.6,False,,
CUST10832,growth,edtech,2999,2023-02-03,19,1,6,0.18,False,,
CUST10833,pro,ecommerce,7999,2023-01-26,43,1,2,0.46,False,,
CUST10834,starter,saas,999,2023-05-28,32,4,6,0.19,True,32.0,30.0
CUST10835,pro,ecommerce,7999,2023-01-17,17,0,9,0.49,False,,
CUST10836,starter,logistics,999,2023-06-26,21,0,1,0.78,True,21.0,18.0
CUST10837,starter,saas,999,2023-01-03,5,2,2,0.93,True,5.0,2.0
CUST10838,growth,edtech,2999,2023-04-03,42,1,8,0.56,True,42.0,40.0
CUST10839,growth,logistics,2999,2023-05-08,43,9,2,0.43,True,43.0,39.0
CUST10840,growth,edtech,2999,2023-04-03,39,3,3,0.97,False,,
CUST10841,growth,healthtech,2999,2023-01-18,47,1,7,0.85,True,47.0,45.0
CUST10842,starter,logistics,999,2023-01-01,11,6,6,0.45,False,,
CUST10843,starter,ecommerce,999,2023-02-01,43,9,2,0.65,True,43.0,39.0
CUST10844,pro,edtech,7999,2023-02-22,51,2,10,0.65,False,,
CUST10845,enterprise,ecommerce,19999,2023-03-02,22,4,3,0.26,False,,
CUST10846,enterprise,fintech,19999,2023-01-26,9,3,10,0.99,False,,
CUST10847,enterprise,ecommerce,19999,2023-01-08,25,10,8,0.56,False,,
CUST10848,enterprise,healthtech,19999,2023-03-05,36,3,3,0.36,False,,
CUST10849,starter,saas,999,2023-02-22,12,7,6,0.56,True,12.0,9.0
CUST10850,growth,ecommerce,2999,2023-05-23,28,0,9,0.27,False,,
CUST10851,pro,fintech,7999,2023-03-24,5,9,7,0.2,True,5.0,2.0
CUST10852,growth,ecommerce,2999,2023-04-22,52,6,9,0.79,False,,
CUST10853,pro,healthtech,7999,2023-05-17,24,1,2,1.0,False,,
CUST10854,growth,fintech,2999,2023-05-14,10,10,8,0.41,False,,
CUST10855,starter,ecommerce,999,2023-03-15,11,5,7,0.45,False,,
CUST10856,growth,saas,2999,2023-04-20,14,0,1,0.16,False,,
CUST10857,growth,healthtech,2999,2023-06-09,31,4,1,0.15,False,,
CUST10858,pro,logistics,7999,2023-01-02,45,2,6,0.43,False,,
CUST10859,growth,fintech,2999,2023-04-09,23,2,5,0.93,False,,
CUST10860,pro,healthtech,7999,2023-05-08,47,10,2,0.39,False,,
CUST10861,growth,fintech,2999,2023-05-17,44,10,10,0.92,False,,
CUST10862,starter,fintech,999,2023-04-14,47,7,7,0.51,False,,
CUST10863,growth,fintech,2999,2023-01-06,50,8,10,0.46,True,50.0,48.0
CUST10864,pro,saas,7999,2023-05-23,7,10,2,0.26,True,7.0,5.0
CUST10865,pro,logistics,7999,2023-01-28,51,7,3,0.46,False,,
CUST10866,growth,fintech,2999,2023-03-01,33,5,10,0.75,False,,
CUST10867,enterprise,logistics,19999,2023-02-15,43,2,5,0.34,False,,
CUST10868,starter,ecommerce,999,2023-02-26,15,3,8,0.3,False,,
CUST10869,growth,fintech,2999,2023-04-06,45,3,9,0.39,False,,
CUST10870,starter,saas,999,2023-02-28,37,1,7,0.48,False,,
CUST10871,enterprise,edtech,19999,2023-05-30,27,5,4,0.98,False,,
CUST10872,growth,saas,2999,2023-05-28,42,9,7,0.59,False,,
CUST10873,starter,saas,999,2023-03-12,31,8,4,0.34,True,31.0,28.0
CUST10874,pro,saas,7999,2023-01-13,18,5,1,0.34,True,18.0,14.0
CUST10875,growth,saas,2999,2023-06-25,44,8,3,0.99,False,,
CUST10876,pro,logistics,7999,2023-02-11,16,1,8,0.47,False,,
CUST10877,enterprise,ecommerce,19999,2023-06-06,32,0,4,0.17,False,,
CUST10878,growth,saas,2999,2023-01-21,22,0,3,0.11,True,22.0,18.0
CUST10879,growth,fintech,2999,2023-06-30,42,4,6,0.56,False,,
CUST10880,starter,healthtech,999,2023-02-13,49,7,1,0.21,True,49.0,45.0
CUST10881,starter,fintech,999,2023-04-29,11,5,8,0.14,True,11.0,8.0
CUST10882,starter,healthtech,999,2023-03-27,19,10,9,0.58,True,19.0,16.0
CUST10883,starter,saas,999,2023-03-23,33,8,7,0.67,True,33.0,30.0
CUST10884,starter,healthtech,999,2023-04-02,26,10,3,0.33,False,,
CUST10885,starter,fintech,999,2023-06-11,21,5,9,0.93,False,,
CUST10886,pro,saas,7999,2023-06-14,41,3,9,0.1,False,,
CUST10887,growth,edtech,2999,2023-06-08,45,0,8,0.93,False,,
CUST10888,starter,fintech,999,2023-02-20,30,10,3,0.76,True,30.0,27.0
CUST10889,growth,healthtech,2999,2023-01-23,19,3,4,0.73,False,,
CUST10890,starter,edtech,999,2023-05-11,12,4,9,0.68,False,,
CUST10891,starter,healthtech,999,2023-06-15,30,6,4,0.2,True,30.0,28.0
CUST10892,pro,edtech,7999,2023-03-22,29,7,2,0.16,False,,
CUST10893,pro,fintech,7999,2023-06-12,51,9,6,0.27,True,51.0,47.0
CUST10894,pro,logistics,7999,2023-06-06,5,9,6,0.13,True,5.0,1.0
CUST10895,starter,saas,999,2023-01-23,35,4,2,0.9,True,35.0,31.0
CUST10896,starter,saas,999,2023-06-02,37,0,9,0.73,False,,
CUST10897,starter,fintech,999,2023-01-26,51,2,5,0.21,True,51.0,49.0
CUST10898,starter,logistics,999,2023-02-04,31,10,2,0.63,True,31.0,28.0
CUST10899,starter,ecommerce,999,2023-01-18,46,5,7,0.44,False,,
CUST10900,growth,logistics,2999,2023-01-31,52,5,3,0.53,False,,
CUST10901,starter,fintech,999,2023-05-19,17,2,5,0.93,True,17.0,13.0
CUST10902,pro,edtech,7999,2023-01-26,15,7,5,0.37,False,,
CUST10903,starter,logistics,999,2023-06-29,27,1,3,0.94,True,27.0,24.0
CUST10904,pro,saas,7999,2023-02-22,28,10,7,0.54,False,,
CUST10905,pro,saas,7999,2023-05-11,26,4,2,0.57,True,26.0,24.0
CUST10906,growth,logistics,2999,2023-06-09,42,3,9,0.62,False,,
CUST10907,starter,healthtech,999,2023-05-02,29,8,1,0.61,True,29.0,25.0
CUST10908,starter,healthtech,999,2023-02-18,52,7,10,0.97,False,,
CUST10909,pro,saas,7999,2023-02-18,38,2,6,0.69,False,,
CUST10910,enterprise,fintech,19999,2023-03-10,21,6,10,0.5,False,,
CUST10911,pro,saas,7999,2023-04-26,34,5,4,0.96,True,34.0,30.0
CUST10912,growth,ecommerce,2999,2023-04-04,14,7,9,0.36,False,,
CUST10913,starter,ecommerce,999,2023-01-22,36,5,9,0.72,True,36.0,33.0
CUST10914,starter,saas,999,2023-03-24,18,4,9,0.9,True,18.0,15.0
CUST10915,starter,saas,999,2023-05-05,38,1,10,0.41,True,38.0,34.0
CUST10916,starter,fintech,999,2023-03-01,6,4,6,0.84,True,6.0,2.0
CUST10917,starter,healthtech,999,2023-05-28,45,10,7,0.26,False,,
CUST10918,pro,ecommerce,7999,2023-04-02,16,9,8,0.67,False,,
CUST10919,starter,logistics,999,2023-05-09,38,5,5,0.77,True,38.0,35.0
CUST10920,starter,ecommerce,999,2023-06-08,14,10,6,0.17,False,,
CUST10921,starter,ecommerce,999,2023-05-18,10,2,7,0.1,False,,
CUST10922,starter,saas,999,2023-02-06,4,10,9,0.78,False,,
CUST10923,starter,logistics,999,2023-06-10,27,4,3,0.24,True,27.0,23.0
CUST10924,pro,fintech,7999,2023-04-03,19,0,2,0.63,False,,
CUST10925,growth,healthtech,2999,2023-06-20,46,4,5,0.41,False,,
CUST10926,starter,ecommerce,999,2023-05-01,23,7,3,0.69,False,,
CUST10927,pro,ecommerce,7999,2023-05-28,51,1,9,0.29,False,,
CUST10928,starter,saas,999,2023-01-27,5,9,1,0.37,False,,
CUST10929,growth,healthtech,2999,2023-03-26,26,7,1,0.19,True,26.0,24.0
CUST10930,starter,fintech,999,2023-01-14,30,0,5,0.86,False,,
CUST10931,pro,fintech,7999,2023-02-18,29,6,8,0.53,False,,
CUST10932,starter,fintech,999,2023-03-20,40,5,1,0.91,False,,
CUST10933,growth,healthtech,2999,2023-03-27,27,7,9,0.23,False,,
CUST10934,growth,fintech,2999,2023-05-09,30,4,3,0.63,False,,
CUST10935,pro,fintech,7999,2023-02-23,25,9,5,0.21,True,25.0,21.0
CUST10936,growth,fintech,2999,2023-02-26,40,8,3,0.92,False,,
CUST10937,starter,healthtech,999,2023-06-17,9,4,3,0.92,True,9.0,6.0
CUST10938,starter,ecommerce,999,2023-06-22,40,6,3,0.58,False,,
CUST10939,growth,healthtech,2999,2023-06-09,10,4,3,0.95,False,,
CUST10940,pro,logistics,7999,2023-01-29,18,7,4,0.71,True,18.0,16.0
CUST10941,growth,edtech,2999,2023-02-27,38,9,4,0.15,False,,
CUST10942,enterprise,fintech,19999,2023-01-24,52,1,2,0.37,True,52.0,48.0
CUST10943,growth,ecommerce,2999,2023-06-14,28,5,9,0.14,True,28.0,25.0
CUST10944,starter,saas,999,2023-04-28,23,3,5,0.36,False,,
CUST10945,growth,fintech,2999,2023-04-23,21,0,8,0.95,False,,
CUST10946,starter,ecommerce,999,2023-02-03,31,0,1,0.95,True,31.0,27.0
CUST10947,growth,healthtech,2999,2023-04-05,44,2,3,0.96,True,44.0,40.0
CUST10948,starter,logistics,999,2023-02-12,51,9,8,0.36,False,,
CUST10949,growth,logistics,2999,2023-03-28,26,7,9,0.3,False,,
CUST10950,growth,ecommerce,2999,2023-02-20,4,10,1,0.48,False,,
CUST10951,enterprise,ecommerce,19999,2023-05-06,38,7,1,0.59,False,,
CUST10952,starter,logistics,999,2023-06-17,16,5,1,0.43,True,16.0,14.0
CUST10953,starter,healthtech,999,2023-06-20,45,7,1,0.74,False,,
CUST10954,enterprise,edtech,19999,2023-04-18,10,3,9,0.45,False,,
CUST10955,growth,edtech,2999,2023-05-05,37,1,1,0.52,True,37.0,35.0
CUST10956,pro,edtech,7999,2023-06-06,19,7,6,0.75,False,,
CUST10957,growth,ecommerce,2999,2023-02-24,50,6,5,0.79,False,,
CUST10958,pro,logistics,7999,2023-05-14,42,10,3,0.42,False,,
CUST10959,pro,logistics,7999,2023-03-26,28,7,6,0.69,False,,
CUST10960,pro,logistics,7999,2023-05-06,36,2,10,0.7,False,,
CUST10961,starter,ecommerce,999,2023-02-07,42,5,7,0.51,False,,
CUST10962,growth,logistics,2999,2023-05-17,14,5,4,0.25,True,14.0,11.0
CUST10963,growth,healthtech,2999,2023-06-20,49,5,5,0.76,True,49.0,45.0
CUST10964,starter,logistics,999,2023-03-05,35,1,8,0.46,False,,
CUST10965,growth,ecommerce,2999,2023-02-13,23,1,6,0.96,False,,
CUST10966,starter,ecommerce,999,2023-05-12,9,8,4,0.84,False,,
CUST10967,starter,ecommerce,999,2023-02-12,39,2,2,0.82,False,,
CUST10968,enterprise,healthtech,19999,2023-05-17,21,9,2,0.32,True,21.0,19.0
CUST10969,enterprise,healthtech,19999,2023-05-06,25,2,10,0.72,False,,
CUST10970,pro,fintech,7999,2023-02-26,33,0,6,0.37,True,33.0,30.0
CUST10971,growth,ecommerce,2999,2023-05-08,7,1,6,0.91,False,,
CUST10972,starter,healthtech,999,2023-01-09,41,9,6,0.66,True,41.0,37.0
CUST10973,starter,fintech,999,2023-04-02,52,7,9,0.73,False,,
CUST10974,growth,edtech,2999,2023-05-28,18,5,3,0.3,False,,
CUST10975,starter,edtech,999,2023-05-29,33,7,4,0.26,False,,
CUST10976,pro,logistics,7999,2023-04-02,35,9,9,0.42,True,35.0,31.0
CUST10977,pro,fintech,7999,2023-04-04,5,10,6,0.8,False,,
CUST10978,starter,logistics,999,2023-01-27,5,8,3,0.62,False,,
CUST10979,starter,ecommerce,999,2023-03-15,4,5,1,0.28,False,,
CUST10980,growth,edtech,2999,2023-05-08,48,1,3,0.76,False,,
CUST10981,starter,healthtech,999,2023-04-23,12,2,5,0.16,True,12.0,10.0
CUST10982,pro,fintech,7999,2023-06-01,44,5,6,0.38,False,,
CUST10983,growth,logistics,2999,2023-03-18,8,1,2,0.41,False,,
CUST10984,enterprise,logistics,19999,2023-01-15,41,1,2,0.2,False,,
CUST10985,growth,saas,2999,2023-04-18,21,5,5,0.72,False,,
CUST10986,enterprise,ecommerce,19999,2023-06-29,46,6,6,0.59,False,,
CUST10987,starter,ecommerce,999,2023-06-04,40,10,7,0.8,True,40.0,38.0
CUST10988,growth,healthtech,2999,2023-04-13,26,10,8,0.52,False,,
CUST10989,growth,edtech,2999,2023-05-17,35,4,7,0.19,True,35.0,32.0
CUST10990,growth,ecommerce,2999,2023-01-26,36,10,1,0.21,False,,
CUST10991,starter,fintech,999,2023-01-23,23,8,4,0.26,False,,
CUST10992,pro,ecommerce,7999,2023-02-20,14,9,7,0.43,True,14.0,10.0
CUST10993,starter,fintech,999,2023-04-14,50,0,5,0.88,True,50.0,47.0
CUST10994,pro,healthtech,7999,2023-01-19,36,6,3,0.42,True,36.0,32.0
CUST10995,growth,healthtech,2999,2023-03-14,49,8,6,0.89,False,,
CUST10996,pro,healthtech,7999,2023-04-26,29,10,5,0.97,False,,
CUST10997,starter,ecommerce,999,2023-05-30,43,2,9,0.52,True,43.0,40.0
CUST10998,growth,ecommerce,2999,2023-06-07,20,3,1,0.29,False,,
CUST10999,growth,healthtech,2999,2023-06-17,26,4,6,0.72,False,,
CUST11000,enterprise,edtech,19999,2023-03-01,14,6,2,0.11,False,,
CUST11001,pro,healthtech,7999,2023-05-02,26,1,8,0.48,False,,
CUST11002,pro,edtech,7999,2023-02-26,17,8,2,0.6,False,,
CUST11003,pro,saas,7999,2023-05-21,43,9,5,0.95,False,,
CUST11004,starter,logistics,999,2023-03-28,50,10,9,0.87,False,,
CUST11005,growth,healthtech,2999,2023-04-30,45,7,10,0.58,True,45.0,42.0
CUST11006,starter,logistics,999,2023-01-01,45,10,4,0.6,True,45.0,42.0
CUST11007,enterprise,logistics,19999,2023-06-15,43,2,4,0.73,False,,
CUST11008,starter,ecommerce,999,2023-01-26,20,6,4,0.52,False,,
CUST11009,growth,logistics,2999,2023-04-16,19,1,5,0.74,False,,
CUST11010,growth,fintech,2999,2023-04-04,16,9,1,0.65,False,,
CUST11011,enterprise,edtech,19999,2023-03-07,25,10,10,0.71,True,25.0,22.0
CUST11012,pro,saas,7999,2023-04-10,10,2,7,0.27,True,10.0,6.0
CUST11013,starter,logistics,999,2023-06-02,48,4,9,0.38,False,,
CUST11014,pro,edtech,7999,2023-06-16,28,4,1,0.28,True,28.0,24.0
CUST11015,growth,ecommerce,2999,2023-04-14,20,5,2,0.18,False,,
CUST11016,growth,fintech,2999,2023-05-13,52,10,3,0.83,True,52.0,49.0
CUST11017,pro,edtech,7999,2023-01-12,41,4,4,0.45,False,,
CUST11018,pro,fintech,7999,2023-04-07,40,8,4,0.9,False,,
CUST11019,starter,logistics,999,2023-02-07,35,4,7,0.41,False,,
CUST11020,starter,saas,999,2023-04-24,45,8,9,0.36,True,45.0,41.0
CUST11021,starter,edtech,999,2023-02-12,52,1,9,0.4,False,,
CUST11022,starter,logistics,999,2023-05-26,43,8,9,0.86,False,,
CUST11023,starter,saas,999,2023-03-11,12,6,5,0.98,True,12.0,9.0
CUST11024,pro,logistics,7999,2023-01-19,15,2,9,0.47,False,,
CUST11025,growth,logistics,2999,2023-04-19,46,0,9,0.56,False,,
CUST11026,enterprise,logistics,19999,2023-06-25,47,6,2,0.41,False,,
CUST11027,starter,fintech,999,2023-04-11,52,8,8,0.19,True,52.0,48.0
CUST11028,starter,healthtech,999,2023-05-11,13,0,7,0.61,True,13.0,10.0
CUST11029,pro,logistics,7999,2023-05-25,15,7,9,0.7,False,,
CUST11030,pro,edtech,7999,2023-02-24,23,7,9,0.9,False,,
CUST11031,starter,saas,999,2023-03-04,19,7,6,0.38,False,,
CUST11032,growth,edtech,2999,2023-04-13,16,7,7,0.93,False,,
CUST11033,growth,fintech,2999,2023-05-18,11,3,4,0.77,False,,
CUST11034,pro,logistics,7999,2023-01-14,48,10,5,0.11,False,,
CUST11035,growth,ecommerce,2999,2023-02-28,18,7,4,0.26,True,18.0,16.0
CUST11036,starter,ecommerce,999,2023-01-11,45,8,10,0.72,False,,
CUST11037,growth,healthtech,2999,2023-06-12,28,3,7,0.31,False,,
CUST11038,pro,ecommerce,7999,2023-06-08,47,7,7,0.75,False,,
CUST11039,starter,logistics,999,2023-05-06,21,8,4,0.53,False,,
CUST11040,starter,healthtech,999,2023-06-15,48,9,9,0.76,False,,
CUST11041,starter,healthtech,999,2023-01-13,46,2,1,0.66,True,46.0,44.0
CUST11042,enterprise,fintech,19999,2023-05-18,14,7,3,0.16,False,,
CUST11043,pro,logistics,7999,2023-05-05,30,8,3,0.4,False,,
CUST11044,enterprise,healthtech,19999,2023-01-02,43,9,8,0.56,False,,
CUST11045,starter,logistics,999,2023-06-24,52,5,7,0.62,False,,
CUST11046,growth,healthtech,2999,2023-04-27,10,4,7,0.8,True,10.0,6.0
CUST11047,pro,ecommerce,7999,2023-05-24,15,0,8,0.22,False,,
CUST11048,starter,edtech,999,2023-05-09,35,1,1,0.62,False,,
CUST11049,pro,saas,7999,2023-05-22,52,5,5,0.37,True,52.0,48.0
CUST11050,growth,logistics,2999,2023-04-16,27,7,2,0.4,False,,
CUST11051,pro,logistics,7999,2023-04-13,49,7,2,0.98,True,49.0,45.0
CUST11052,pro,healthtech,7999,2023-01-14,42,1,9,0.25,True,42.0,40.0
CUST11053,starter,edtech,999,2023-02-13,10,8,3,0.18,True,10.0,6.0
CUST11054,starter,logistics,999,2023-02-11,22,6,9,0.19,True,22.0,20.0
CUST11055,starter,healthtech,999,2023-01-06,9,0,5,0.99,False,,
CUST11056,pro,edtech,7999,2023-01-28,22,0,3,0.8,False,,
CUST11057,starter,fintech,999,2023-04-30,10,5,3,0.36,True,10.0,7.0
CUST11058,growth,edtech,2999,2023-06-22,24,9,2,0.14,True,24.0,21.0
CUST11059,pro,healthtech,7999,2023-06-27,34,0,1,0.42,False,,
CUST11060,growth,saas,2999,2023-02-10,19,5,5,0.82,False,,
CUST11061,starter,edtech,999,2023-03-15,32,9,8,0.29,True,32.0,28.0
CUST11062,enterprise,saas,19999,2023-03-10,40,3,10,0.71,False,,
CUST11063,starter,edtech,999,2023-05-29,7,8,6,0.25,False,,
CUST11064,starter,saas,999,2023-02-23,23,10,7,0.43,True,23.0,21.0
CUST11065,pro,healthtech,7999,2023-03-07,12,1,10,0.93,False,,
CUST11066,pro,saas,7999,2023-05-29,28,8,1,0.6,True,28.0,25.0
CUST11067,starter,fintech,999,2023-06-22,17,7,9,0.23,True,17.0,13.0
CUST11068,growth,healthtech,2999,2023-02-11,30,0,4,0.43,False,,
CUST11069,pro,logistics,7999,2023-02-11,16,2,9,0.65,True,16.0,13.0
CUST11070,starter,healthtech,999,2023-03-08,42,9,10,0.91,True,42.0,39.0
CUST11071,starter,saas,999,2023-06-19,6,0,4,0.89,False,,
CUST11072,growth,edtech,2999,2023-03-02,20,7,9,0.49,False,,
CUST11073,starter,logistics,999,2023-03-17,11,4,8,0.78,False,,
CUST11074,enterprise,edtech,19999,2023-01-07,14,1,4,0.25,True,14.0,10.0
CUST11075,starter,healthtech,999,2023-04-27,4,5,5,0.94,False,,
CUST11076,starter,healthtech,999,2023-06-09,48,3,3,0.62,True,48.0,45.0
CUST11077,pro,saas,7999,2023-04-17,28,10,5,0.94,False,,
CUST11078,growth,fintech,2999,2023-03-17,17,5,2,0.42,False,,
CUST11079,starter,ecommerce,999,2023-05-25,29,2,10,0.13,False,,
CUST11080,growth,healthtech,2999,2023-05-15,20,5,2,0.64,False,,
CUST11081,growth,saas,2999,2023-04-07,4,7,2,0.36,True,4.0,1.0
CUST11082,growth,healthtech,2999,2023-02-19,34,2,1,0.56,True,34.0,32.0
CUST11083,growth,edtech,2999,2023-02-26,5,0,7,0.37,True,5.0,2.0
CUST11084,starter,logistics,999,2023-05-09,14,10,1,0.17,False,,
CUST11085,growth,fintech,2999,2023-03-09,49,6,7,0.63,False,,
CUST11086,growth,saas,2999,2023-03-23,40,3,6,0.49,False,,
CUST11087,growth,healthtech,2999,2023-01-01,15,1,7,0.93,True,15.0,11.0
CUST11088,growth,fintech,2999,2023-02-28,34,8,6,0.43,False,,
CUST11089,enterprise,ecommerce,19999,2023-03-26,13,0,2,0.46,False,,
CUST11090,pro,healthtech,7999,2023-05-17,7,10,1,0.79,True,7.0,4.0
CUST11091,pro,edtech,7999,2023-04-26,7,3,10,0.7,True,7.0,3.0
CUST11092,pro,edtech,7999,2023-05-13,27,1,3,0.34,False,,
CUST11093,starter,ecommerce,999,2023-03-28,21,6,2,0.79,False,,
CUST11094,growth,ecommerce,2999,2023-02-16,8,10,10,0.3,False,,
CUST11095,growth,fintech,2999,2023-01-27,10,9,3,0.98,False,,
CUST11096,growth,healthtech,2999,2023-05-09,22,10,7,0.87,True,22.0,20.0
CUST11097,growth,logistics,2999,2023-06-05,42,6,7,0.98,False,,
CUST11098,pro,edtech,7999,2023-04-13,50,2,1,0.24,False,,
CUST11099,growth,healthtech,2999,2023-05-03,6,6,10,0.3,True,6.0,2.0
CUST11100,pro,ecommerce,7999,2023-05-04,23,6,9,0.19,True,23.0,21.0
CUST11101,pro,fintech,7999,2023-04-18,50,3,4,0.47,True,50.0,48.0
CUST11102,starter,saas,999,2023-02-11,45,9,4,0.5,True,45.0,42.0
CUST11103,growth,saas,2999,2023-02-16,8,0,5,0.86,False,,
CUST11104,enterprise,saas,19999,2023-01-29,52,6,4,0.28,False,,
CUST11105,starter,edtech,999,2023-04-18,33,1,4,0.13,False,,
CUST11106,starter,logistics,999,2023-05-24,4,0,4,0.4,False,,
CUST11107,growth,healthtech,2999,2023-02-22,23,6,6,0.67,True,23.0,21.0
CUST11108,growth,ecommerce,2999,2023-02-16,41,4,3,0.21,True,41.0,39.0
CUST11109,enterprise,fintech,19999,2023-05-24,48,1,5,0.74,False,,
CUST11110,growth,edtech,2999,2023-06-16,28,7,10,0.63,False,,
CUST11111,growth,ecommerce,2999,2023-04-04,10,3,10,0.84,False,,
CUST11112,growth,ecommerce,2999,2023-05-21,42,0,10,0.9,False,,
CUST11113,enterprise,edtech,19999,2023-06-20,4,3,7,0.47,False,,
CUST11114,starter,saas,999,2023-06-17,5,7,10,0.26,False,,
CUST11115,starter,logistics,999,2023-03-06,7,5,9,0.24,False,,
CUST11116,starter,saas,999,2023-05-23,19,9,9,0.63,True,19.0,15.0
CUST11117,starter,saas,999,2023-04-07,36,7,10,0.27,False,,
CUST11118,growth,saas,2999,2023-04-29,42,3,2,0.22,False,,
CUST11119,pro,fintech,7999,2023-04-12,31,5,6,0.64,False,,
CUST11120,starter,edtech,999,2023-03-09,23,3,6,0.9,True,23.0,20.0
CUST11121,enterprise,logistics,19999,2023-06-05,10,8,8,0.71,False,,
CUST11122,growth,ecommerce,2999,2023-03-22,44,4,7,0.99,True,44.0,41.0
CUST11123,starter,logistics,999,2023-01-22,24,7,4,0.15,True,24.0,22.0
CUST11124,starter,edtech,999,2023-04-10,41,2,4,0.34,True,41.0,37.0
CUST11125,growth,ecommerce,2999,2023-06-28,50,1,4,0.26,False,,
CUST11126,growth,edtech,2999,2023-05-18,21,6,10,0.97,False,,
CUST11127,growth,ecommerce,2999,2023-03-07,10,10,8,0.92,True,10.0,6.0
CUST11128,growth,logistics,2999,2023-06-26,17,0,7,0.75,False,,
CUST11129,starter,ecommerce,999,2023-03-21,10,6,7,0.97,True,10.0,6.0
CUST11130,starter,logistics,999,2023-04-20,19,4,6,0.93,True,19.0,16.0
CUST11131,starter,saas,999,2023-03-15,17,0,9,0.3,False,,
CUST11132,starter,edtech,999,2023-05-05,28,3,2,0.24,True,28.0,26.0
CUST11133,starter,saas,999,2023-03-30,18,8,6,0.3,False,,
CUST11134,growth,fintech,2999,2023-04-07,42,10,10,0.75,False,,
CUST11135,pro,edtech,7999,2023-05-07,27,0,9,0.46,False,,
CUST11136,starter,saas,999,2023-03-11,39,3,10,0.66,True,39.0,36.0
CUST11137,starter,ecommerce,999,2023-04-28,4,0,3,0.52,True,4.0,1.0
CUST11138,growth,edtech,2999,2023-06-30,25,6,7,0.57,True,25.0,22.0
CUST11139,pro,logistics,7999,2023-06-29,20,7,7,0.15,True,20.0,18.0
CUST11140,pro,edtech,7999,2023-01-04,46,2,10,0.85,False,,
CUST11141,starter,saas,999,2023-05-12,28,7,3,0.89,False,,
CUST11142,pro,logistics,7999,2023-03-24,52,6,1,0.35,False,,
CUST11143,growth,fintech,2999,2023-05-09,41,0,10,0.69,True,41.0,39.0
CUST11144,starter,saas,999,2023-05-03,8,0,3,0.66,False,,
CUST11145,growth,logistics,2999,2023-03-20,29,10,3,0.98,False,,
CUST11146,growth,logistics,2999,2023-03-07,42,6,5,0.15,False,,
CUST11147,starter,ecommerce,999,2023-06-01,47,4,1,0.49,False,,
CUST11148,starter,logistics,999,2023-02-16,39,4,1,0.89,True,39.0,35.0
CUST11149,enterprise,edtech,19999,2023-05-27,22,2,2,0.16,False,,
CUST11150,pro,ecommerce,7999,2023-05-15,13,10,3,0.7,False,,
CUST11151,pro,fintech,7999,2023-04-29,10,9,9,0.44,False,,
CUST11152,growth,saas,2999,2023-06-19,18,5,9,0.68,True,18.0,15.0
CUST11153,starter,saas,999,2023-01-29,5,6,8,0.79,False,,
CUST11154,growth,edtech,2999,2023-03-05,34,3,3,0.81,False,,
CUST11155,growth,fintech,2999,2023-02-22,18,1,4,0.64,False,,
CUST11156,pro,healthtech,7999,2023-04-01,29,6,4,0.79,False,,
CUST11157,pro,ecommerce,7999,2023-03-22,37,8,1,0.95,False,,
CUST11158,starter,logistics,999,2023-02-19,6,6,2,0.39,False,,
CUST11159,starter,healthtech,999,2023-03-20,16,5,9,0.11,False,,
CUST11160,enterprise,edtech,19999,2023-04-02,7,7,1,0.54,False,,
CUST11161,growth,saas,2999,2023-06-22,19,2,4,0.18,False,,
CUST11162,starter,ecommerce,999,2023-03-10,10,3,7,0.68,False,,
CUST11163,growth,ecommerce,2999,2023-01-09,38,7,3,0.86,False,,
CUST11164,starter,healthtech,999,2023-06-27,24,3,5,0.17,True,24.0,20.0
CUST11165,pro,logistics,7999,2023-04-05,19,7,1,0.6,True,19.0,15.0
CUST11166,enterprise,fintech,19999,2023-02-01,34,2,6,0.41,False,,
CUST11167,starter,healthtech,999,2023-01-05,27,1,2,0.42,False,,
CUST11168,starter,fintech,999,2023-05-03,25,3,7,0.15,False,,
CUST11169,enterprise,edtech,19999,2023-04-06,15,3,5,0.98,True,15.0,12.0
CUST11170,growth,healthtech,2999,2023-03-13,33,8,7,0.91,True,33.0,31.0
CUST11171,enterprise,healthtech,19999,2023-01-24,52,10,1,0.43,False,,
CUST11172,growth,healthtech,2999,2023-01-25,4,7,5,0.41,True,4.0,2.0
CUST11173,growth,edtech,2999,2023-06-10,49,5,8,0.89,True,49.0,46.0
CUST11174,pro,logistics,7999,2023-04-20,30,5,5,0.35,True,30.0,26.0
CUST11175,starter,healthtech,999,2023-01-22,35,9,10,0.79,False,,
CUST11176,starter,edtech,999,2023-06-12,13,5,5,0.39,False,,
CUST11177,growth,saas,2999,2023-06-11,6,10,2,0.59,False,,
CUST11178,starter,fintech,999,2023-01-14,29,0,9,0.82,False,,
CUST11179,growth,saas,2999,2023-01-17,31,3,2,0.13,False,,
CUST11180,enterprise,fintech,19999,2023-03-13,33,5,1,0.95,False,,
CUST11181,growth,logistics,2999,2023-03-14,4,0,5,0.55,False,,
CUST11182,pro,edtech,7999,2023-04-13,40,3,1,0.91,False,,
CUST11183,starter,ecommerce,999,2023-05-21,10,4,1,0.68,False,,
CUST11184,growth,healthtech,2999,2023-03-13,21,3,7,0.3,False,,
CUST11185,starter,logistics,999,2023-05-11,14,7,10,0.61,False,,
CUST11186,starter,edtech,999,2023-03-01,44,3,6,0.2,True,44.0,42.0
CUST11187,starter,ecommerce,999,2023-05-18,9,8,3,0.17,True,9.0,6.0
CUST11188,growth,logistics,2999,2023-02-01,14,4,2,0.12,False,,
CUST11189,enterprise,saas,19999,2023-01-24,33,0,2,0.91,False,,
CUST11190,starter,logistics,999,2023-06-07,29,5,9,0.63,False,,
CUST11191,starter,fintech,999,2023-04-29,33,9,3,0.16,False,,
CUST11192,starter,healthtech,999,2023-05-16,5,7,9,0.9,True,5.0,1.0
CUST11193,starter,edtech,999,2023-01-19,5,7,1,0.34,True,5.0,1.0
CUST11194,growth,logistics,2999,2023-01-10,17,2,8,0.52,True,17.0,13.0
CUST11195,starter,logistics,999,2023-06-23,48,1,10,0.72,False,,
CUST11196,pro,saas,7999,2023-03-21,9,7,3,0.39,False,,
CUST11197,growth,ecommerce,2999,2023-03-05,27,5,9,0.53,False,,
CUST11198,starter,healthtech,999,2023-01-05,47,6,9,0.79,False,,
CUST11199,starter,healthtech,999,2023-03-08,43,0,6,0.13,False,,
CUST11200,starter,ecommerce,999,2023-03-16,10,10,10,0.91,False,,
CUST11201,enterprise,healthtech,19999,2023-06-02,29,10,10,0.1,False,,
CUST11202,starter,fintech,999,2023-03-23,13,0,10,0.4,False,,
CUST11203,starter,saas,999,2023-04-14,13,7,5,0.99,False,,
CUST11204,growth,logistics,2999,2023-03-09,40,1,9,0.23,False,,
CUST11205,growth,ecommerce,2999,2023-05-22,29,6,8,0.1,False,,
CUST11206,enterprise,healthtech,19999,2023-04-26,10,3,1,0.76,True,10.0,8.0
CUST11207,pro,saas,7999,2023-06-14,51,9,1,0.68,False,,
CUST11208,starter,edtech,999,2023-04-21,16,10,7,0.46,True,16.0,14.0
CUST11209,starter,saas,999,2023-04-21,20,2,10,0.75,True,20.0,17.0
CUST11210,growth,healthtech,2999,2023-03-09,40,2,5,0.64,False,,
CUST11211,starter,ecommerce,999,2023-03-28,11,8,4,0.18,True,11.0,9.0
CUST11212,starter,edtech,999,2023-03-17,8,1,3,0.66,False,,
CUST11213,pro,healthtech,7999,2023-05-06,4,7,7,0.76,False,,
CUST11214,pro,saas,7999,2023-02-15,42,10,1,0.26,False,,
CUST11215,pro,logistics,7999,2023-06-30,17,0,10,0.97,False,,
CUST11216,pro,ecommerce,7999,2023-05-28,20,5,5,0.95,True,20.0,18.0
CUST11217,growth,fintech,2999,2023-02-25,13,4,4,0.26,False,,
CUST11218,growth,logistics,2999,2023-04-01,23,4,8,0.58,False,,
CUST11219,pro,ecommerce,7999,2023-04-08,29,9,3,0.13,False,,
CUST11220,growth,saas,2999,2023-01-08,35,0,9,0.69,False,,
CUST11221,starter,fintech,999,2023-02-26,12,8,8,0.78,False,,
CUST11222,starter,healthtech,999,2023-06-27,6,0,4,0.15,True,6.0,2.0
CUST11223,growth,fintech,2999,2023-01-14,6,10,10,0.77,False,,
CUST11224,pro,healthtech,7999,2023-04-07,21,6,2,0.12,True,21.0,18.0
CUST11225,starter,edtech,999,2023-05-06,51,7,4,0.21,True,51.0,48.0
CUST11226,growth,logistics,2999,2023-04-17,13,8,7,0.19,False,,
CUST11227,growth,edtech,2999,2023-03-08,9,9,10,0.29,False,,
CUST11228,growth,ecommerce,2999,2023-04-07,48,3,5,0.67,False,,
CUST11229,starter,fintech,999,2023-02-08,25,5,1,0.99,True,25.0,22.0
CUST11230,starter,ecommerce,999,2023-05-21,20,4,10,0.22,False,,
CUST11231,starter,ecommerce,999,2023-02-28,47,10,1,0.89,True,47.0,45.0
CUST11232,starter,edtech,999,2023-06-16,38,10,4,0.45,True,38.0,35.0
CUST11233,growth,healthtech,2999,2023-03-25,27,2,1,0.37,True,27.0,25.0
CUST11234,growth,saas,2999,2023-05-17,12,10,8,0.66,False,,
CUST11235,starter,ecommerce,999,2023-04-06,20,10,7,0.67,False,,
CUST11236,starter,edtech,999,2023-02-11,47,3,1,0.36,True,47.0,45.0
CUST11237,growth,healthtech,2999,2023-05-06,9,3,8,0.5,False,,
CUST11238,pro,ecommerce,7999,2023-03-10,37,5,10,0.83,False,,
CUST11239,growth,ecommerce,2999,2023-03-15,4,3,6,0.32,False,,
CUST11240,enterprise,fintech,19999,2023-06-14,4,5,4,0.76,True,4.0,1.0
CUST11241,growth,logistics,2999,2023-04-05,40,0,1,0.82,False,,
CUST11242,starter,edtech,999,2023-04-25,45,8,4,0.99,False,,
CUST11243,pro,ecommerce,7999,2023-01-31,16,5,2,0.4,True,16.0,13.0
CUST11244,starter,saas,999,2023-06-06,37,7,10,0.68,False,,
CUST11245,starter,logistics,999,2023-03-08,42,1,5,0.56,False,,
CUST11246,starter,saas,999,2023-05-20,45,5,4,0.17,False,,
CUST11247,pro,logistics,7999,2023-06-22,15,3,5,0.6,True,15.0,13.0
CUST11248,enterprise,ecommerce,19999,2023-01-24,15,3,8,0.37,True,15.0,12.0
CUST11249,starter,logistics,999,2023-05-13,48,6,5,0.18,True,48.0,45.0
CUST11250,pro,edtech,7999,2023-05-15,41,10,7,0.76,True,41.0,39.0
CUST11251,growth,logistics,2999,2023-03-17,9,7,2,0.35,False,,
CUST11252,starter,healthtech,999,2023-01-26,36,5,6,0.3,True,36.0,34.0
CUST11253,starter,ecommerce,999,2023-01-13,47,5,5,0.18,True,47.0,45.0
CUST11254,pro,saas,7999,2023-05-03,52,0,3,0.97,False,,
CUST11255,starter,ecommerce,999,2023-05-01,50,8,5,0.81,False,,
CUST11256,growth,logistics,2999,2023-01-27,32,1,3,0.97,False,,
CUST11257,enterprise,logistics,19999,2023-03-02,28,0,8,0.86,False,,
CUST11258,growth,fintech,2999,2023-05-14,21,4,2,0.25,True,21.0,17.0
CUST11259,starter,healthtech,999,2023-05-31,26,2,9,0.86,False,,
CUST11260,starter,edtech,999,2023-02-28,26,0,1,0.37,False,,
CUST11261,pro,edtech,7999,2023-01-07,30,8,8,0.38,False,,
CUST11262,growth,edtech,2999,2023-06-22,10,10,4,0.91,False,,
CUST11263,growth,logistics,2999,2023-04-26,28,8,1,0.35,False,,
CUST11264,starter,fintech,999,2023-01-09,38,3,4,0.33,False,,
CUST11265,starter,healthtech,999,2023-04-28,21,4,5,0.57,True,21.0,18.0
CUST11266,starter,edtech,999,2023-03-20,41,8,3,0.76,True,41.0,39.0
CUST11267,starter,logistics,999,2023-05-29,49,10,3,0.7,True,49.0,47.0
CUST11268,starter,saas,999,2023-03-23,32,10,5,0.67,False,,
CUST11269,growth,fintech,2999,2023-01-02,18,0,6,0.93,False,,
CUST11270,starter,fintech,999,2023-06-29,27,5,1,0.53,False,,
CUST11271,enterprise,fintech,19999,2023-01-19,23,6,9,0.34,True,23.0,21.0
CUST11272,growth,ecommerce,2999,2023-03-28,14,2,2,0.24,True,14.0,10.0
CUST11273,starter,edtech,999,2023-06-16,12,0,7,0.54,False,,
CUST11274,growth,healthtech,2999,2023-05-29,17,7,5,0.17,False,,
CUST11275,starter,edtech,999,2023-05-07,45,5,10,0.17,False,,
CUST11276,starter,ecommerce,999,2023-02-21,31,10,10,0.8,True,31.0,27.0
CUST11277,enterprise,edtech,19999,2023-05-01,31,1,8,0.2,False,,
CUST11278,starter,healthtech,999,2023-03-09,29,10,4,0.64,False,,
CUST11279,starter,logistics,999,2023-05-24,4,3,10,0.53,True,4.0,2.0
CUST11280,enterprise,ecommerce,19999,2023-04-06,44,1,1,0.13,False,,
CUST11281,starter,ecommerce,999,2023-01-08,17,8,10,0.27,True,17.0,14.0
CUST11282,starter,fintech,999,2023-02-15,52,1,7,0.65,False,,
CUST11283,growth,saas,2999,2023-03-13,38,6,4,0.66,False,,
CUST11284,starter,saas,999,2023-03-14,17,0,5,0.52,False,,
CUST11285,enterprise,logistics,19999,2023-04-02,39,5,8,0.24,False,,
CUST11286,starter,ecommerce,999,2023-05-16,14,10,6,0.56,True,14.0,11.0
CUST11287,pro,logistics,7999,2023-01-23,17,6,1,0.93,True,17.0,14.0
CUST11288,starter,healthtech,999,2023-06-13,35,1,2,0.77,False,,
CUST11289,enterprise,logistics,19999,2023-05-25,48,6,10,0.8,False,,
CUST11290,growth,fintech,2999,2023-02-22,37,3,9,0.89,False,,
CUST11291,starter,edtech,999,2023-05-13,16,10,1,0.6,False,,
CUST11292,pro,ecommerce,7999,2023-06-23,26,1,7,0.41,False,,
CUST11293,pro,healthtech,7999,2023-04-21,38,3,6,0.26,False,,
CUST11294,pro,logistics,7999,2023-02-22,29,0,8,0.85,False,,
CUST11295,pro,logistics,7999,2023-01-11,41,6,7,0.77,True,41.0,37.0
CUST11296,growth,healthtech,2999,2023-02-27,35,6,3,0.45,False,,
CUST11297,growth,saas,2999,2023-01-20,8,8,9,0.53,True,8.0,4.0
CUST11298,pro,healthtech,7999,2023-02-06,36,6,6,0.85,False,,
CUST11299,enterprise,healthtech,19999,2023-01-11,9,2,7,0.77,True,9.0,7.0
CUST11300,growth,ecommerce,2999,2023-05-26,48,3,3,0.6,False,,
CUST11301,pro,saas,7999,2023-06-13,34,4,8,0.32,False,,
CUST11302,growth,healthtech,2999,2023-04-27,50,8,9,0.86,False,,
CUST11303,growth,healthtech,2999,2023-04-27,29,1,10,0.84,False,,
CUST11304,growth,healthtech,2999,2023-04-04,46,9,9,0.47,False,,
CUST11305,growth,edtech,2999,2023-05-29,51,8,7,0.31,True,51.0,48.0
CUST11306,pro,saas,7999,2023-04-30,17,10,2,0.99,False,,
CUST11307,starter,ecommerce,999,2023-03-27,42,1,8,0.53,True,42.0,38.0
CUST11308,growth,fintech,2999,2023-02-04,48,7,9,0.67,False,,
CUST11309,pro,fintech,7999,2023-01-24,18,8,7,0.99,False,,
CUST11310,starter,edtech,999,2023-06-07,15,8,8,0.79,False,,
CUST11311,pro,ecommerce,7999,2023-05-09,32,8,10,0.32,True,32.0,28.0
CUST11312,starter,edtech,999,2023-01-15,8,10,4,0.58,True,8.0,4.0
CUST11313,starter,fintech,999,2023-02-02,44,7,7,0.93,False,,
CUST11314,growth,edtech,2999,2023-01-09,18,9,9,0.18,False,,
CUST11315,starter,logistics,999,2023-01-14,31,1,10,0.21,False,,
CUST11316,starter,fintech,999,2023-01-30,46,7,10,0.45,True,46.0,44.0
CUST11317,enterprise,logistics,19999,2023-06-23,15,6,5,0.58,True,15.0,11.0
CUST11318,starter,edtech,999,2023-01-04,6,10,10,0.46,False,,
CUST11319,pro,ecommerce,7999,2023-04-18,31,4,1,0.48,True,31.0,28.0
CUST11320,starter,fintech,999,2023-01-20,26,10,5,0.95,False,,
CUST11321,growth,ecommerce,2999,2023-04-09,26,1,10,0.87,False,,
CUST11322,starter,saas,999,2023-04-04,24,5,5,0.8,False,,
CUST11323,growth,logistics,2999,2023-04-17,6,1,10,0.15,False,,
CUST11324,starter,edtech,999,2023-05-29,4,0,2,0.46,False,,
CUST11325,enterprise,logistics,19999,2023-02-08,9,4,6,0.6,False,,
CUST11326,enterprise,saas,19999,2023-03-24,13,10,4,0.89,False,,
CUST11327,growth,saas,2999,2023-01-22,12,7,1,0.99,True,12.0,9.0
CUST11328,starter,saas,999,2023-04-14,25,0,9,0.84,True,25.0,23.0
CUST11329,growth,ecommerce,2999,2023-05-16,16,4,6,0.4,True,16.0,12.0
CUST11330,pro,edtech,7999,2023-06-21,42,6,7,0.49,False,,
CUST11331,pro,saas,7999,2023-01-24,23,7,7,0.93,True,23.0,20.0
CUST11332,starter,healthtech,999,2023-06-14,17,7,9,0.91,False,,
CUST11333,growth,ecommerce,2999,2023-02-05,37,9,3,0.73,True,37.0,34.0
CUST11334,growth,ecommerce,2999,2023-02-11,25,2,9,0.27,False,,
CUST11335,enterprise,edtech,19999,2023-02-16,50,1,8,0.98,False,,
CUST11336,pro,edtech,7999,2023-04-04,30,10,1,0.63,False,,
CUST11337,growth,saas,2999,2023-01-02,32,9,7,0.11,False,,
CUST11338,enterprise,saas,19999,2023-05-17,9,2,1,0.87,False,,
CUST11339,starter,ecommerce,999,2023-01-18,18,3,5,0.76,False,,
CUST11340,growth,fintech,2999,2023-01-15,27,2,7,0.6,False,,
CUST11341,growth,edtech,2999,2023-04-04,10,5,2,0.36,False,,
CUST11342,growth,edtech,2999,2023-01-04,23,1,5,0.62,False,,
CUST11343,growth,fintech,2999,2023-06-23,32,6,1,0.48,True,32.0,29.0
CUST11344,growth,healthtech,2999,2023-04-09,31,10,7,0.62,True,31.0,27.0
CUST11345,starter,edtech,999,2023-05-31,6,0,2,0.69,False,,
CUST11346,enterprise,fintech,19999,2023-04-30,7,3,7,0.72,False,,
CUST11347,pro,saas,7999,2023-03-01,32,4,2,0.17,False,,
CUST11348,growth,saas,2999,2023-05-21,33,6,6,0.95,False,,
CUST11349,growth,edtech,2999,2023-04-27,41,7,2,0.45,True,41.0,37.0
CUST11350,pro,ecommerce,7999,2023-05-14,22,3,9,0.41,False,,
CUST11351,pro,edtech,7999,2023-06-15,30,6,9,0.57,False,,
CUST11352,growth,ecommerce,2999,2023-03-10,25,9,8,0.31,True,25.0,21.0
CUST11353,pro,saas,7999,2023-04-10,24,0,5,0.9,False,,
CUST11354,starter,fintech,999,2023-03-21,45,5,2,0.28,False,,
CUST11355,enterprise,logistics,19999,2023-01-09,17,8,2,0.58,True,17.0,14.0
CUST11356,growth,healthtech,2999,2023-06-12,21,9,7,0.3,False,,
CUST11357,starter,logistics,999,2023-02-17,28,10,8,0.39,True,28.0,26.0
CUST11358,growth,fintech,2999,2023-01-13,29,3,3,0.2,False,,
CUST11359,starter,healthtech,999,2023-01-24,8,5,2,0.91,True,8.0,6.0
CUST11360,starter,saas,999,2023-01-04,8,3,9,0.59,False,,
CUST11361,enterprise,healthtech,19999,2023-06-09,10,6,6,0.59,False,,
CUST11362,pro,healthtech,7999,2023-04-18,18,0,3,0.54,True,18.0,15.0
CUST11363,starter,ecommerce,999,2023-01-14,28,9,9,0.72,True,28.0,24.0
CUST11364,starter,healthtech,999,2023-05-26,5,4,9,0.56,False,,
CUST11365,growth,edtech,2999,2023-02-10,33,10,1,0.83,False,,
CUST11366,pro,fintech,7999,2023-02-19,18,8,10,0.68,True,18.0,14.0
CUST11367,growth,edtech,2999,2023-05-28,15,9,4,0.35,False,,
CUST11368,pro,saas,7999,2023-01-10,29,2,3,0.9,False,,
CUST11369,enterprise,logistics,19999,2023-04-25,21,6,9,0.82,False,,
CUST11370,growth,healthtech,2999,2023-04-19,6,5,1,0.46,True,6.0,2.0
CUST11371,pro,fintech,7999,2023-04-01,30,1,10,0.38,False,,
CUST11372,starter,edtech,999,2023-02-25,19,0,3,0.9,False,,
CUST11373,pro,logistics,7999,2023-06-30,15,2,5,0.86,False,,
CUST11374,starter,logistics,999,2023-02-01,13,1,5,0.64,True,13.0,11.0
CUST11375,starter,edtech,999,2023-03-12,8,2,10,0.37,False,,
CUST11376,starter,ecommerce,999,2023-05-02,30,9,6,0.51,False,,
CUST11377,enterprise,fintech,19999,2023-04-14,8,10,9,0.97,False,,
CUST11378,growth,ecommerce,2999,2023-04-21,37,7,7,0.65,False,,
CUST11379,starter,healthtech,999,2023-05-12,34,3,2,0.56,True,34.0,30.0
CUST11380,starter,saas,999,2023-05-07,10,1,8,0.16,False,,
CUST11381,pro,fintech,7999,2023-06-04,46,3,6,0.58,False,,
CUST11382,starter,saas,999,2023-01-25,43,7,5,0.33,True,43.0,39.0
CUST11383,starter,fintech,999,2023-05-16,47,6,7,0.9,False,,
CUST11384,starter,edtech,999,2023-04-23,21,8,5,0.53,False,,
CUST11385,enterprise,edtech,19999,2023-05-23,44,6,10,0.32,False,,
CUST11386,growth,saas,2999,2023-05-26,51,5,7,0.43,False,,
CUST11387,starter,fintech,999,2023-02-09,45,8,8,0.86,True,45.0,43.0
CUST11388,growth,fintech,2999,2023-03-05,26,10,7,0.63,True,26.0,23.0
CUST11389,starter,ecommerce,999,2023-06-07,13,6,10,0.78,False,,
CUST11390,starter,fintech,999,2023-02-05,44,3,8,0.32,False,,
CUST11391,starter,healthtech,999,2023-02-03,15,2,1,0.26,True,15.0,12.0
CUST11392,growth,fintech,2999,2023-04-20,39,2,5,0.3,False,,
CUST11393,growth,fintech,2999,2023-04-24,31,1,2,0.61,True,31.0,29.0
CUST11394,pro,fintech,7999,2023-03-03,50,4,2,0.72,False,,
CUST11395,growth,ecommerce,2999,2023-03-17,17,9,4,0.9,False,,
CUST11396,starter,logistics,999,2023-03-11,12,7,4,0.51,True,12.0,10.0
CUST11397,growth,logistics,2999,2023-04-20,43,0,8,0.68,False,,
CUST11398,growth,saas,2999,2023-03-14,41,1,10,0.72,False,,
CUST11399,starter,fintech,999,2023-01-18,6,1,8,0.87,True,6.0,3.0
CUST11400,starter,edtech,999,2023-06-24,18,6,10,0.5,False,,
CUST11401,pro,healthtech,7999,2023-05-04,16,2,9,0.31,False,,
CUST11402,growth,saas,2999,2023-03-07,19,1,1,0.21,True,19.0,15.0
CUST11403,growth,edtech,2999,2023-04-26,14,8,7,0.88,True,14.0,11.0
CUST11404,enterprise,logistics,19999,2023-05-27,47,5,7,0.13,False,,
CUST11405,growth,fintech,2999,2023-02-26,18,6,2,0.98,False,,
CUST11406,growth,ecommerce,2999,2023-05-02,4,0,9,0.2,True,4.0,1.0
CUST11407,starter,logistics,999,2023-02-17,31,9,8,0.41,False,,
CUST11408,growth,edtech,2999,2023-06-29,20,4,5,0.29,True,20.0,16.0
CUST11409,pro,fintech,7999,2023-03-30,37,2,1,0.83,False,,
CUST11410,starter,saas,999,2023-06-05,20,9,3,0.15,True,20.0,18.0
CUST11411,starter,saas,999,2023-01-17,35,7,5,0.31,False,,
CUST11412,enterprise,saas,19999,2023-03-20,26,1,4,0.86,False,,
CUST11413,enterprise,saas,19999,2023-05-22,50,4,4,0.93,False,,
CUST11414,enterprise,logistics,19999,2023-06-20,45,6,9,0.69,False,,
CUST11415,starter,edtech,999,2023-05-07,50,3,4,0.22,True,50.0,46.0
CUST11416,starter,saas,999,2023-05-24,4,0,10,0.13,True,4.0,1.0
CUST11417,growth,fintech,2999,2023-06-16,28,7,5,0.34,False,,
CUST11418,growth,healthtech,2999,2023-01-05,35,4,9,0.21,True,35.0,33.0
CUST11419,starter,ecommerce,999,2023-01-30,31,8,4,0.51,True,31.0,29.0
CUST11420,pro,logistics,7999,2023-01-29,20,5,3,0.22,False,,
CUST11421,growth,saas,2999,2023-03-25,7,4,1,0.2,False,,
CUST11422,growth,logistics,2999,2023-04-06,10,1,4,0.93,False,,
CUST11423,starter,edtech,999,2023-03-19,34,6,1,0.41,True,34.0,32.0
CUST11424,pro,logistics,7999,2023-04-13,28,5,3,0.52,False,,
CUST11425,growth,saas,2999,2023-04-24,35,10,10,0.5,False,,
CUST11426,pro,saas,7999,2023-05-11,41,9,2,0.16,True,41.0,39.0
CUST11427,starter,saas,999,2023-03-29,12,10,4,0.61,True,12.0,10.0
CUST11428,growth,ecommerce,2999,2023-05-11,12,8,7,0.19,True,12.0,10.0
CUST11429,pro,ecommerce,7999,2023-03-30,44,2,4,0.52,True,44.0,41.0
CUST11430,pro,fintech,7999,2023-05-11,5,3,10,0.19,True,5.0,2.0
CUST11431,pro,saas,7999,2023-02-03,38,1,10,0.8,False,,
CUST11432,starter,saas,999,2023-05-19,35,10,1,0.17,False,,
CUST11433,growth,saas,2999,2023-05-06,14,6,7,0.61,False,,
CUST11434,growth,logistics,2999,2023-05-07,24,6,3,0.34,False,,
CUST11435,growth,logistics,2999,2023-03-06,5,3,9,0.65,False,,
CUST11436,growth,fintech,2999,2023-01-03,15,6,1,0.26,True,15.0,11.0
CUST11437,growth,saas,2999,2023-02-02,14,10,1,0.3,True,14.0,12.0
CUST11438,starter,logistics,999,2023-03-18,4,9,5,0.95,False,,
CUST11439,starter,edtech,999,2023-04-18,47,0,3,0.14,True,47.0,45.0
CUST11440,growth,edtech,2999,2023-01-28,18,8,1,0.96,False,,
CUST11441,starter,logistics,999,2023-03-12,21,3,6,0.38,True,21.0,18.0
CUST11442,pro,fintech,7999,2023-04-22,37,0,4,0.22,False,,
CUST11443,growth,ecommerce,2999,2023-03-25,5,5,2,0.31,False,,
CUST11444,starter,edtech,999,2023-01-18,12,7,4,1.0,False,,
CUST11445,starter,logistics,999,2023-04-09,22,1,9,0.49,False,,
CUST11446,growth,edtech,2999,2023-06-09,11,2,9,0.63,False,,
CUST11447,pro,healthtech,7999,2023-01-01,28,8,10,0.68,False,,
CUST11448,pro,healthtech,7999,2023-01-27,7,5,3,0.79,False,,
CUST11449,growth,healthtech,2999,2023-03-10,33,1,4,0.3,True,33.0,29.0
CUST11450,pro,fintech,7999,2023-04-08,19,4,10,0.99,False,,
CUST11451,pro,logistics,7999,2023-03-17,13,8,4,0.25,False,,
CUST11452,starter,healthtech,999,2023-05-23,9,4,4,0.54,False,,
CUST11453,pro,edtech,7999,2023-04-10,46,9,5,0.19,True,46.0,42.0
CUST11454,enterprise,fintech,19999,2023-04-01,19,2,1,0.95,True,19.0,16.0
CUST11455,pro,fintech,7999,2023-03-31,45,3,8,0.35,True,45.0,41.0
CUST11456,pro,ecommerce,7999,2023-03-24,5,0,8,0.81,False,,
CUST11457,growth,fintech,2999,2023-04-29,20,0,2,0.67,False,,
CUST11458,starter,edtech,999,2023-01-18,15,1,5,0.94,False,,
CUST11459,enterprise,fintech,19999,2023-06-11,40,7,1,0.95,False,,
CUST11460,enterprise,saas,19999,2023-02-20,30,1,3,0.55,False,,
CUST11461,growth,ecommerce,2999,2023-01-15,44,10,4,0.66,True,44.0,40.0
CUST11462,enterprise,saas,19999,2023-03-02,34,6,6,0.64,False,,
CUST11463,starter,healthtech,999,2023-04-23,19,10,8,0.97,False,,
CUST11464,pro,saas,7999,2023-04-24,43,2,2,0.41,False,,
CUST11465,starter,fintech,999,2023-05-17,4,6,10,0.15,False,,
CUST11466,starter,ecommerce,999,2023-05-18,39,9,7,0.17,False,,
CUST11467,pro,healthtech,7999,2023-03-13,5,3,7,0.36,False,,
CUST11468,starter,ecommerce,999,2023-01-14,43,0,9,0.17,True,43.0,39.0
CUST11469,starter,logistics,999,2023-05-09,9,0,3,0.88,True,9.0,6.0
CUST11470,pro,edtech,7999,2023-06-17,14,10,8,0.74,False,,
CUST11471,starter,edtech,999,2023-03-13,47,4,9,0.53,True,47.0,43.0
CUST11472,starter,logistics,999,2023-02-20,33,7,1,0.23,False,,
CUST11473,starter,fintech,999,2023-06-05,31,5,5,0.2,True,31.0,27.0
CUST11474,starter,ecommerce,999,2023-06-04,26,0,3,0.93,False,,
CUST11475,starter,ecommerce,999,2023-04-26,15,2,7,0.36,False,,
CUST11476,growth,fintech,2999,2023-06-20,24,0,5,0.17,False,,
CUST11477,pro,edtech,7999,2023-02-07,26,1,3,0.42,True,26.0,24.0
CUST11478,growth,fintech,2999,2023-06-20,49,5,7,0.88,True,49.0,45.0
CUST11479,pro,ecommerce,7999,2023-04-16,9,8,5,0.51,False,,
CUST11480,starter,ecommerce,999,2023-04-06,9,9,10,0.57,False,,
CUST11481,pro,healthtech,7999,2023-02-23,35,9,5,0.43,True,35.0,32.0
CUST11482,starter,edtech,999,2023-01-10,8,0,3,0.77,False,,
CUST11483,growth,edtech,2999,2023-03-15,41,3,3,0.31,False,,
CUST11484,growth,healthtech,2999,2023-03-10,34,7,8,0.18,False,,
CUST11485,growth,edtech,2999,2023-02-17,29,9,3,0.52,True,29.0,26.0
CUST11486,growth,ecommerce,2999,2023-06-17,9,7,1,0.66,True,9.0,6.0
CUST11487,starter,saas,999,2023-05-31,31,4,1,0.99,False,,
CUST11488,pro,fintech,7999,2023-02-07,43,0,9,0.17,False,,
CUST11489,starter,healthtech,999,2023-04-06,18,7,1,0.84,True,18.0,15.0
CUST11490,pro,logistics,7999,2023-03-20,34,9,6,0.64,False,,
CUST11491,growth,saas,2999,2023-05-06,13,8,8,0.12,False,,
CUST11492,pro,edtech,7999,2023-03-10,24,7,9,0.46,False,,
CUST11493,enterprise,saas,19999,2023-03-10,8,1,9,0.31,False,,
CUST11494,starter,edtech,999,2023-05-12,28,4,10,0.26,False,,
CUST11495,pro,healthtech,7999,2023-02-03,6,0,6,0.6,False,,
CUST11496,starter,saas,999,2023-06-07,5,6,9,0.39,False,,
CUST11497,starter,ecommerce,999,2023-01-03,46,1,4,0.86,True,46.0,42.0
CUST11498,starter,healthtech,999,2023-02-20,18,1,8,0.15,False,,
CUST11499,starter,saas,999,2023-03-08,45,5,7,0.38,True,45.0,41.0
CUST11500,pro,ecommerce,7999,2023-06-10,7,4,4,0.98,False,,
CUST11501,starter,edtech,999,2023-04-05,42,1,2,0.13,True,42.0,38.0
CUST11502,growth,logistics,2999,2023-04-11,24,7,5,0.16,False,,
CUST11503,starter,edtech,999,2023-04-14,31,10,2,0.47,False,,
CUST11504,pro,ecommerce,7999,2023-03-07,41,0,7,0.69,True,41.0,38.0
CUST11505,growth,ecommerce,2999,2023-05-09,42,6,4,0.99,True,42.0,40.0
CUST11506,starter,edtech,999,2023-01-26,36,10,6,0.34,False,,
CUST11507,growth,fintech,2999,2023-03-01,24,6,8,0.43,True,24.0,20.0
CUST11508,starter,saas,999,2023-04-14,6,4,10,0.37,True,6.0,2.0
CUST11509,pro,fintech,7999,2023-06-19,15,4,1,0.31,True,15.0,12.0
CUST11510,growth,saas,2999,2023-05-06,13,7,5,0.73,True,13.0,11.0
CUST11511,enterprise,edtech,19999,2023-01-28,28,4,1,0.83,False,,
CUST11512,growth,fintech,2999,2023-06-18,41,7,1,0.59,False,,
CUST11513,growth,healthtech,2999,2023-01-04,46,9,10,0.73,False,,
CUST11514,starter,edtech,999,2023-04-01,22,4,8,0.97,False,,
CUST11515,starter,saas,999,2023-01-03,50,0,10,0.98,False,,
CUST11516,growth,healthtech,2999,2023-01-17,51,3,4,0.15,False,,
CUST11517,enterprise,fintech,19999,2023-04-16,48,9,8,0.41,False,,
CUST11518,pro,edtech,7999,2023-06-07,48,7,4,0.84,False,,
CUST11519,growth,edtech,2999,2023-04-21,14,7,9,0.61,False,,
CUST11520,starter,ecommerce,999,2023-04-03,31,5,7,0.8,True,31.0,27.0
CUST11521,growth,ecommerce,2999,2023-03-04,21,4,3,0.65,True,21.0,17.0
CUST11522,starter,ecommerce,999,2023-01-23,46,7,6,0.27,False,,
CUST11523,growth,healthtech,2999,2023-06-11,16,7,5,0.25,False,,
CUST11524,pro,saas,7999,2023-03-26,22,8,3,0.91,False,,
CUST11525,growth,ecommerce,2999,2023-02-21,27,4,9,0.35,True,27.0,23.0
CUST11526,enterprise,saas,19999,2023-02-08,20,10,4,0.16,False,,
CUST11527,growth,healthtech,2999,2023-05-26,51,4,8,0.91,True,51.0,49.0
CUST11528,enterprise,saas,19999,2023-01-11,24,1,2,0.33,False,,
CUST11529,starter,logistics,999,2023-06-03,10,7,7,0.95,True,10.0,7.0
CUST11530,growth,healthtech,2999,2023-05-25,43,5,9,0.47,False,,
CUST11531,starter,saas,999,2023-01-13,23,1,4,0.91,False,,
CUST11532,enterprise,fintech,19999,2023-03-27,32,4,9,0.67,False,,
CUST11533,pro,ecommerce,7999,2023-03-11,6,8,4,0.52,True,6.0,2.0
CUST11534,growth,healthtech,2999,2023-02-28,24,7,9,0.4,False,,
CUST11535,growth,edtech,2999,2023-01-25,4,7,8,0.95,True,4.0,2.0
CUST11536,growth,healthtech,2999,2023-03-02,26,8,9,0.66,False,,
CUST11537,growth,ecommerce,2999,2023-01-01,6,4,6,0.83,False,,
CUST11538,starter,ecommerce,999,2023-02-11,40,0,2,0.9,False,,
CUST11539,growth,ecommerce,2999,2023-02-01,48,10,8,0.86,False,,
CUST11540,starter,edtech,999,2023-06-25,34,5,8,0.37,True,34.0,31.0
CUST11541,growth,logistics,2999,2023-01-10,5,4,8,0.29,False,,
CUST11542,enterprise,saas,19999,2023-05-19,19,0,5,0.11,False,,
CUST11543,pro,saas,7999,2023-02-25,15,2,10,0.83,False,,
CUST11544,starter,logistics,999,2023-01-12,44,5,2,0.95,True,44.0,41.0
CUST11545,starter,edtech,999,2023-05-23,41,9,2,0.62,False,,
CUST11546,enterprise,edtech,19999,2023-04-15,34,3,10,0.51,False,,
CUST11547,growth,healthtech,2999,2023-02-22,50,8,10,0.44,True,50.0,47.0
CUST11548,growth,saas,2999,2023-03-31,11,4,8,0.17,True,11.0,7.0
CUST11549,growth,ecommerce,2999,2023-05-23,4,10,6,0.24,False,,
CUST11550,starter,healthtech,999,2023-03-10,36,7,7,0.67,False,,
CUST11551,growth,edtech,2999,2023-06-19,34,3,3,0.68,False,,
CUST11552,starter,ecommerce,999,2023-03-21,40,0,4,0.56,True,40.0,38.0
CUST11553,growth,healthtech,2999,2023-03-01,33,5,4,0.16,False,,
CUST11554,growth,ecommerce,2999,2023-01-11,44,4,10,0.42,False,,
CUST11555,pro,logistics,7999,2023-03-14,33,4,1,0.37,False,,
CUST11556,growth,logistics,2999,2023-04-30,26,8,6,0.64,False,,
CUST11557,pro,ecommerce,7999,2023-04-02,47,2,6,0.71,False,,
CUST11558,starter,healthtech,999,2023-03-29,19,6,10,0.23,True,19.0,15.0
CUST11559,pro,fintech,7999,2023-06-13,35,4,2,0.26,True,35.0,31.0
CUST11560,growth,healthtech,2999,2023-05-21,45,0,2,0.82,False,,
CUST11561,growth,healthtech,2999,2023-04-27,52,9,4,0.93,False,,
CUST11562,pro,saas,7999,2023-05-07,36,3,10,0.12,False,,
CUST11563,starter,healthtech,999,2023-03-31,12,4,4,0.24,False,,
CUST11564,pro,ecommerce,7999,2023-05-02,11,5,7,0.93,False,,
CUST11565,growth,ecommerce,2999,2023-05-21,27,5,10,0.69,True,27.0,25.0
CUST11566,starter,logistics,999,2023-05-20,41,10,4,0.97,True,41.0,37.0
CUST11567,starter,ecommerce,999,2023-01-25,47,5,1,0.93,False,,
CUST11568,starter,fintech,999,2023-05-04,9,9,4,0.73,False,,
CUST11569,starter,logistics,999,2023-05-20,47,1,1,0.68,True,47.0,44.0
CUST11570,pro,saas,7999,2023-04-11,47,2,10,0.27,False,,
CUST11571,pro,logistics,7999,2023-06-11,5,8,10,0.49,False,,
CUST11572,enterprise,ecommerce,19999,2023-04-25,19,8,2,0.93,False,,
CUST11573,pro,healthtech,7999,2023-05-30,36,7,2,0.58,False,,
CUST11574,growth,ecommerce,2999,2023-03-03,17,1,6,0.83,False,,
CUST11575,starter,saas,999,2023-06-29,12,7,7,0.16,False,,
CUST11576,starter,logistics,999,2023-06-30,28,6,6,0.74,True,28.0,25.0
CUST11577,starter,logistics,999,2023-01-01,32,3,8,0.32,False,,
CUST11578,pro,ecommerce,7999,2023-06-01,50,4,3,0.79,False,,
CUST11579,growth,logistics,2999,2023-05-23,21,2,5,0.52,True,21.0,17.0
CUST11580,starter,saas,999,2023-05-07,20,3,9,0.8,False,,
CUST11581,growth,fintech,2999,2023-03-28,29,7,9,0.18,False,,
CUST11582,starter,ecommerce,999,2023-06-24,44,8,8,0.61,True,44.0,40.0
CUST11583,enterprise,saas,19999,2023-04-25,23,4,9,0.24,False,,
CUST11584,starter,healthtech,999,2023-06-01,22,5,8,0.57,False,,
CUST11585,starter,ecommerce,999,2023-01-05,18,2,1,0.55,False,,
CUST11586,growth,logistics,2999,2023-02-20,25,10,4,0.69,True,25.0,23.0
CUST11587,pro,ecommerce,7999,2023-01-25,39,4,3,0.38,True,39.0,36.0
CUST11588,starter,edtech,999,2023-04-23,11,2,5,0.43,False,,
CUST11589,growth,ecommerce,2999,2023-04-11,43,2,7,0.45,True,43.0,39.0
CUST11590,pro,saas,7999,2023-05-27,18,1,4,0.48,False,,
CUST11591,growth,logistics,2999,2023-04-25,31,1,1,0.89,True,31.0,27.0
CUST11592,enterprise,edtech,19999,2023-01-11,32,6,2,0.96,True,32.0,29.0
CUST11593,pro,logistics,7999,2023-03-29,18,4,9,0.95,False,,
CUST11594,pro,saas,7999,2023-04-20,37,7,4,0.59,True,37.0,34.0
CUST11595,pro,saas,7999,2023-03-15,11,4,10,0.22,False,,
CUST11596,starter,fintech,999,2023-04-27,34,3,2,0.88,False,,
CUST11597,enterprise,saas,19999,2023-01-07,51,6,7,0.46,False,,
CUST11598,growth,logistics,2999,2023-05-05,47,0,7,0.68,False,,
CUST11599,starter,ecommerce,999,2023-04-26,13,0,6,0.65,False,,
CUST11600,starter,logistics,999,2023-04-22,20,4,3,0.53,False,,
CUST11601,pro,fintech,7999,2023-06-01,33,10,9,0.72,False,,
CUST11602,growth,edtech,2999,2023-04-20,29,1,6,0.11,True,29.0,25.0
CUST11603,starter,edtech,999,2023-02-11,25,4,5,0.94,True,25.0,22.0
CUST11604,growth,ecommerce,2999,2023-03-10,25,5,1,0.23,False,,
CUST11605,starter,edtech,999,2023-05-01,7,5,3,0.74,False,,
CUST11606,pro,healthtech,7999,2023-05-20,21,6,6,0.1,False,,
CUST11607,starter,logistics,999,2023-06-09,16,8,9,0.58,True,16.0,14.0
CUST11608,enterprise,edtech,19999,2023-02-02,4,8,10,0.9,False,,
CUST11609,starter,fintech,999,2023-02-13,38,8,10,0.42,True,38.0,35.0
CUST11610,growth,healthtech,2999,2023-01-19,52,6,4,0.51,False,,
CUST11611,growth,edtech,2999,2023-03-02,50,1,10,0.43,False,,
CUST11612,enterprise,healthtech,19999,2023-03-31,10,2,9,0.27,False,,
CUST11613,starter,fintech,999,2023-04-28,45,6,6,0.28,True,45.0,41.0
CUST11614,starter,logistics,999,2023-05-22,40,7,3,0.13,False,,
CUST11615,enterprise,logistics,19999,2023-04-27,25,7,1,0.69,False,,
CUST11616,growth,edtech,2999,2023-06-22,48,10,4,0.37,False,,
CUST11617,starter,ecommerce,999,2023-01-15,17,1,9,0.76,False,,
CUST11618,pro,edtech,7999,2023-05-01,13,4,7,0.38,False,,
CUST11619,pro,fintech,7999,2023-06-23,18,5,4,0.87,False,,
CUST11620,growth,edtech,2999,2023-02-13,24,4,3,0.9,False,,
CUST11621,starter,edtech,999,2023-05-16,22,10,5,0.93,True,22.0,18.0
CUST11622,growth,fintech,2999,2023-03-09,28,2,3,0.48,False,,
CUST11623,starter,logistics,999,2023-02-27,28,4,3,0.22,True,28.0,26.0
CUST11624,starter,edtech,999,2023-03-25,27,0,9,0.53,True,27.0,24.0
CUST11625,growth,ecommerce,2999,2023-03-18,5,7,3,0.94,False,,
CUST11626,enterprise,ecommerce,19999,2023-02-11,21,3,3,0.43,False,,
CUST11627,pro,fintech,7999,2023-04-10,17,5,9,0.93,False,,
CUST11628,pro,healthtech,7999,2023-01-15,11,1,2,0.82,True,11.0,7.0
CUST11629,enterprise,ecommerce,19999,2023-05-23,34,8,10,0.81,False,,
CUST11630,starter,saas,999,2023-02-11,32,0,5,0.52,False,,
CUST11631,starter,fintech,999,2023-01-16,19,4,10,0.96,False,,
CUST11632,growth,healthtech,2999,2023-06-19,19,6,9,0.59,False,,
CUST11633,growth,saas,2999,2023-03-08,10,6,4,0.49,False,,
CUST11634,growth,fintech,2999,2023-05-31,47,1,7,0.1,True,47.0,45.0
CUST11635,growth,ecommerce,2999,2023-04-20,26,0,4,0.46,False,,
CUST11636,growth,logistics,2999,2023-03-20,20,4,4,0.66,False,,
CUST11637,starter,edtech,999,2023-02-25,10,7,9,0.14,False,,
CUST11638,growth,edtech,2999,2023-02-27,38,8,4,0.15,False,,
CUST11639,enterprise,healthtech,19999,2023-04-19,39,10,5,0.4,False,,
CUST11640,pro,healthtech,7999,2023-01-04,38,8,4,0.92,False,,
CUST11641,growth,edtech,2999,2023-06-07,42,0,9,0.58,False,,
CUST11642,starter,logistics,999,2023-03-13,51,1,3,0.33,True,51.0,48.0
CUST11643,starter,logistics,999,2023-03-11,50,6,10,0.59,False,,
CUST11644,starter,logistics,999,2023-03-29,49,4,7,0.76,False,,
CUST11645,pro,ecommerce,7999,2023-05-01,25,7,4,0.57,True,25.0,21.0
CUST11646,pro,logistics,7999,2023-04-25,17,9,5,0.14,True,17.0,13.0
CUST11647,growth,fintech,2999,2023-03-01,37,7,8,0.88,False,,
CUST11648,starter,ecommerce,999,2023-06-30,4,6,4,0.28,True,4.0,2.0
CUST11649,enterprise,ecommerce,19999,2023-03-26,33,2,6,0.12,False,,
CUST11650,enterprise,healthtech,19999,2023-02-25,34,9,5,0.58,True,34.0,30.0
CUST11651,enterprise,edtech,19999,2023-05-01,41,10,10,0.74,False,,
CUST11652,growth,edtech,2999,2023-04-21,43,1,8,0.43,True,43.0,39.0
CUST11653,growth,healthtech,2999,2023-02-28,5,2,5,0.31,False,,
CUST11654,growth,fintech,2999,2023-04-02,32,1,3,0.49,False,,
CUST11655,pro,edtech,7999,2023-06-30,33,8,4,0.7,False,,
CUST11656,pro,ecommerce,7999,2023-05-13,7,9,5,0.58,False,,
CUST11657,starter,fintech,999,2023-05-28,9,6,7,0.83,False,,
CUST11658,starter,healthtech,999,2023-04-21,10,8,4,0.8,True,10.0,7.0
CUST11659,growth,healthtech,2999,2023-04-13,36,3,5,0.34,False,,
CUST11660,enterprise,ecommerce,19999,2023-04-11,47,7,8,0.3,False,,
CUST11661,starter,fintech,999,2023-02-01,32,3,5,0.73,False,,
CUST11662,growth,fintech,2999,2023-01-28,11,10,1,0.79,False,,
CUST11663,enterprise,edtech,19999,2023-06-05,10,7,10,0.67,True,10.0,8.0
CUST11664,growth,healthtech,2999,2023-01-20,37,4,1,0.9,False,,
CUST11665,enterprise,edtech,19999,2023-02-05,4,10,5,0.78,False,,
CUST11666,starter,ecommerce,999,2023-01-27,30,3,6,0.21,True,30.0,26.0
CUST11667,enterprise,edtech,19999,2023-05-24,38,6,8,0.95,False,,
CUST11668,growth,saas,2999,2023-03-12,37,7,5,0.5,False,,
CUST11669,pro,healthtech,7999,2023-06-20,16,8,1,0.93,False,,
CUST11670,starter,ecommerce,999,2023-03-02,41,1,1,0.19,False,,
CUST11671,starter,healthtech,999,2023-05-20,36,6,1,0.15,True,36.0,34.0
CUST11672,growth,healthtech,2999,2023-05-09,7,4,2,0.43,False,,
CUST11673,starter,healthtech,999,2023-06-27,29,1,9,0.29,False,,
CUST11674,enterprise,healthtech,19999,2023-05-20,22,6,5,0.32,True,22.0,20.0
CUST11675,pro,ecommerce,7999,2023-06-02,14,2,7,0.31,True,14.0,12.0
CUST11676,starter,edtech,999,2023-04-23,15,1,5,0.52,True,15.0,12.0
CUST11677,starter,edtech,999,2023-04-21,28,5,7,0.93,True,28.0,24.0
CUST11678,starter,logistics,999,2023-05-02,19,9,8,0.22,True,19.0,16.0
CUST11679,pro,logistics,7999,2023-03-27,21,5,2,0.48,True,21.0,17.0
CUST11680,starter,fintech,999,2023-01-19,32,7,9,0.3,False,,
CUST11681,pro,saas,7999,2023-01-27,24,8,9,0.92,True,24.0,20.0
CUST11682,pro,edtech,7999,2023-04-26,30,8,5,0.34,False,,
CUST11683,pro,healthtech,7999,2023-01-04,52,2,9,0.17,False,,
CUST11684,enterprise,healthtech,19999,2023-04-24,28,10,1,0.96,False,,
CUST11685,pro,fintech,7999,2023-06-03,11,9,2,0.92,False,,
CUST11686,starter,saas,999,2023-03-05,19,4,5,0.4,True,19.0,15.0
CUST11687,starter,saas,999,2023-04-06,21,5,1,0.29,True,21.0,18.0
CUST11688,growth,ecommerce,2999,2023-03-15,10,4,5,0.78,False,,
CUST11689,starter,logistics,999,2023-06-24,39,6,10,0.49,False,,
CUST11690,growth,saas,2999,2023-04-20,51,6,2,0.48,True,51.0,47.0
CUST11691,growth,ecommerce,2999,2023-03-22,36,10,9,0.65,False,,
CUST11692,pro,logistics,7999,2023-02-14,6,9,3,0.77,False,,
CUST11693,starter,healthtech,999,2023-06-09,42,2,10,0.34,False,,
CUST11694,growth,logistics,2999,2023-06-15,7,0,5,0.13,True,7.0,3.0
CUST11695,growth,healthtech,2999,2023-05-11,12,8,1,0.66,False,,
CUST11696,growth,ecommerce,2999,2023-03-27,45,4,1,0.58,False,,
CUST11697,starter,edtech,999,2023-03-18,27,1,10,0.55,True,27.0,24.0
CUST11698,starter,edtech,999,2023-03-23,51,2,8,0.48,False,,
CUST11699,growth,logistics,2999,2023-06-11,34,8,6,0.29,False,,
CUST11700,pro,saas,7999,2023-03-10,42,7,3,0.4,False,,
CUST11701,starter,fintech,999,2023-03-02,25,4,3,0.55,True,25.0,22.0
CUST11702,starter,healthtech,999,2023-01-19,10,4,8,0.58,True,10.0,7.0
CUST11703,starter,ecommerce,999,2023-03-11,14,0,4,0.36,True,14.0,12.0
CUST11704,starter,fintech,999,2023-05-16,4,5,7,0.53,False,,
CUST11705,starter,saas,999,2023-06-02,36,8,1,0.75,True,36.0,33.0
CUST11706,growth,ecommerce,2999,2023-03-26,49,7,5,0.85,False,,
CUST11707,growth,saas,2999,2023-02-23,23,2,3,0.37,True,23.0,21.0
CUST11708,starter,saas,999,2023-05-24,8,5,7,1.0,False,,
CUST11709,starter,edtech,999,2023-01-26,47,6,10,0.8,True,47.0,45.0
CUST11710,starter,fintech,999,2023-02-21,8,9,6,0.55,False,,
CUST11711,starter,saas,999,2023-06-05,19,2,10,0.73,False,,
CUST11712,starter,logistics,999,2023-04-13,8,9,3,0.53,True,8.0,6.0
CUST11713,starter,edtech,999,2023-06-18,14,1,8,0.42,True,14.0,12.0
CUST11714,enterprise,saas,19999,2023-06-17,44,7,3,0.28,False,,
CUST11715,enterprise,fintech,19999,2023-06-09,8,6,5,0.83,False,,
CUST11716,pro,ecommerce,7999,2023-06-09,18,1,6,0.47,False,,
CUST11717,growth,ecommerce,2999,2023-02-05,14,3,6,0.86,False,,
CUST11718,starter,ecommerce,999,2023-01-02,35,4,2,0.66,True,35.0,31.0
CUST11719,pro,ecommerce,7999,2023-02-03,27,4,10,0.75,False,,
CUST11720,growth,saas,2999,2023-05-10,4,0,5,0.54,True,4.0,1.0
CUST11721,starter,ecommerce,999,2023-02-25,19,5,8,0.75,True,19.0,16.0
CUST11722,starter,saas,999,2023-02-22,25,0,6,0.85,False,,
CUST11723,enterprise,healthtech,19999,2023-05-18,46,6,8,0.88,False,,
CUST11724,starter,edtech,999,2023-04-30,44,6,8,0.92,False,,
CUST11725,starter,ecommerce,999,2023-01-04,10,10,1,0.82,False,,
CUST11726,growth,healthtech,2999,2023-04-14,14,2,3,0.56,True,14.0,12.0
CUST11727,growth,ecommerce,2999,2023-01-13,34,3,5,0.95,False,,
CUST11728,growth,edtech,2999,2023-03-11,17,6,2,0.63,False,,
CUST11729,growth,edtech,2999,2023-02-13,19,8,7,0.92,False,,
CUST11730,growth,logistics,2999,2023-03-16,25,10,2,0.3,False,,
CUST11731,starter,edtech,999,2023-04-21,4,5,5,0.32,False,,
CUST11732,growth,fintech,2999,2023-01-01,46,1,5,0.29,True,46.0,42.0
CUST11733,starter,logistics,999,2023-06-28,39,4,8,0.59,True,39.0,35.0
CUST11734,starter,fintech,999,2023-06-12,36,2,10,0.24,False,,
CUST11735,pro,edtech,7999,2023-05-13,41,6,3,0.25,False,,
CUST11736,growth,edtech,2999,2023-06-10,5,9,7,0.66,False,,
CUST11737,starter,ecommerce,999,2023-04-03,31,8,8,0.46,True,31.0,29.0
CUST11738,starter,edtech,999,2023-01-14,7,1,7,0.63,True,7.0,5.0
CUST11739,starter,logistics,999,2023-03-04,6,4,1,0.79,True,6.0,2.0
CUST11740,starter,ecommerce,999,2023-05-12,41,6,4,0.68,False,,
CUST11741,starter,fintech,999,2023-02-13,24,0,3,0.19,False,,
CUST11742,starter,healthtech,999,2023-04-10,36,6,10,0.64,False,,
CUST11743,starter,healthtech,999,2023-03-10,24,6,3,0.7,False,,
CUST11744,enterprise,fintech,19999,2023-05-31,29,5,2,0.11,False,,
CUST11745,growth,logistics,2999,2023-03-20,9,1,5,0.15,False,,
CUST11746,growth,logistics,2999,2023-06-07,17,5,10,0.78,False,,
CUST11747,pro,edtech,7999,2023-04-03,27,5,2,0.97,False,,
CUST11748,starter,saas,999,2023-05-02,28,9,1,0.36,True,28.0,24.0
CUST11749,starter,healthtech,999,2023-03-03,5,1,7,0.4,False,,
CUST11750,starter,saas,999,2023-06-02,38,8,5,0.99,False,,
CUST11751,growth,healthtech,2999,2023-01-14,52,9,3,0.61,False,,
CUST11752,growth,edtech,2999,2023-02-14,9,7,3,0.49,False,,
CUST11753,growth,saas,2999,2023-05-17,40,9,4,0.67,False,,
CUST11754,starter,logistics,999,2023-04-24,13,1,5,0.65,True,13.0,10.0
CUST11755,pro,fintech,7999,2023-03-19,10,1,5,0.55,True,10.0,7.0
CUST11756,growth,saas,2999,2023-01-30,6,0,2,0.99,False,,
CUST11757,growth,logistics,2999,2023-05-18,49,3,3,0.11,True,49.0,46.0
CUST11758,starter,logistics,999,2023-05-21,19,0,4,0.47,True,19.0,17.0
CUST11759,starter,logistics,999,2023-04-10,18,2,7,0.94,True,18.0,15.0
CUST11760,growth,fintech,2999,2023-04-15,7,2,1,0.84,False,,
CUST11761,pro,healthtech,7999,2023-05-20,11,8,1,0.25,True,11.0,8.0
CUST11762,starter,logistics,999,2023-01-13,34,9,1,0.44,True,34.0,31.0
CUST11763,starter,logistics,999,2023-02-05,9,5,1,0.17,True,9.0,6.0
CUST11764,starter,ecommerce,999,2023-03-28,45,9,3,0.37,True,45.0,42.0
CUST11765,starter,ecommerce,999,2023-02-01,12,0,9,0.25,True,12.0,9.0
CUST11766,enterprise,edtech,19999,2023-01-31,29,5,10,0.16,False,,
CUST11767,pro,saas,7999,2023-01-22,10,5,10,0.99,False,,
CUST11768,pro,logistics,7999,2023-05-11,40,3,4,0.15,False,,
CUST11769,enterprise,healthtech,19999,2023-03-01,41,6,3,0.25,False,,
CUST11770,growth,fintech,2999,2023-06-11,16,0,2,0.4,False,,
CUST11771,growth,healthtech,2999,2023-03-11,37,4,8,0.24,True,37.0,35.0
CUST11772,pro,logistics,7999,2023-04-03,6,7,9,0.48,False,,
CUST11773,growth,ecommerce,2999,2023-01-28,34,3,2,0.26,False,,
CUST11774,starter,edtech,999,2023-01-04,32,8,4,0.54,True,32.0,30.0
CUST11775,enterprise,logistics,19999,2023-05-29,25,3,10,0.9,False,,
CUST11776,starter,healthtech,999,2023-02-17,28,5,8,0.32,False,,
CUST11777,starter,saas,999,2023-04-16,27,8,8,0.65,False,,
CUST11778,starter,edtech,999,2023-05-18,36,8,9,0.43,False,,
CUST11779,enterprise,healthtech,19999,2023-02-23,21,1,9,0.97,False,,
CUST11780,growth,ecommerce,2999,2023-06-16,5,3,1,0.13,False,,
CUST11781,starter,logistics,999,2023-05-07,7,6,8,0.31,False,,
CUST11782,pro,logistics,7999,2023-01-10,52,8,7,0.15,False,,
CUST11783,growth,saas,2999,2023-02-05,19,10,4,0.81,True,19.0,15.0
CUST11784,pro,edtech,7999,2023-04-02,52,4,6,0.15,False,,
CUST11785,growth,ecommerce,2999,2023-04-05,24,0,3,0.18,False,,
CUST11786,starter,healthtech,999,2023-04-30,4,2,10,0.56,True,4.0,1.0
CUST11787,pro,healthtech,7999,2023-03-16,46,0,5,0.53,False,,
CUST11788,growth,saas,2999,2023-01-08,29,3,2,0.62,True,29.0,26.0
CUST11789,growth,edtech,2999,2023-05-26,16,4,8,0.55,False,,
CUST11790,growth,ecommerce,2999,2023-01-12,52,10,2,0.35,False,,
CUST11791,starter,saas,999,2023-01-04,10,7,5,0.48,False,,
CUST11792,starter,fintech,999,2023-02-23,25,0,6,0.33,False,,
CUST11793,growth,fintech,2999,2023-06-14,52,1,10,0.14,False,,
CUST11794,starter,healthtech,999,2023-04-17,13,4,3,0.8,True,13.0,9.0
CUST11795,growth,edtech,2999,2023-03-08,7,8,4,0.88,False,,
CUST11796,growth,edtech,2999,2023-03-06,45,4,1,0.68,False,,
CUST11797,pro,healthtech,7999,2023-05-23,24,1,8,0.23,False,,
CUST11798,starter,ecommerce,999,2023-03-21,11,1,6,0.8,True,11.0,8.0
CUST11799,growth,ecommerce,2999,2023-05-15,33,1,10,0.55,False,,
CUST11800,pro,ecommerce,7999,2023-02-09,5,2,8,0.48,False,,
CUST11801,starter,ecommerce,999,2023-05-15,11,4,5,0.63,True,11.0,7.0
CUST11802,growth,edtech,2999,2023-05-16,28,0,6,0.42,False,,
CUST11803,pro,logistics,7999,2023-03-14,12,8,4,0.32,False,,
CUST11804,growth,edtech,2999,2023-03-09,16,3,3,0.32,True,16.0,12.0
CUST11805,growth,logistics,2999,2023-05-26,34,8,8,0.25,False,,
CUST11806,growth,saas,2999,2023-01-08,19,0,6,0.49,True,19.0,15.0
CUST11807,pro,fintech,7999,2023-04-25,41,7,5,0.16,False,,
CUST11808,enterprise,healthtech,19999,2023-06-17,21,7,10,0.24,False,,
CUST11809,pro,fintech,7999,2023-04-02,28,4,5,0.8,False,,
CUST11810,pro,saas,7999,2023-04-07,48,6,2,0.88,False,,
CUST11811,growth,logistics,2999,2023-04-09,50,10,7,0.63,True,50.0,48.0
CUST11812,growth,healthtech,2999,2023-06-01,34,6,6,0.31,False,,
CUST11813,starter,ecommerce,999,2023-06-14,11,6,4,0.15,True,11.0,7.0
CUST11814,enterprise,saas,19999,2023-02-01,52,5,7,0.36,False,,
CUST11815,pro,fintech,7999,2023-02-09,27,6,9,0.94,False,,
CUST11816,starter,saas,999,2023-03-08,6,7,9,0.13,False,,
CUST11817,starter,healthtech,999,2023-04-10,36,7,9,0.84,True,36.0,33.0
CUST11818,pro,healthtech,7999,2023-05-17,29,10,5,0.26,False,,
CUST11819,starter,edtech,999,2023-05-31,26,0,8,0.44,False,,
CUST11820,enterprise,edtech,19999,2023-01-28,43,7,1,0.83,False,,
CUST11821,pro,ecommerce,7999,2023-02-10,35,7,10,0.76,False,,
CUST11822,starter,logistics,999,2023-02-01,8,8,9,0.89,True,8.0,5.0
CUST11823,enterprise,ecommerce,19999,2023-06-29,46,9,5,0.76,False,,
CUST11824,starter,fintech,999,2023-03-19,45,4,6,0.29,False,,
CUST11825,starter,edtech,999,2023-04-17,5,5,10,0.44,True,5.0,3.0
CUST11826,starter,ecommerce,999,2023-01-04,47,6,7,0.37,True,47.0,45.0
CUST11827,starter,ecommerce,999,2023-06-20,19,10,6,0.6,True,19.0,17.0
CUST11828,starter,healthtech,999,2023-03-06,22,6,8,0.92,False,,
CUST11829,growth,fintech,2999,2023-04-19,13,9,4,0.28,True,13.0,10.0
CUST11830,starter,fintech,999,2023-03-15,50,5,3,0.98,False,,
CUST11831,enterprise,logistics,19999,2023-03-29,22,4,10,0.83,False,,
CUST11832,growth,healthtech,2999,2023-02-16,30,9,9,0.69,True,30.0,26.0
CUST11833,pro,ecommerce,7999,2023-03-13,49,1,3,0.53,False,,
CUST11834,starter,healthtech,999,2023-06-01,34,2,4,0.89,False,,
CUST11835,enterprise,logistics,19999,2023-04-23,35,1,1,0.87,False,,
CUST11836,starter,fintech,999,2023-01-15,20,2,8,0.93,False,,
CUST11837,pro,edtech,7999,2023-05-07,52,2,10,0.98,False,,
CUST11838,starter,edtech,999,2023-05-11,21,10,2,0.85,False,,
CUST11839,pro,logistics,7999,2023-06-16,38,10,8,0.19,False,,
CUST11840,starter,logistics,999,2023-06-25,27,9,6,0.41,False,,
CUST11841,growth,healthtech,2999,2023-02-19,49,2,2,0.42,False,,
CUST11842,starter,ecommerce,999,2023-03-17,52,5,9,0.4,True,52.0,50.0
CUST11843,growth,saas,2999,2023-06-02,9,6,10,0.91,False,,
CUST11844,pro,fintech,7999,2023-02-25,48,0,1,0.36,False,,
CUST11845,growth,logistics,2999,2023-03-19,33,7,6,0.5,False,,
CUST11846,starter,logistics,999,2023-06-15,34,8,5,0.73,False,,
CUST11847,starter,logistics,999,2023-04-14,10,2,3,0.15,False,,
CUST11848,starter,ecommerce,999,2023-03-12,45,10,5,0.71,False,,
CUST11849,starter,healthtech,999,2023-03-30,6,3,10,0.35,False,,
CUST11850,starter,edtech,999,2023-02-26,29,10,3,0.16,False,,
CUST11851,pro,fintech,7999,2023-04-25,35,5,3,0.38,False,,
CUST11852,pro,fintech,7999,2023-01-29,46,0,8,0.61,False,,
CUST11853,starter,fintech,999,2023-06-04,12,9,9,0.76,False,,
CUST11854,growth,logistics,2999,2023-01-11,27,7,1,0.41,False,,
CUST11855,growth,edtech,2999,2023-01-09,41,0,6,0.62,True,41.0,39.0
CUST11856,enterprise,logistics,19999,2023-06-28,14,4,4,0.5,False,,
CUST11857,pro,logistics,7999,2023-04-24,6,4,7,0.58,False,,
CUST11858,pro,edtech,7999,2023-03-30,22,2,6,0.13,False,,
CUST11859,growth,edtech,2999,2023-03-16,38,5,8,0.8,False,,
CUST11860,growth,saas,2999,2023-03-30,49,6,4,0.39,False,,
CUST11861,pro,fintech,7999,2023-01-28,8,3,7,0.89,False,,
CUST11862,starter,healthtech,999,2023-05-13,7,2,2,0.86,False,,
CUST11863,enterprise,saas,19999,2023-06-18,29,3,4,0.2,False,,
CUST11864,growth,ecommerce,2999,2023-04-20,14,8,7,0.95,False,,
CUST11865,growth,logistics,2999,2023-02-11,35,10,3,0.68,False,,
CUST11866,pro,saas,7999,2023-01-21,27,0,3,0.51,False,,
CUST11867,growth,fintech,2999,2023-05-05,43,1,5,0.93,False,,
CUST11868,pro,logistics,7999,2023-03-30,31,9,7,0.65,True,31.0,29.0
CUST11869,growth,ecommerce,2999,2023-05-14,5,3,8,0.87,False,,
CUST11870,growth,saas,2999,2023-06-24,27,4,3,0.29,False,,
CUST11871,pro,healthtech,7999,2023-02-19,12,10,5,0.53,False,,
CUST11872,pro,saas,7999,2023-02-14,17,4,6,0.2,False,,
CUST11873,enterprise,edtech,19999,2023-06-23,45,5,6,0.18,False,,
CUST11874,enterprise,logistics,19999,2023-02-28,35,2,8,0.18,False,,
CUST11875,pro,edtech,7999,2023-04-05,41,5,1,0.49,True,41.0,38.0
CUST11876,pro,logistics,7999,2023-05-06,49,4,4,0.43,True,49.0,47.0
CUST11877,growth,ecommerce,2999,2023-06-09,41,9,3,0.45,False,,
CUST11878,starter,ecommerce,999,2023-04-10,16,1,1,0.7,True,16.0,13.0
CUST11879,pro,ecommerce,7999,2023-06-28,27,5,1,0.35,False,,
CUST11880,starter,healthtech,999,2023-05-16,51,8,8,0.52,True,51.0,49.0
CUST11881,growth,logistics,2999,2023-02-03,45,7,4,0.56,False,,
CUST11882,enterprise,edtech,19999,2023-04-01,11,8,3,0.5,True,11.0,8.0
CUST11883,pro,logistics,7999,2023-06-24,31,9,5,0.84,False,,
CUST11884,pro,saas,7999,2023-02-09,30,2,4,0.66,True,30.0,26.0
CUST11885,growth,healthtech,2999,2023-02-01,39,7,6,0.56,False,,
CUST11886,pro,fintech,7999,2023-03-16,6,0,1,0.19,True,6.0,2.0
CUST11887,growth,edtech,2999,2023-06-29,40,3,2,0.18,False,,
CUST11888,starter,logistics,999,2023-02-09,18,7,3,0.98,True,18.0,16.0
CUST11889,starter,ecommerce,999,2023-05-14,7,4,4,0.71,False,,
CUST11890,growth,ecommerce,2999,2023-05-28,16,5,3,0.59,False,,
CUST11891,starter,healthtech,999,2023-01-02,7,2,1,0.94,True,7.0,5.0
CUST11892,pro,fintech,7999,2023-04-30,27,1,9,0.72,False,,
CUST11893,starter,saas,999,2023-05-09,22,5,10,0.2,False,,
CUST11894,starter,edtech,999,2023-05-30,27,8,2,0.57,True,27.0,23.0
CUST11895,enterprise,saas,19999,2023-03-31,21,5,3,0.55,False,,
CUST11896,starter,logistics,999,2023-03-09,37,4,3,0.77,False,,
CUST11897,pro,saas,7999,2023-02-17,32,2,3,0.3,False,,
CUST11898,starter,ecommerce,999,2023-02-13,10,8,5,0.87,False,,
CUST11899,pro,ecommerce,7999,2023-01-23,8,1,5,0.83,True,8.0,4.0
CUST11900,enterprise,healthtech,19999,2023-04-13,23,0,10,0.16,False,,
CUST11901,enterprise,saas,19999,2023-01-02,8,3,8,0.58,False,,
CUST11902,enterprise,fintech,19999,2023-02-28,33,5,10,0.65,False,,
CUST11903,growth,healthtech,2999,2023-05-07,29,7,5,0.18,True,29.0,25.0
CUST11904,starter,ecommerce,999,2023-02-12,37,10,6,0.28,False,,
CUST11905,growth,healthtech,2999,2023-05-06,14,4,5,0.81,True,14.0,12.0
CUST11906,growth,saas,2999,2023-04-04,35,4,6,0.55,False,,
CUST11907,starter,fintech,999,2023-04-01,6,7,2,0.38,True,6.0,3.0
CUST11908,growth,healthtech,2999,2023-01-11,48,4,2,0.84,False,,
CUST11909,growth,saas,2999,2023-05-30,11,2,2,0.7,True,11.0,8.0
CUST11910,growth,saas,2999,2023-01-13,17,2,3,0.93,False,,
CUST11911,growth,fintech,2999,2023-04-29,51,3,1,0.2,False,,
CUST11912,starter,saas,999,2023-01-17,8,9,2,0.7,True,8.0,4.0
CUST11913,starter,logistics,999,2023-06-23,45,7,6,0.69,False,,
CUST11914,growth,healthtech,2999,2023-04-10,42,7,8,0.57,False,,
CUST11915,growth,logistics,2999,2023-04-17,15,6,9,0.72,False,,
CUST11916,starter,fintech,999,2023-02-19,43,1,9,0.91,True,43.0,41.0
CUST11917,starter,logistics,999,2023-05-13,13,3,8,0.33,False,,
CUST11918,starter,saas,999,2023-03-13,16,6,3,0.65,False,,
CUST11919,starter,logistics,999,2023-04-01,37,0,5,0.78,False,,
CUST11920,growth,healthtech,2999,2023-01-27,29,1,3,0.22,True,29.0,27.0
CUST11921,starter,edtech,999,2023-01-11,48,9,4,0.86,False,,
CUST11922,pro,healthtech,7999,2023-06-19,47,9,8,0.29,True,47.0,44.0
CUST11923,starter,healthtech,999,2023-05-15,20,4,6,0.43,True,20.0,16.0
CUST11924,growth,ecommerce,2999,2023-02-01,20,4,3,0.32,True,20.0,18.0
CUST11925,growth,logistics,2999,2023-05-13,24,0,2,0.47,False,,
CUST11926,growth,edtech,2999,2023-03-25,32,6,2,0.85,False,,
CUST11927,starter,logistics,999,2023-05-19,33,9,9,0.28,False,,
CUST11928,enterprise,logistics,19999,2023-01-25,21,3,2,0.99,False,,
CUST11929,growth,fintech,2999,2023-04-07,52,8,1,0.85,False,,
CUST11930,growth,ecommerce,2999,2023-02-08,45,7,5,0.93,True,45.0,43.0
CUST11931,growth,logistics,2999,2023-04-06,36,10,3,0.59,False,,
CUST11932,starter,ecommerce,999,2023-03-30,43,9,5,0.13,True,43.0,41.0
CUST11933,pro,healthtech,7999,2023-06-22,6,9,10,0.93,False,,
CUST11934,enterprise,fintech,19999,2023-05-11,12,0,3,0.12,False,,
CUST11935,starter,fintech,999,2023-06-16,44,3,3,0.35,False,,
CUST11936,starter,saas,999,2023-03-06,19,1,10,0.13,False,,
CUST11937,starter,saas,999,2023-02-28,31,7,9,0.49,False,,
CUST11938,enterprise,ecommerce,19999,2023-01-11,23,0,8,0.74,False,,
CUST11939,growth,fintech,2999,2023-01-17,4,0,6,0.14,False,,
CUST11940,starter,fintech,999,2023-03-08,36,10,6,0.56,False,,
CUST11941,growth,edtech,2999,2023-05-31,30,0,2,0.34,False,,
CUST11942,pro,fintech,7999,2023-02-17,19,1,3,0.31,False,,
CUST11943,pro,ecommerce,7999,2023-02-07,7,2,8,0.31,False,,
CUST11944,pro,healthtech,7999,2023-03-04,10,8,6,0.78,False,,
CUST11945,growth,ecommerce,2999,2023-04-03,15,8,10,0.58,False,,
CUST11946,starter,edtech,999,2023-02-21,8,2,6,0.91,False,,
CUST11947,growth,saas,2999,2023-01-09,11,0,1,0.94,False,,
CUST11948,starter,edtech,999,2023-02-01,36,0,2,0.87,True,36.0,32.0
CUST11949,starter,ecommerce,999,2023-04-08,41,1,5,0.98,True,41.0,37.0
CUST11950,starter,healthtech,999,2023-03-16,52,6,7,0.68,True,52.0,48.0
CUST11951,pro,ecommerce,7999,2023-03-26,15,5,7,0.76,False,,
CUST11952,growth,ecommerce,2999,2023-01-10,22,5,6,0.72,True,22.0,19.0
CUST11953,pro,logistics,7999,2023-05-20,28,2,4,0.6,False,,
CUST11954,pro,fintech,7999,2023-03-24,31,2,5,0.92,False,,
CUST11955,growth,saas,2999,2023-05-19,5,6,5,0.6,False,,
CUST11956,growth,fintech,2999,2023-05-11,23,2,2,0.13,True,23.0,19.0
CUST11957,pro,edtech,7999,2023-03-28,25,3,3,0.6,False,,
CUST11958,growth,edtech,2999,2023-01-24,40,7,2,0.75,False,,
CUST11959,growth,healthtech,2999,2023-06-30,15,0,6,0.56,False,,
CUST11960,starter,fintech,999,2023-03-29,20,1,8,0.96,False,,
CUST11961,starter,fintech,999,2023-01-15,44,1,7,0.72,True,44.0,42.0
CUST11962,growth,logistics,2999,2023-01-27,11,6,5,0.14,True,11.0,8.0
CUST11963,starter,logistics,999,2023-06-01,23,10,2,0.63,False,,
CUST11964,pro,logistics,7999,2023-03-21,42,10,10,0.81,True,42.0,38.0
CUST11965,starter,edtech,999,2023-04-02,43,9,4,0.12,True,43.0,41.0
CUST11966,growth,fintech,2999,2023-02-26,19,2,7,0.49,False,,
CUST11967,starter,fintech,999,2023-06-15,49,2,1,0.31,True,49.0,45.0
CUST11968,pro,logistics,7999,2023-03-25,4,1,1,0.4,False,,
CUST11969,growth,logistics,2999,2023-03-30,38,1,4,0.88,False,,
CUST11970,growth,logistics,2999,2023-01-07,23,6,9,0.88,True,23.0,21.0
CUST11971,starter,saas,999,2023-03-13,35,8,2,0.37,False,,
CUST11972,starter,edtech,999,2023-03-24,26,9,2,0.31,False,,
CUST11973,starter,edtech,999,2023-06-12,33,4,2,0.67,True,33.0,31.0
CUST11974,starter,saas,999,2023-04-29,15,7,1,0.99,True,15.0,12.0
CUST11975,pro,saas,7999,2023-05-02,38,1,5,0.89,False,,
CUST11976,growth,edtech,2999,2023-05-02,22,9,7,0.23,True,22.0,18.0
CUST11977,enterprise,fintech,19999,2023-06-14,27,0,7,0.65,True,27.0,25.0
CUST11978,starter,fintech,999,2023-01-19,31,9,1,0.39,True,31.0,28.0
CUST11979,starter,ecommerce,999,2023-05-16,13,8,2,0.63,True,13.0,11.0
CUST11980,starter,saas,999,2023-05-18,41,9,9,0.51,False,,
CUST11981,starter,healthtech,999,2023-05-11,18,7,1,0.93,False,,
CUST11982,starter,ecommerce,999,2023-03-27,6,4,2,0.54,True,6.0,2.0
CUST11983,growth,ecommerce,2999,2023-03-20,14,4,5,0.44,False,,
CUST11984,starter,fintech,999,2023-05-06,52,5,9,0.42,False,,
CUST11985,pro,ecommerce,7999,2023-02-10,12,9,5,0.42,False,,
CUST11986,starter,fintech,999,2023-04-17,20,3,9,0.81,False,,
CUST11987,pro,fintech,7999,2023-05-11,28,8,9,0.72,False,,
CUST11988,growth,fintech,2999,2023-05-12,40,5,9,0.34,False,,
CUST11989,enterprise,ecommerce,19999,2023-02-26,25,6,5,0.45,True,25.0,21.0
CUST11990,pro,fintech,7999,2023-06-15,34,4,9,0.4,True,34.0,31.0
CUST11991,pro,fintech,7999,2023-01-31,31,5,1,0.27,True,31.0,27.0
CUST11992,growth,ecommerce,2999,2023-02-15,44,2,1,0.59,True,44.0,41.0
CUST11993,pro,healthtech,7999,2023-04-26,45,0,5,0.75,False,,
CUST11994,starter,healthtech,999,2023-04-17,18,9,1,0.56,True,18.0,15.0
CUST11995,pro,saas,7999,2023-04-28,17,3,4,0.18,False,,
CUST11996,growth,ecommerce,2999,2023-05-17,51,2,7,0.44,False,,
CUST11997,growth,healthtech,2999,2023-03-20,16,8,10,0.78,True,16.0,14.0
CUST11998,growth,logistics,2999,2023-06-14,32,6,9,0.92,False,,
CUST11999,pro,fintech,7999,2023-01-20,30,3,2,0.89,False,,
