customer_id,current_logins,current_feature_usage,current_session_mins,current_api_calls,current_support_tickets,login_trend_3w,feature_trend_3w,session_trend_3w,api_trend_3w,avg_logins_4w,avg_session_4w,avg_api_4w,total_tickets_4w,login_volatility,session_volatility,total_weeks,plan,industry,monthly_revenue,nps_score,feature_adoption_rate,churned,plan_encoded,industry_encoded,churn_probability,risk_level
CUST10000,5,7,24,114,1,0.0,0.0,-1.667,0.667,4.5,22.5,111.25,1,1.0,6.245,19,growth,fintech,2999,3,0.76,False,1,2,0.011588396,Low
CUST10001,3,0,22,108,0,-0.667,-0.333,-6.333,12.667,5.0,23.5,95.0,0,1.414,12.124,6,starter,healthtech,999,4,0.71,False,3,3,0.051054396,Low
CUST10002,6,6,33,103,0,1.333,0.0,-0.667,7.333,4.5,29.0,98.75,0,1.915,7.616,46,growth,logistics,2999,5,0.56,False,1,4,0.00078438077,Low
CUST10003,7,3,24,126,0,1.0,-0.333,-3.0,5.0,5.25,27.25,103.25,0,1.5,5.679,34,growth,fintech,2999,7,0.72,False,1,2,0.00065632653,Low
CUST10004,4,7,33,53,0,0.0,1.0,4.667,-17.0,3.75,24.25,73.5,1,1.258,6.397,49,growth,healthtech,2999,3,0.81,False,1,3,0.05424738,Low
CUST10005,5,17,42,78,0,-0.333,0.0,8.0,-5.667,5.5,29.0,80.25,0,0.577,9.899,24,enterprise,edtech,19999,7,0.97,False,0,1,0.0053848843,Low
CUST10006,8,0,27,135,0,0.667,-1.0,-1.333,25.667,7.0,25.75,108.25,0,1.155,4.573,35,starter,fintech,999,2,0.32,False,3,2,0.00012867284,Low
CUST10007,7,3,16,57,0,0.0,0.0,-2.333,-13.667,6.25,24.0,76.25,0,0.957,6.976,14,starter,fintech,999,5,0.74,False,3,2,0.019067602,Low
CUST10008,4,2,24,78,0,-0.667,0.667,3.0,-10.0,4.5,22.5,104.75,0,1.291,5.802,10,starter,ecommerce,999,9,0.34,False,3,0,0.013190011,Low
CUST10009,5,10,33,63,0,-0.333,1.333,7.0,-17.667,5.5,19.0,106.75,0,0.577,10.488,35,pro,fintech,7999,7,0.2,False,2,2,0.009187702,Low
CUST10010,4,10,20,79,0,-0.333,-0.333,-3.667,-11.333,4.75,22.0,90.25,3,0.957,6.377,27,pro,ecommerce,7999,9,0.54,False,2,0,0.21935906,Low
CUST10011,3,15,31,48,0,-0.333,-1.333,4.333,-5.0,5.0,20.75,96.75,1,2.16,10.046,16,enterprise,edtech,19999,2,0.57,False,0,1,0.05602994,Low
CUST10012,3,1,33,136,0,-0.667,0.333,0.333,10.667,4.5,30.25,121.25,0,1.0,2.754,50,starter,fintech,999,8,0.78,False,3,2,0.0013617884,Low
CUST10013,1,9,24,59,1,-1.667,0.0,-2.0,-12.333,4.5,26.25,88.25,1,2.38,3.862,15,pro,edtech,7999,1,0.41,True,2,1,0.9450202,High
CUST10014,4,10,25,116,0,-0.333,0.667,-0.333,6.667,4.5,24.0,103.75,0,0.577,3.367,11,pro,ecommerce,7999,10,0.59,False,2,0,0.00022727707,Low
CUST10015,4,2,9,48,0,0.667,0.333,-3.333,-18.0,3.5,16.0,77.5,1,1.291,4.967,34,starter,fintech,999,5,0.25,True,3,2,0.9970566,High
CUST10016,4,1,29,58,0,-0.333,-1.667,8.667,-6.333,4.25,23.0,70.75,1,0.957,15.642,48,growth,saas,2999,5,0.2,True,1,5,0.9680988,High
CUST10017,8,0,27,101,0,1.0,0.0,-2.333,11.333,6.0,30.5,88.75,0,1.414,6.028,50,starter,healthtech,999,9,0.99,True,3,3,0.7020078,High
CUST10018,1,5,9,69,1,-1.333,-0.667,-1.0,0.0,2.5,12.75,73.25,1,2.38,2.986,28,growth,ecommerce,2999,3,0.73,True,1,0,0.99884725,High
CUST10019,0,10,13,77,0,-2.667,0.333,-5.667,-21.667,4.25,21.5,96.5,1,3.304,7.047,9,pro,logistics,7999,7,0.99,True,2,4,0.95707476,High
CUST10020,4,0,11,78,1,0.333,0.0,-3.0,-3.667,3.75,14.75,77.25,1,0.957,5.56,48,starter,ecommerce,999,3,0.69,True,3,0,0.99696046,High
CUST10021,2,13,37,65,0,-1.333,-0.667,3.333,-8.667,4.5,32.5,90.75,1,1.915,4.435,9,enterprise,edtech,19999,10,0.14,False,0,1,0.055487446,Low
CUST10022,4,2,25,84,0,0.333,0.667,-2.333,-16.0,4.0,23.0,86.0,1,0.816,6.976,21,starter,logistics,999,3,0.18,True,3,4,0.9737159,High
CUST10023,4,4,29,91,0,-1.0,0.0,5.667,-13.333,4.75,20.5,105.5,1,1.708,7.047,30,growth,fintech,2999,2,0.51,False,1,2,0.04357755,Low
CUST10024,4,7,39,153,0,-0.333,2.333,4.0,21.667,5.25,31.25,99.75,0,1.893,5.679,36,starter,edtech,999,4,0.41,False,3,1,3.7382408e-05,Low
CUST10025,3,8,24,94,0,-1.0,-0.333,1.0,-2.0,4.25,25.5,95.25,0,1.258,7.853,49,pro,healthtech,7999,8,0.9,False,2,3,0.056450274,Low
CUST10026,5,3,31,63,0,-0.667,0.667,3.667,-10.333,5.5,25.25,104.5,0,1.0,7.274,42,starter,fintech,999,2,0.44,False,3,2,0.00414377,Low
CUST10027,6,0,31,132,0,0.0,-1.333,0.333,11.333,5.75,28.25,111.0,0,0.5,3.594,31,starter,healthtech,999,5,0.31,False,3,3,0.00021516431,Low
CUST10028,6,3,27,121,0,0.667,0.667,2.0,11.667,4.5,22.25,83.0,0,1.0,3.775,39,starter,edtech,999,9,0.69,False,3,1,0.14394741,Low
CUST10029,1,6,10,60,1,-1.333,0.0,-3.667,-19.333,4.0,21.0,88.0,1,2.16,8.287,32,pro,saas,7999,9,0.11,True,2,5,0.97292435,High
CUST10030,6,0,16,47,0,0.333,-1.0,-3.667,-12.667,6.25,24.0,77.0,0,0.957,8.756,50,starter,fintech,999,9,0.94,False,3,2,0.20916943,Low
CUST10031,4,8,21,113,0,-0.667,-1.0,-5.333,9.667,4.25,26.25,101.75,0,1.708,7.544,48,pro,logistics,7999,8,0.42,False,2,4,0.010242456,Low
CUST10032,5,6,12,113,0,-0.333,-2.667,-4.0,12.333,5.25,26.25,93.75,1,0.5,11.325,7,pro,logistics,7999,4,0.32,False,2,4,0.011270993,Low
CUST10033,5,17,22,98,1,0.333,1.0,0.0,3.333,4.5,23.75,90.75,1,0.577,4.924,17,enterprise,healthtech,19999,4,0.97,False,0,3,0.069156595,Low
CUST10034,7,4,14,134,0,1.333,1.0,-5.667,20.333,4.75,21.5,97.5,2,1.708,7.141,24,starter,edtech,999,6,0.98,False,3,1,0.0046769055,Low
CUST10035,7,10,39,106,0,0.667,0.667,7.0,14.0,5.25,26.75,92.75,0,1.708,10.966,18,pro,healthtech,7999,2,0.6,False,2,3,0.00029809173,Low
CUST10036,2,3,24,50,1,-0.667,-1.333,1.333,-15.0,3.5,26.75,68.5,3,1.915,10.308,52,growth,saas,2999,8,0.75,True,1,5,0.99818593,High
CUST10037,2,6,10,94,0,-1.0,-0.333,-2.667,-2.333,3.75,12.5,99.5,2,1.5,4.041,39,pro,fintech,7999,3,0.43,True,2,2,0.9856726,High
CUST10038,0,4,13,61,1,-1.333,-0.667,-7.0,-3.333,2.25,23.5,80.0,1,2.062,10.083,27,growth,healthtech,2999,10,0.41,True,1,3,0.9968502,High
CUST10039,6,13,11,97,0,1.333,-1.667,-6.0,4.333,4.25,20.5,93.5,0,2.062,8.062,43,enterprise,saas,19999,9,0.18,False,0,5,0.021481372,Low
CUST10040,5,1,19,78,0,0.0,-0.333,0.333,-22.667,4.0,20.75,109.25,0,1.414,6.292,44,starter,ecommerce,999,6,0.84,False,3,0,0.04688341,Low
CUST10041,5,1,11,30,1,0.333,-0.333,0.0,-19.667,4.75,18.25,57.0,4,0.5,8.461,11,starter,saas,999,2,0.42,True,3,5,0.9921679,High
CUST10042,4,0,28,120,0,0.333,-1.0,-0.667,19.333,3.75,26.0,87.0,1,0.957,3.916,9,growth,saas,2999,4,0.65,False,1,5,0.021313401,Low
CUST10043,2,11,34,65,0,-2.0,0.667,0.667,-13.0,4.25,28.0,68.0,1,3.304,7.616,44,pro,healthtech,7999,7,0.85,True,2,3,0.96122396,High
CUST10044,0,4,29,76,0,-1.333,0.667,5.667,-17.0,2.0,19.5,101.25,0,1.633,7.937,31,growth,ecommerce,2999,9,0.72,True,1,0,0.9665923,High
CUST10045,3,4,27,90,1,0.0,0.0,6.667,-3.333,3.25,14.5,94.0,3,0.5,9.95,14,growth,edtech,2999,4,0.45,True,1,1,0.98646533,High
CUST10046,3,2,30,76,0,0.333,0.0,3.0,0.0,3.25,25.25,89.5,1,1.258,3.686,9,starter,ecommerce,999,4,0.44,True,3,0,0.97617847,High
CUST10047,6,0,27,96,0,1.0,0.0,0.333,2.0,3.25,24.25,88.0,0,2.062,7.042,44,starter,ecommerce,999,2,0.36,True,3,0,0.98603266,High
CUST10048,2,0,21,71,0,-0.667,-1.333,-0.667,2.667,3.5,15.5,83.25,1,1.915,7.724,47,starter,edtech,999,10,0.73,True,3,1,0.9993167,High
CUST10049,2,4,20,59,0,-0.333,0.333,1.333,-8.0,1.75,17.5,85.75,1,1.258,3.697,38,growth,fintech,2999,3,0.37,True,1,2,0.9963965,High
CUST10050,4,3,21,150,0,-0.667,0.333,-2.0,18.333,4.75,27.25,117.0,0,0.957,4.5,19,starter,edtech,999,5,0.4,False,3,1,0.00020561747,Low
CUST10051,7,3,38,148,0,1.0,0.0,9.0,27.333,4.75,25.75,107.75,0,1.708,18.428,44,starter,saas,999,6,0.22,False,3,5,0.00039267953,Low
CUST10052,5,11,10,68,0,0.667,-0.667,-3.667,-8.667,5.0,18.0,81.5,0,2.16,5.715,16,pro,fintech,7999,5,0.66,False,2,2,0.112839386,Low
CUST10053,5,0,34,69,1,0.667,-0.667,0.667,-6.333,4.25,26.5,69.25,1,0.957,12.369,4,starter,saas,999,1,0.43,True,3,5,0.99688196,High
CUST10054,1,4,10,62,0,-1.0,-0.333,1.333,-12.333,2.25,14.5,83.25,1,1.5,7.681,13,growth,edtech,2999,7,0.58,True,1,1,0.99958974,High
CUST10055,6,3,29,57,0,-0.667,-1.0,5.667,-18.0,6.25,20.75,85.25,0,1.258,7.676,51,starter,saas,999,1,0.39,False,3,5,0.0029221447,Low
CUST10056,6,14,29,117,0,0.0,-0.333,-3.0,-14.333,4.75,28.25,125.25,0,1.893,7.136,32,enterprise,healthtech,19999,2,0.85,False,0,3,0.0024236897,Low
CUST10057,6,0,18,138,0,0.0,-1.333,1.0,14.333,6.5,23.5,125.5,0,0.577,12.45,27,starter,logistics,999,6,0.96,False,3,4,8.9404566e-05,Low
CUST10058,2,0,36,74,0,-1.667,-0.667,6.333,-16.333,4.75,28.5,111.0,0,2.217,10.661,25,starter,fintech,999,3,0.69,True,3,2,0.8834457,High
CUST10059,4,0,15,69,0,0.333,0.0,-0.333,-3.0,3.5,18.75,90.25,0,0.577,4.992,44,starter,saas,999,5,0.76,False,3,5,0.2893197,Low
CUST10060,5,3,3,95,1,-0.667,0.333,-5.0,-12.0,5.5,16.0,103.5,2,1.291,10.739,20,starter,fintech,999,8,0.98,True,3,2,0.9018293,High
CUST10061,3,1,15,75,1,-0.333,0.333,-4.0,-11.667,3.75,20.25,89.75,1,0.5,8.539,47,starter,logistics,999,6,0.45,True,3,4,0.9889368,High
CUST10062,3,3,13,69,1,-0.333,-1.0,-4.333,-5.0,4.5,20.75,77.0,2,1.732,5.737,50,growth,logistics,2999,3,0.98,True,1,4,0.98242986,High
CUST10063,4,9,8,93,0,0.0,1.0,-3.667,10.667,5.75,22.25,84.5,0,2.062,11.087,49,pro,logistics,7999,7,0.33,False,2,4,0.2621723,Low
CUST10064,6,5,17,21,0,0.333,-1.667,0.0,-32.667,5.25,21.75,92.75,0,0.5,6.185,13,pro,fintech,7999,3,0.66,False,2,2,0.007502407,Low
CUST10065,4,0,20,63,0,-0.333,0.0,-3.667,-13.0,2.75,25.25,99.25,0,2.062,4.573,36,starter,healthtech,999,1,0.56,True,3,3,0.9908909,High
CUST10066,6,3,40,119,0,0.333,0.333,8.333,-4.333,5.75,24.25,100.25,1,0.957,12.285,23,growth,ecommerce,2999,10,0.71,False,1,0,0.016715836,Low
CUST10067,5,3,26,127,0,0.0,-0.333,3.0,9.0,5.75,22.5,124.5,1,0.957,3.873,42,growth,saas,2999,1,0.89,False,1,5,0.00042990295,Low
CUST10068,5,0,22,88,0,0.333,-1.0,-3.667,11.333,3.25,26.25,80.5,1,1.5,4.717,14,starter,ecommerce,999,4,0.24,True,3,0,0.9900483,High
CUST10069,5,0,28,125,0,0.333,0.0,3.0,14.333,4.5,28.0,101.0,0,0.577,6.976,21,starter,fintech,999,8,0.13,False,3,2,0.00067417417,Low
CUST10070,3,17,22,84,0,0.333,0.667,-1.333,-14.667,3.75,21.5,84.25,1,1.708,3.697,47,enterprise,fintech,19999,1,0.57,False,0,2,0.09117524,Low
CUST10071,3,10,39,131,1,-1.0,-0.667,1.667,12.333,4.5,28.25,108.75,1,1.291,9.878,37,pro,ecommerce,7999,6,0.39,False,2,0,0.0009699364,Low
CUST10072,6,2,39,101,0,0.0,0.667,10.333,-6.667,5.0,26.75,110.25,0,1.155,14.728,16,starter,healthtech,999,2,0.79,False,3,3,0.0026589518,Low
CUST10073,8,0,25,61,0,1.333,-1.333,4.0,-9.0,4.5,24.75,85.0,1,2.517,8.261,36,starter,ecommerce,999,10,0.72,False,3,0,0.1228383,Low
CUST10074,4,4,20,42,1,-0.667,0.333,-3.0,-37.333,4.0,27.5,104.25,2,1.414,9.256,23,growth,saas,2999,6,0.93,True,1,5,0.15899467,Low
CUST10075,4,0,30,94,0,-0.667,-1.333,-5.667,14.0,5.0,30.0,69.75,1,1.826,12.193,45,starter,saas,999,8,0.9,True,3,5,0.86989796,High
CUST10076,5,12,30,58,1,0.0,-1.0,-1.667,-10.667,4.25,28.25,68.5,3,0.957,6.702,44,enterprise,saas,19999,2,0.93,True,0,5,0.9520624,High
CUST10077,8,4,9,86,1,0.667,-0.667,-10.0,13.667,5.75,22.75,99.0,1,1.708,12.393,7,growth,fintech,2999,7,0.55,False,1,2,0.021198628,Low
CUST10078,5,2,20,118,0,0.0,0.667,-4.333,10.0,6.0,21.5,87.5,1,1.155,7.853,38,starter,saas,999,8,0.22,False,3,5,0.092509426,Low
CUST10079,7,2,19,91,0,1.0,-0.667,-1.0,11.333,5.75,25.25,87.0,0,1.5,8.016,40,starter,fintech,999,3,0.36,False,3,2,0.012187117,Low
CUST10080,6,11,17,154,0,0.0,0.333,-5.0,9.0,5.5,24.0,122.75,1,1.0,6.164,28,pro,fintech,7999,6,0.96,False,2,2,0.0003801713,Low
CUST10081,1,2,20,139,0,-0.333,-1.0,-1.667,4.333,3.25,25.75,130.25,0,2.63,4.272,6,growth,saas,2999,5,1.0,False,1,5,0.013998209,Low
CUST10082,3,8,24,49,0,-0.667,0.333,0.0,-9.667,3.25,17.75,60.25,1,1.708,7.32,7,growth,ecommerce,2999,9,0.2,True,1,0,0.99350196,High
CUST10083,4,6,16,154,0,-0.667,-1.333,-2.667,20.0,5.25,23.0,108.25,0,1.5,5.033,19,pro,saas,7999,3,0.59,False,2,5,9.274938e-05,Low
CUST10084,6,14,19,140,0,0.333,1.667,-2.667,19.667,5.0,23.5,77.0,0,0.816,8.062,46,pro,saas,7999,9,0.7,False,2,5,0.0004529039,Low
CUST10085,3,6,10,81,1,-0.333,0.333,-4.333,11.333,4.25,19.25,63.5,1,1.258,8.421,20,growth,healthtech,2999,4,0.69,True,1,3,0.99101746,High
CUST10086,1,3,22,86,0,-1.667,-0.667,-1.333,-9.667,3.25,22.0,102.5,0,2.63,3.266,14,growth,saas,2999,4,0.96,True,1,5,0.9782996,High
CUST10087,6,4,34,89,0,0.333,-0.333,0.0,0.0,4.5,29.75,83.25,1,1.291,5.315,33,growth,saas,2999,4,0.54,False,1,5,0.057009906,Low
CUST10088,5,6,44,115,0,-0.333,-2.333,6.0,23.333,6.0,31.0,91.5,1,0.816,8.679,48,pro,saas,7999,3,0.46,False,2,5,0.00020754225,Low
CUST10089,4,10,19,84,0,-0.667,1.333,-3.0,-3.333,5.0,20.75,94.0,0,1.155,5.123,19,growth,healthtech,2999,5,0.47,False,1,3,0.039824527,Low
CUST10090,8,12,21,120,0,0.667,-1.667,-4.0,-4.333,5.75,28.75,116.5,1,1.708,5.315,35,enterprise,edtech,19999,5,0.37,False,0,1,0.00072665024,Low
CUST10091,6,1,25,95,0,0.0,-1.333,-4.0,7.333,5.5,27.5,84.5,0,0.577,8.021,35,starter,healthtech,999,10,0.9,False,3,3,0.004949376,Low
CUST10092,4,1,13,78,1,-0.333,0.333,-6.667,4.333,4.5,20.75,78.0,1,0.577,8.578,40,starter,fintech,999,6,0.88,True,3,2,0.97507024,High
CUST10093,8,2,32,116,0,1.667,0.333,6.333,7.333,4.75,21.25,108.0,0,2.363,9.287,49,starter,ecommerce,999,4,0.53,False,3,0,0.0017073822,Low
CUST10094,5,14,26,80,1,0.333,-0.667,0.333,-7.667,4.5,20.25,87.25,1,0.577,11.529,30,enterprise,ecommerce,19999,8,0.16,True,0,0,0.9425594,High
CUST10095,3,2,27,124,1,-1.333,-0.333,3.333,-2.333,6.0,23.0,120.5,3,2.0,6.481,8,starter,ecommerce,999,8,0.98,False,3,0,0.011827925,Low
CUST10096,8,3,43,70,0,1.333,-0.667,8.333,-19.667,5.75,32.5,101.25,0,2.062,11.091,36,growth,ecommerce,2999,4,0.34,False,1,0,0.002387742,Low
CUST10097,5,4,33,88,0,-0.667,0.0,2.0,7.333,5.75,24.75,78.25,0,0.957,8.421,52,starter,ecommerce,999,5,0.1,False,3,0,0.06206561,Low
CUST10098,6,0,20,96,0,0.0,-0.333,1.667,10.333,5.5,21.5,78.75,0,1.732,5.802,48,starter,healthtech,999,1,0.67,True,3,3,0.9433284,High
CUST10099,3,0,17,68,1,-0.333,-1.667,-1.667,-14.667,2.5,24.5,87.25,3,1.291,13.329,42,starter,logistics,999,6,0.94,True,3,4,0.98960084,High
CUST10100,4,7,22,98,1,-0.333,1.333,4.667,-8.0,4.25,19.75,100.0,2,0.957,9.106,36,pro,edtech,7999,7,0.87,True,2,1,0.09104324,Low
CUST10101,5,7,27,127,1,0.0,1.333,-1.0,22.0,5.5,30.5,85.25,3,0.577,7.416,27,growth,logistics,2999,3,0.32,False,1,4,0.00020388389,Low
CUST10102,7,0,22,114,0,1.333,-0.333,-1.333,19.333,4.75,22.5,105.75,1,1.708,13.279,45,starter,fintech,999,5,0.16,False,3,2,0.0040527517,Low
CUST10103,6,9,30,58,0,0.667,0.333,-1.667,-3.0,4.75,29.0,86.75,1,0.957,5.831,41,pro,edtech,7999,1,0.76,False,2,1,0.022960458,Low
CUST10104,9,12,19,117,0,2.0,1.0,-1.667,20.667,6.5,27.25,95.25,0,2.517,8.995,28,pro,healthtech,7999,10,0.63,False,2,3,0.00013357149,Low
CUST10105,6,11,25,117,0,0.667,0.0,-1.0,3.333,4.75,29.25,131.5,0,1.5,5.315,12,pro,logistics,7999,9,0.97,False,2,4,0.0004097852,Low
CUST10106,4,4,7,91,1,0.0,1.333,0.0,3.0,4.25,17.75,97.5,1,0.5,13.5,32,starter,healthtech,999,5,0.95,True,3,3,0.9288358,High
CUST10107,4,4,37,84,0,0.0,-0.667,7.667,-13.0,4.75,26.25,106.25,0,0.957,9.979,28,growth,logistics,2999,1,0.86,False,1,4,0.004618501,Low
CUST10108,6,10,21,52,0,1.0,-0.667,-0.667,-30.0,3.5,23.75,97.0,1,1.732,4.272,22,pro,saas,7999,7,0.15,False,2,5,0.057955902,Low
CUST10109,4,0,24,77,1,-0.333,-1.0,-1.0,-5.667,5.0,28.25,111.25,3,0.816,3.403,31,starter,healthtech,999,7,0.23,False,3,3,0.08025889,Low
CUST10110,5,7,25,66,1,0.0,-0.667,1.333,-14.0,5.0,20.5,124.0,1,0.816,8.813,11,pro,saas,7999,3,0.42,False,2,5,0.04636234,Low
CUST10111,6,6,22,131,1,1.333,0.667,-0.333,17.333,4.0,27.5,108.5,1,1.826,6.856,8,growth,fintech,2999,1,0.96,False,1,2,0.00046245678,Low
CUST10112,6,11,37,128,0,0.333,1.333,4.667,7.667,5.0,28.5,100.0,1,0.816,6.028,43,pro,saas,7999,10,0.15,False,2,5,5.557037e-05,Low
CUST10113,4,4,24,134,0,-0.667,0.333,-3.667,0.333,5.25,23.5,119.75,0,0.957,8.737,8,growth,fintech,2999,2,0.89,False,1,2,0.0022926102,Low
CUST10114,6,7,22,109,0,0.667,-0.333,4.333,12.333,6.0,22.25,91.25,0,1.414,13.022,17,growth,edtech,2999,4,0.96,False,1,1,0.0004116997,Low
CUST10115,3,4,22,68,0,-1.0,0.333,2.667,-3.0,3.5,19.0,72.5,2,1.732,4.761,30,starter,ecommerce,999,10,0.62,True,3,0,0.9990891,High
CUST10116,6,0,27,83,0,1.0,-0.667,-1.667,-6.333,4.5,28.25,102.75,0,1.291,8.539,48,starter,saas,999,8,0.53,False,3,5,0.004508241,Low
CUST10117,3,0,29,78,0,0.667,0.0,-0.667,-4.333,3.0,30.25,67.5,1,2.16,5.377,41,starter,ecommerce,999,2,0.95,True,3,0,0.9966191,High
CUST10118,3,2,23,151,0,-1.0,0.333,-0.667,27.667,4.75,27.25,104.75,1,1.5,5.315,52,starter,logistics,999,7,0.69,False,3,4,0.0036125414,Low
CUST10119,4,3,19,85,0,-1.0,0.0,-1.667,3.0,4.25,24.0,93.25,0,2.062,3.742,4,growth,ecommerce,2999,10,0.79,False,1,0,0.123180896,Low
CUST10120,4,1,26,76,0,-0.333,-0.667,0.667,1.333,4.25,28.5,61.5,0,0.957,8.426,15,growth,saas,2999,10,0.75,False,1,5,0.116397455,Low
CUST10121,6,3,21,132,0,0.0,0.0,-2.667,4.333,6.0,24.25,103.0,0,0.816,5.62,50,growth,edtech,2999,4,0.67,False,1,1,0.0028740675,Low
CUST10122,3,2,23,96,1,-0.667,-0.667,-7.333,-23.0,4.0,31.75,105.25,1,1.155,9.359,39,starter,edtech,999,2,0.31,True,3,1,0.9476295,High
CUST10123,4,2,5,56,0,0.667,-0.667,-6.333,-8.333,2.75,14.5,75.25,0,0.957,8.021,26,growth,healthtech,2999,10,0.24,True,1,3,0.99438864,High
CUST10124,4,7,36,82,0,-0.667,-1.0,4.333,-7.333,5.25,24.5,84.5,0,0.957,8.66,35,pro,healthtech,7999,1,0.97,False,2,3,0.011538157,Low
CUST10125,0,1,0,53,1,-1.667,0.0,-6.0,-13.0,3.5,14.5,65.5,1,3.109,9.747,15,starter,ecommerce,999,3,0.91,True,3,0,0.99966645,High
CUST10126,5,14,24,99,0,0.0,-1.667,-0.333,12.333,5.25,26.5,85.25,2,0.5,4.359,23,enterprise,saas,19999,1,0.43,False,0,5,0.008139983,Low
CUST10127,3,0,19,56,0,0.0,-1.0,0.333,-21.0,3.75,22.75,70.0,1,1.5,4.992,48,starter,healthtech,999,9,0.38,True,3,3,0.9977187,High
CUST10128,4,1,20,63,0,0.0,0.333,-4.667,-13.333,3.5,27.0,95.5,1,1.0,6.583,5,starter,saas,999,7,0.47,True,3,5,0.8872882,High
CUST10129,7,2,30,61,0,0.0,-1.333,-1.333,-17.667,6.5,33.25,77.0,0,0.577,2.217,43,growth,healthtech,2999,10,0.57,False,1,3,0.0007673209,Low
CUST10130,5,5,21,82,0,0.0,0.667,-3.667,0.333,5.0,22.75,90.5,0,0.816,6.449,30,growth,logistics,2999,2,0.44,True,1,4,0.75069505,High
CUST10131,4,12,36,76,0,-0.333,-2.0,-0.333,-13.667,3.5,28.0,91.25,0,2.38,10.033,5,enterprise,saas,19999,3,0.88,True,0,5,0.93341655,High
CUST10132,5,0,22,100,0,-0.333,-0.333,-0.667,14.667,5.5,23.25,79.25,0,0.577,0.957,11,starter,saas,999,3,0.42,False,3,5,0.007861752,Low
CUST10133,2,1,37,78,0,-0.667,-0.333,6.333,-16.333,4.5,20.5,102.75,1,2.082,11.387,7,starter,healthtech,999,4,0.89,True,3,3,0.94609374,High
CUST10134,5,4,30,142,0,1.0,0.667,-2.333,6.667,3.5,23.25,114.0,0,1.291,12.42,52,starter,saas,999,6,0.3,False,3,5,0.001908979,Low
CUST10135,6,2,44,128,0,-0.333,-1.333,5.667,-2.333,6.5,30.75,127.5,1,0.577,8.884,16,growth,healthtech,2999,1,0.61,False,1,3,0.00035593688,Low
CUST10136,4,3,35,111,0,0.0,-0.333,4.333,11.333,5.25,27.75,95.5,1,1.893,5.62,37,starter,logistics,999,5,0.55,False,3,4,0.0017160263,Low
CUST10137,3,4,12,68,0,-0.333,-0.333,-2.667,-8.333,3.75,23.25,82.0,1,0.957,8.995,20,growth,edtech,2999,5,0.83,True,1,1,0.99381447,High
CUST10138,2,2,17,86,1,0.0,-0.667,-3.333,-5.667,2.5,24.0,72.25,1,1.0,6.218,25,starter,saas,999,9,0.57,True,3,5,0.9994061,High
CUST10139,6,2,27,83,0,0.667,0.667,3.0,7.667,5.0,29.75,95.25,0,1.155,9.142,50,starter,saas,999,6,0.8,False,3,5,0.00068190735,Low
CUST10140,7,8,28,44,0,0.667,2.333,5.0,-25.0,5.75,22.0,110.0,1,1.5,6.976,34,growth,logistics,2999,6,0.56,False,1,4,0.0002980076,Low
CUST10141,5,14,21,46,0,-0.667,-0.667,5.0,-29.667,5.5,21.75,95.75,1,1.915,13.5,42,enterprise,ecommerce,19999,9,0.87,False,0,0,0.015518903,Low
CUST10142,5,5,26,101,0,-0.333,0.333,2.667,-14.0,4.75,24.5,100.0,0,0.957,5.972,43,pro,fintech,7999,10,0.79,False,2,2,0.040803593,Low
CUST10143,5,12,8,99,0,0.333,1.333,-2.667,13.0,4.5,16.25,85.0,1,1.291,7.932,4,pro,healthtech,7999,7,0.85,False,2,3,0.07765876,Low
CUST10144,5,6,35,103,0,0.0,1.667,7.0,-9.0,4.25,22.25,105.5,1,0.957,12.685,10,starter,saas,999,9,0.82,False,3,5,0.03594989,Low
CUST10145,4,14,23,69,1,0.333,0.333,-2.667,-18.333,3.0,25.25,99.5,1,1.414,3.862,36,enterprise,ecommerce,19999,3,0.65,False,0,0,0.089020476,Low
CUST10146,5,1,18,64,1,0.667,-1.667,0.667,-5.333,4.0,16.75,81.0,1,1.155,1.5,13,growth,ecommerce,2999,1,0.28,True,1,0,0.99656373,High
CUST10147,3,0,21,93,0,-0.333,-1.0,2.0,-6.333,4.25,22.75,120.5,0,1.258,6.344,26,starter,fintech,999,3,0.68,False,3,2,0.038798817,Low
CUST10148,6,6,15,106,0,1.0,0.333,-2.0,-8.0,4.25,18.75,96.0,0,1.258,9.743,14,growth,saas,2999,8,0.87,False,1,5,0.106296495,Low
CUST10149,5,14,17,146,1,0.333,-0.333,-0.333,12.0,4.5,18.75,107.5,1,0.577,6.702,50,enterprise,healthtech,19999,1,0.43,False,0,3,0.000486185,Low
CUST10150,5,2,22,114,0,-0.667,-1.333,-2.333,17.333,5.0,29.0,90.25,0,1.633,5.354,37,growth,edtech,2999,10,0.79,False,1,1,0.0042560073,Low
CUST10151,5,4,31,129,0,-0.333,-0.333,2.667,16.0,5.25,26.25,104.75,0,0.5,7.719,45,growth,edtech,2999,7,0.57,False,1,1,0.00010312631,Low
CUST10152,3,5,36,66,0,-1.667,-1.0,6.667,-23.0,4.75,26.5,92.75,0,2.217,8.813,7,pro,fintech,7999,8,0.46,True,2,2,0.065716386,Low
CUST10153,3,1,11,84,0,-0.667,-0.667,-10.0,-3.667,4.25,26.0,75.5,1,1.5,12.356,46,starter,ecommerce,999,10,0.9,False,3,0,0.14608574,Low
CUST10154,5,3,13,74,0,-0.667,0.333,-2.333,-4.667,4.5,16.5,95.0,0,1.915,5.323,12,starter,saas,999,9,0.68,False,3,5,0.15370898,Low
CUST10155,3,1,22,78,0,0.333,-0.667,-1.333,-7.333,3.25,23.0,77.5,0,0.957,4.546,42,starter,logistics,999,4,0.68,True,3,4,0.98481387,High
CUST10156,3,3,15,133,0,-1.0,1.0,-7.0,16.0,4.75,24.0,76.75,0,1.258,9.487,6,starter,ecommerce,999,2,0.73,False,3,0,0.05988609,Low
CUST10157,7,1,18,79,0,-0.333,-1.0,-1.333,-31.0,5.5,20.5,115.0,1,2.38,2.38,13,growth,fintech,2999,2,0.54,False,1,2,0.017167566,Low
CUST10158,5,1,31,20,0,-1.0,-0.333,4.333,-24.0,4.75,25.75,72.0,2,2.363,5.56,37,starter,logistics,999,7,0.16,True,3,4,0.9381991,High
CUST10159,5,6,27,127,0,0.667,-0.333,-3.333,18.0,4.5,31.0,83.75,2,1.291,4.32,52,growth,ecommerce,2999,3,0.62,False,1,0,0.004118336,Low
CUST10160,4,1,39,104,0,0.0,-1.0,6.667,8.667,5.25,26.5,90.25,1,1.893,9.0,23,starter,edtech,999,3,0.68,False,3,1,0.003318689,Low
CUST10161,3,3,20,75,0,0.0,0.0,-3.0,-10.333,4.25,25.75,104.0,0,1.5,6.292,27,starter,ecommerce,999,9,0.95,False,3,0,0.009216387,Low
CUST10162,6,2,33,67,0,-0.333,0.667,-0.333,-4.0,6.25,25.75,83.0,0,0.5,11.087,40,starter,logistics,999,5,0.46,False,3,4,0.00786125,Low
CUST10163,2,0,5,36,0,-1.0,-0.333,-5.667,-29.333,3.25,14.0,72.5,1,1.5,8.287,34,starter,logistics,999,2,0.6,True,3,4,0.9999504,High
CUST10164,4,12,13,54,0,-0.333,-1.0,-5.0,-27.0,4.0,23.5,105.5,0,1.414,7.047,8,enterprise,ecommerce,19999,6,0.5,False,0,0,0.09818549,Low
CUST10165,5,0,23,92,0,0.333,-0.333,-3.667,-21.0,4.25,24.25,93.75,0,0.5,7.805,8,starter,logistics,999,10,0.12,True,3,4,0.92091423,High
CUST10166,6,3,34,115,0,0.333,1.0,-0.333,-17.667,4.75,26.75,120.75,0,2.63,8.995,35,starter,healthtech,999,3,0.34,False,3,3,0.0029838928,Low
CUST10167,4,16,21,97,0,0.333,1.333,-1.333,0.0,4.5,24.0,104.5,0,1.291,2.16,40,enterprise,logistics,19999,6,0.26,False,0,4,0.0010609203,Low
CUST10168,5,4,14,72,1,0.667,0.333,-7.333,-9.333,3.0,24.25,82.0,1,1.414,10.905,21,growth,ecommerce,2999,2,0.29,True,1,0,0.99816257,High
CUST10169,3,3,27,63,1,0.0,-0.667,2.333,-9.0,2.75,18.25,69.75,2,1.258,9.946,41,starter,healthtech,999,8,0.27,True,3,3,0.99982005,High
CUST10170,1,3,31,55,1,-1.333,-0.667,-1.0,-18.667,3.5,29.25,86.25,1,1.915,7.632,36,starter,healthtech,999,6,0.88,True,3,3,0.9970414,High
CUST10171,5,0,15,87,1,0.0,-0.333,-3.333,-3.0,4.25,24.0,85.0,2,2.217,7.394,14,starter,healthtech,999,5,0.92,True,3,3,0.9957592,High
CUST10172,4,0,0,62,0,0.333,0.0,-10.0,-16.667,3.5,20.75,91.75,0,0.577,15.218,47,starter,saas,999,1,0.42,True,3,5,0.97936195,High
CUST10173,5,17,44,67,0,0.0,1.667,9.667,-27.667,4.75,27.75,90.75,0,0.5,12.685,13,enterprise,fintech,19999,7,0.75,False,0,2,0.0345128,Low
CUST10174,2,9,6,148,0,-1.667,0.667,-1.667,2.667,4.25,16.25,116.25,0,2.217,10.046,16,pro,logistics,7999,6,0.47,False,2,4,0.015404152,Low
CUST10175,5,4,23,93,0,0.0,0.0,1.0,-4.333,5.75,25.25,106.0,0,2.217,8.617,52,starter,healthtech,999,4,0.28,False,3,3,0.024039352,Low
CUST10176,3,16,21,178,0,-0.333,-0.667,-2.333,23.667,4.5,24.75,108.75,0,1.291,3.775,17,enterprise,ecommerce,19999,9,0.39,False,0,0,7.8652934e-05,Low
CUST10177,2,9,19,61,0,-0.333,-0.667,2.333,-13.667,4.0,21.5,81.0,1,1.826,8.021,9,enterprise,edtech,19999,6,0.51,True,0,1,0.9918464,High
CUST10178,5,2,14,103,1,-0.667,0.333,-3.0,2.667,5.0,16.5,93.0,1,2.828,4.796,22,starter,saas,999,8,0.21,True,3,5,0.95907336,High
CUST10179,5,13,27,70,0,0.333,-1.333,1.667,-10.0,4.75,29.25,90.25,0,0.957,6.702,28,enterprise,edtech,19999,7,0.52,False,0,1,0.044363678,Low
CUST10180,5,7,29,110,0,1.0,1.0,2.667,-18.0,5.0,26.25,109.75,0,2.449,8.539,18,growth,healthtech,2999,3,0.54,False,1,3,0.006881897,Low
CUST10181,7,13,30,164,0,1.0,-1.667,3.667,17.667,6.25,25.0,122.5,0,1.5,6.976,49,enterprise,saas,19999,5,0.75,False,0,5,7.025541e-05,Low
CUST10182,6,3,7,49,0,0.667,0.667,-2.333,1.333,5.25,18.5,43.75,0,0.957,9.883,42,starter,edtech,999,6,0.21,True,3,1,0.8155876,High
CUST10183,5,0,29,45,0,-0.333,-0.667,3.667,-18.0,5.0,28.5,98.5,0,0.816,7.594,6,starter,saas,999,1,0.93,False,3,5,0.034520846,Low
CUST10184,4,6,24,65,0,-0.333,1.0,-1.333,-9.667,5.25,20.5,88.5,0,0.957,7.0,26,growth,logistics,2999,9,0.11,False,1,4,0.05804683,Low
CUST10185,4,1,20,42,0,0.0,0.333,2.667,-6.333,3.5,19.75,56.75,1,0.577,7.042,28,starter,ecommerce,999,7,0.52,True,3,0,0.9984945,High
CUST10186,5,2,24,85,0,-0.667,-1.333,3.667,-8.667,5.0,22.0,108.5,0,1.633,11.165,41,growth,logistics,2999,9,0.82,False,1,4,0.01858952,Low
CUST10187,9,16,17,81,0,1.333,0.0,-3.0,-17.667,5.25,20.25,95.25,0,2.872,4.646,11,enterprise,fintech,19999,7,0.34,False,0,2,0.03404183,Low
CUST10188,1,1,13,68,1,-1.667,0.0,-6.333,2.0,3.0,19.25,73.75,2,2.449,8.77,17,growth,saas,2999,3,0.7,True,1,5,0.9992095,High
CUST10189,6,2,21,96,0,0.667,-1.333,-2.333,5.333,5.0,27.25,78.75,0,1.155,4.573,33,growth,saas,2999,8,0.93,False,1,5,0.015106012,Low
CUST10190,8,1,18,60,0,1.333,-0.333,-4.667,-9.667,7.5,28.75,78.75,1,2.517,7.274,47,starter,edtech,999,2,0.53,False,3,1,0.027015755,Low
CUST10191,3,9,36,99,0,-0.667,0.0,4.667,-21.667,4.5,26.25,103.5,0,1.291,8.421,6,pro,fintech,7999,7,0.43,False,2,2,0.016032428,Low
CUST10192,4,0,26,59,0,-0.667,0.0,0.0,-14.0,3.5,27.25,79.75,1,2.082,1.893,26,starter,saas,999,10,0.66,False,3,5,0.11695949,Low
CUST10193,7,13,25,137,0,0.0,-0.667,0.667,17.667,6.0,24.5,118.5,0,1.414,1.291,38,enterprise,ecommerce,19999,10,0.63,False,0,0,3.6218564e-05,Low
CUST10194,5,15,12,76,0,-1.333,0.0,-1.333,3.667,5.75,19.5,65.0,0,2.5,6.758,7,enterprise,edtech,19999,2,0.81,False,0,1,0.11481585,Low
CUST10195,5,10,10,133,0,-0.667,0.0,-2.333,13.667,5.75,16.75,99.25,0,1.5,4.717,36,pro,fintech,7999,10,0.33,False,2,2,0.003532927,Low
CUST10196,6,10,34,78,0,0.0,0.0,4.0,-27.667,5.0,30.0,112.75,1,1.414,5.477,49,pro,fintech,7999,8,0.15,False,2,2,0.0008665666,Low
CUST10197,3,4,15,43,1,-0.333,0.0,-5.333,-13.0,4.0,22.25,67.75,1,1.414,6.702,5,growth,ecommerce,2999,4,0.61,True,1,0,0.99858236,High
CUST10198,7,4,36,130,1,0.333,-1.667,-0.667,2.667,6.0,26.5,108.0,1,0.816,13.429,44,growth,saas,2999,4,0.57,False,1,5,0.0008771522,Low
CUST10199,1,3,28,106,0,-0.667,0.333,3.333,12.0,2.5,24.25,102.75,1,1.0,5.188,35,starter,fintech,999,3,0.2,False,3,2,0.7805621,High
CUST10200,2,5,15,44,1,-0.667,-0.333,0.0,-14.0,3.5,16.0,74.25,1,1.291,3.464,20,growth,fintech,2999,1,0.35,True,1,2,0.9990301,High
CUST10201,6,11,29,96,1,-0.333,0.667,-0.667,4.333,6.0,30.25,97.5,1,1.414,5.377,25,pro,healthtech,7999,8,0.66,False,2,3,0.0009874894,Low
CUST10202,6,11,25,69,0,-0.667,0.333,-2.0,-8.667,5.75,26.75,84.75,1,1.708,3.5,11,pro,saas,7999,7,0.42,False,2,5,0.010364228,Low
CUST10203,4,0,31,29,0,-0.333,-0.333,3.0,-21.0,4.0,23.0,68.25,0,0.816,6.583,46,starter,edtech,999,10,0.34,True,3,1,0.9760113,High
CUST10204,4,0,23,78,0,0.0,-1.0,0.333,-8.0,4.5,20.0,88.5,0,0.577,3.162,38,starter,logistics,999,9,0.58,False,3,4,0.14537098,Low
CUST10205,4,3,13,137,0,0.0,0.0,-0.667,25.0,3.5,16.75,106.0,0,0.577,6.238,20,starter,saas,999,10,0.81,False,3,5,0.0023938743,Low
CUST10206,6,1,40,137,0,0.0,-1.333,5.667,17.333,5.5,30.75,86.5,0,1.0,8.098,39,starter,edtech,999,8,0.13,False,3,1,0.00017137175,Low
CUST10207,3,2,8,52,1,0.0,0.667,-4.0,-29.667,3.5,18.0,85.5,2,1.732,8.327,33,starter,logistics,999,1,0.48,True,3,4,0.9985605,High
CUST10208,2,6,43,93,0,-1.333,1.0,7.667,15.0,4.0,27.0,93.0,0,1.633,12.356,6,starter,saas,999,10,0.17,False,3,5,0.02770821,Low
CUST10209,6,12,31,76,0,1.0,0.667,4.0,-9.667,4.25,28.0,86.75,1,1.5,7.746,26,pro,saas,7999,2,0.98,False,2,5,0.012407888,Low
CUST10210,6,0,31,123,0,-0.333,-2.0,2.667,1.0,6.5,25.5,129.0,0,2.082,6.137,30,starter,healthtech,999,3,0.28,False,3,3,0.0019193463,Low
CUST10211,9,2,14,101,0,1.0,-0.333,-2.333,5.667,6.0,22.5,84.5,0,2.449,6.758,30,starter,saas,999,1,0.41,False,3,5,0.018618826,Low
CUST10212,3,0,32,96,0,-0.333,-1.667,4.333,15.333,3.75,23.5,88.25,0,0.5,11.03,19,starter,ecommerce,999,3,0.29,False,3,0,0.026875086,Low
CUST10213,4,0,33,60,0,-0.333,-1.667,4.667,-15.667,3.25,23.75,79.5,2,1.708,12.685,23,starter,logistics,999,1,0.36,True,3,4,0.9959292,High
CUST10214,5,5,14,62,1,0.333,0.0,1.667,-15.0,4.25,20.25,83.25,2,0.5,10.308,35,starter,saas,999,5,0.82,True,3,5,0.9808023,High
CUST10215,2,5,22,3,0,-1.0,-1.667,-4.333,-37.667,3.75,18.25,68.5,0,1.258,13.2,30,pro,logistics,7999,4,0.69,True,2,4,0.99663615,High
CUST10216,5,2,23,86,0,-0.333,-1.667,-3.667,-6.333,5.5,25.75,74.5,0,0.577,7.365,51,growth,ecommerce,2999,9,0.62,False,1,0,0.0974084,Low
CUST10217,5,5,36,120,1,0.0,0.667,1.667,16.0,5.75,25.25,73.25,1,0.957,10.563,30,growth,fintech,2999,8,0.3,False,1,2,0.01525607,Low
CUST10218,3,2,41,148,0,0.333,0.0,3.0,-5.667,3.5,28.25,134.75,0,1.291,10.72,40,starter,ecommerce,999,2,0.88,False,3,0,0.026978962,Low
CUST10219,3,1,21,52,0,-0.667,0.0,-0.667,-12.333,4.25,23.5,48.5,2,1.5,3.786,46,starter,ecommerce,999,1,0.82,True,3,0,0.9971846,High
CUST10220,5,5,22,96,0,0.0,1.667,2.333,1.333,5.25,26.5,88.25,2,0.5,10.661,5,starter,fintech,999,8,0.37,True,3,2,0.834129,High
CUST10221,4,2,0,49,1,0.0,-0.333,-7.0,-8.333,3.5,13.25,65.0,3,1.0,14.009,8,starter,edtech,999,3,0.23,True,3,1,0.999739,High
CUST10222,6,7,30,108,0,-0.667,-0.333,2.0,0.0,6.75,20.75,114.5,0,0.957,7.632,29,growth,fintech,2999,7,0.75,False,1,2,0.00017406103,Low
CUST10223,3,4,14,62,1,-0.333,0.667,-2.667,-24.667,4.0,19.0,90.5,1,0.816,4.761,9,growth,fintech,2999,10,0.11,True,1,2,0.9893394,High
CUST10224,4,10,29,163,0,-1.333,-2.0,4.333,19.333,5.75,23.5,129.5,1,1.708,5.568,43,enterprise,fintech,19999,9,0.9,False,0,2,0.0005273683,Low
CUST10225,6,6,26,116,0,0.333,0.333,3.0,17.667,4.75,24.5,89.25,0,1.893,6.245,32,growth,healthtech,2999,10,0.61,False,1,3,0.002906058,Low
CUST10226,2,2,22,69,1,-0.333,-1.0,0.0,4.333,3.25,22.5,78.0,2,1.258,3.317,47,growth,fintech,2999,7,0.66,True,1,2,0.9972978,High
CUST10227,4,5,37,87,0,0.0,1.0,9.0,-2.667,4.25,21.25,109.0,0,0.5,12.339,51,growth,healthtech,2999,7,0.6,False,1,3,0.003989594,Low
CUST10228,1,0,18,45,0,-1.0,-1.333,-0.333,2.333,2.5,19.0,46.0,1,1.291,2.16,23,starter,saas,999,8,0.96,True,3,5,0.9967765,High
CUST10229,3,3,11,69,1,-0.333,0.333,-3.0,-11.0,3.5,17.5,89.0,2,0.577,11.091,26,starter,edtech,999,5,0.68,True,3,1,0.99880743,High
CUST10230,4,1,38,80,0,-0.667,0.333,2.333,-12.0,3.5,30.25,95.75,0,1.915,10.626,26,starter,ecommerce,999,2,0.77,True,3,0,0.96401745,High
CUST10231,5,0,23,81,0,0.0,-0.667,0.0,-5.333,5.25,23.75,83.5,0,1.258,5.377,44,starter,healthtech,999,10,0.2,True,3,3,0.93997955,High
CUST10232,7,2,28,75,1,1.0,0.667,4.667,-4.333,4.5,27.25,86.0,2,2.082,9.287,21,starter,ecommerce,999,9,0.79,True,3,0,0.80957377,High
CUST10233,1,13,24,38,0,-2.0,0.0,2.0,-16.333,4.75,23.5,89.75,1,2.872,3.873,28,enterprise,ecommerce,19999,5,0.6,True,0,0,0.3404599,Medium
CUST10234,4,1,40,77,0,-1.0,0.333,5.0,7.667,5.5,34.25,73.0,0,1.291,6.5,14,starter,healthtech,999,2,0.81,False,3,3,0.015034317,Low
CUST10235,3,4,29,91,0,-1.0,1.333,3.667,-2.333,4.25,18.5,82.0,0,1.5,8.185,32,growth,ecommerce,2999,4,0.26,True,1,0,0.9465498,High
CUST10236,5,1,26,157,0,-0.333,-1.0,3.0,20.333,5.5,24.25,117.75,0,1.291,5.123,6,starter,fintech,999,6,0.18,False,3,2,9.530489e-05,Low
CUST10237,5,4,29,119,0,-0.667,1.0,4.333,13.0,5.0,24.25,102.25,0,1.633,5.679,15,starter,healthtech,999,6,0.35,False,3,3,0.0018386741,Low
CUST10238,2,3,20,75,0,-1.0,0.0,2.333,-12.667,3.5,17.5,80.25,0,1.291,7.594,12,starter,healthtech,999,1,0.87,True,3,3,0.9994228,High
CUST10239,2,7,8,51,0,-0.667,1.0,-3.667,-10.0,3.5,18.75,78.0,1,1.291,7.932,34,pro,fintech,7999,4,0.75,True,2,2,0.98870987,High
CUST10240,6,2,21,151,0,-0.667,-0.667,-1.333,-2.333,5.0,22.75,131.5,0,2.449,4.787,16,growth,logistics,2999,9,0.19,False,1,4,0.0005903516,Low
CUST10241,6,5,25,117,0,0.667,0.333,-1.667,3.667,4.75,28.0,107.5,0,1.5,4.967,6,growth,saas,2999,9,0.4,False,1,5,0.0007458658,Low
CUST10242,8,4,28,156,0,2.0,1.333,4.667,28.333,5.0,24.0,119.25,1,2.449,10.551,42,starter,edtech,999,1,0.11,False,3,1,0.00045020354,Low
CUST10243,6,4,25,69,0,1.0,1.0,2.333,-13.667,5.0,31.5,92.0,1,1.414,12.234,27,starter,ecommerce,999,5,0.76,False,3,0,0.0248782,Low
CUST10244,4,9,18,119,0,-0.667,-1.333,0.667,-5.667,4.75,22.75,104.25,1,0.957,8.539,47,pro,edtech,7999,5,0.48,False,2,1,0.027562594,Low
CUST10245,4,3,29,64,0,-1.0,0.0,4.0,4.667,6.25,21.75,86.5,0,1.5,5.123,41,starter,fintech,999,3,0.41,False,3,2,0.033010565,Low
CUST10246,4,10,27,146,0,-0.333,-0.667,2.0,18.333,5.0,27.25,103.0,0,0.816,9.674,43,pro,healthtech,7999,4,0.15,False,2,3,0.0006091267,Low
CUST10247,5,0,29,82,0,0.0,-0.667,0.667,2.333,5.25,27.5,67.0,1,0.5,1.291,13,starter,fintech,999,9,0.82,True,3,2,0.908976,High
CUST10248,6,4,33,44,0,1.0,0.0,5.333,-9.667,4.75,23.5,64.0,0,1.5,8.347,19,starter,saas,999,3,0.11,False,3,5,0.03150763,Low
CUST10249,7,2,36,131,0,0.667,0.667,-1.667,21.0,5.0,29.25,109.75,0,1.414,11.927,11,starter,ecommerce,999,2,0.19,False,3,0,0.00024179052,Low
CUST10250,5,9,15,57,1,-0.333,0.0,-2.667,-19.333,4.75,15.5,84.0,1,0.957,6.137,37,pro,fintech,7999,1,0.77,True,2,2,0.98167956,High
CUST10251,1,2,27,64,0,0.0,0.0,-1.333,-3.0,3.0,22.75,77.75,1,2.309,8.655,26,starter,saas,999,10,0.76,True,3,5,0.99438053,High
CUST10252,2,5,12,116,0,-1.0,0.333,-6.0,8.0,4.25,26.0,91.5,1,1.708,10.551,14,growth,edtech,2999,10,0.23,False,1,1,0.6443441,High
CUST10253,4,7,18,102,0,0.0,1.333,-5.333,-8.0,4.0,23.5,97.25,1,0.816,7.55,35,growth,edtech,2999,1,0.53,False,1,1,0.083550766,Low
CUST10254,4,1,18,79,0,-0.667,-1.333,-3.333,-3.333,6.25,25.75,75.5,0,1.708,8.655,16,starter,ecommerce,999,4,0.37,False,3,0,0.06653164,Low
CUST10255,4,1,17,64,0,-0.333,-1.333,-1.333,-17.0,5.0,20.0,77.75,0,0.816,5.292,52,starter,edtech,999,1,0.76,True,3,1,0.964564,High
CUST10256,6,5,22,161,0,-0.667,1.333,0.333,17.667,5.5,21.25,110.75,0,2.082,4.924,26,starter,healthtech,999,7,0.42,False,3,3,0.00018044251,Low
CUST10257,4,0,0,100,0,0.0,-0.667,-5.0,6.667,4.5,12.25,91.25,0,1.0,8.382,44,starter,fintech,999,1,0.34,True,3,2,0.98697925,High
CUST10258,6,1,29,92,0,1.0,0.0,1.0,22.333,4.0,31.25,84.75,0,1.414,6.076,44,starter,saas,999,9,0.78,False,3,5,0.033256605,Low
CUST10259,2,2,13,78,0,-1.333,0.667,-4.667,-2.0,4.75,16.75,68.25,0,2.217,7.762,11,starter,ecommerce,999,5,0.73,True,3,0,0.98267615,High
CUST10260,3,0,16,69,0,0.0,-1.333,0.0,-19.667,3.5,19.25,91.0,1,1.0,3.775,16,starter,fintech,999,7,0.85,True,3,2,0.993473,High
CUST10261,5,10,32,82,1,-0.333,0.0,6.0,5.333,5.0,28.0,91.25,1,0.816,9.381,8,pro,edtech,7999,3,0.29,False,2,1,0.022307156,Low
CUST10262,7,16,30,128,0,1.667,0.667,4.667,-7.667,4.75,25.25,105.25,0,2.217,9.359,41,enterprise,saas,19999,2,0.3,False,0,5,0.004747977,Low
CUST10263,5,0,22,78,0,0.333,-0.333,-4.0,-14.0,3.75,22.25,85.0,0,0.957,8.342,24,starter,ecommerce,999,9,0.97,True,3,0,0.9497057,High
CUST10264,8,7,35,102,0,0.667,0.0,4.333,20.333,6.25,26.75,85.0,0,1.258,9.287,19,pro,ecommerce,7999,8,0.79,False,2,0,0.00037901333,Low
CUST10265,3,4,20,88,0,-1.0,1.333,-0.667,6.667,4.5,19.75,84.75,0,1.732,4.031,37,starter,logistics,999,1,0.48,False,3,4,0.31818777,Medium
CUST10266,2,3,10,69,0,-1.333,-1.0,-5.0,-11.667,4.25,14.0,85.25,0,1.708,7.348,23,growth,saas,2999,3,0.72,True,1,5,0.98892725,High
CUST10267,6,0,20,68,0,1.0,-0.333,1.0,4.0,4.0,27.5,75.25,0,1.414,10.536,34,starter,edtech,999,6,0.31,True,3,1,0.52437276,Medium
CUST10268,5,3,22,129,0,0.333,1.0,-3.333,-8.333,5.25,26.5,123.0,0,1.893,6.403,16,starter,edtech,999,3,0.71,False,3,1,0.00051413977,Low
CUST10269,8,16,31,156,0,1.667,0.333,5.667,14.667,4.75,20.75,108.5,0,2.217,7.274,6,enterprise,fintech,19999,9,0.16,False,0,2,0.00037476327,Low
CUST10270,1,7,22,76,1,-1.667,-1.0,-4.0,-0.333,3.0,28.75,70.75,2,2.16,6.185,47,pro,fintech,7999,3,0.3,True,2,2,0.99863654,High
CUST10271,1,0,28,92,0,-1.0,0.0,-1.667,3.333,2.75,30.0,89.25,0,2.062,3.559,21,starter,saas,999,4,0.43,True,3,5,0.9604731,High
CUST10272,7,11,24,36,0,1.333,1.667,2.333,-13.333,4.75,20.75,79.25,0,1.708,7.136,51,pro,fintech,7999,10,0.39,False,2,2,0.002925164,Low
CUST10273,5,12,24,133,0,-0.667,0.0,-2.0,6.667,5.25,20.5,103.0,1,1.708,8.266,37,pro,fintech,7999,10,0.2,False,2,2,0.009004292,Low
CUST10274,4,7,12,130,0,0.0,-0.333,-6.667,7.333,3.5,25.25,114.0,1,0.577,9.069,35,growth,ecommerce,2999,10,0.32,False,1,0,0.0057614697,Low
CUST10275,3,0,10,30,1,-0.667,-1.0,-8.333,-16.667,4.0,26.25,66.5,3,0.816,11.815,11,starter,ecommerce,999,3,0.9,True,3,0,0.96958256,High
CUST10276,2,15,15,60,0,-0.667,0.0,-3.333,-0.333,3.5,23.75,81.0,0,1.291,6.602,17,enterprise,fintech,19999,1,0.1,False,0,2,0.15328616,Low
CUST10277,7,9,13,50,0,0.667,0.667,-4.0,-27.333,6.5,23.0,96.5,1,1.0,8.327,18,pro,ecommerce,7999,8,0.2,False,2,0,0.02829397,Low
CUST10278,7,5,22,109,1,0.0,0.0,-5.0,13.667,5.75,28.5,104.75,2,1.5,6.245,22,growth,ecommerce,2999,4,0.21,False,1,0,0.0016456023,Low
CUST10279,6,4,16,114,0,0.0,-1.333,-0.667,-0.667,4.75,20.0,98.75,0,1.5,5.416,49,growth,edtech,2999,6,0.21,False,1,1,0.073396794,Low
CUST10280,2,5,8,46,0,-0.667,0.667,-6.333,-1.0,3.5,20.5,63.0,1,1.291,9.256,30,growth,ecommerce,2999,5,0.18,True,1,0,0.99926084,High
CUST10281,4,1,23,104,0,0.0,-0.667,-4.0,0.667,3.75,23.25,94.75,1,0.5,8.732,4,starter,healthtech,999,3,1.0,True,3,3,0.9602987,High
CUST10282,4,6,35,110,1,0.0,0.333,6.0,17.667,5.0,23.5,96.0,1,1.414,7.895,30,growth,healthtech,2999,8,0.81,False,1,3,0.0010221681,Low
CUST10283,5,3,35,71,0,0.0,-0.667,1.667,-5.667,5.0,36.5,92.75,1,0.816,15.927,24,growth,logistics,2999,9,0.63,True,1,4,0.8329564,High
CUST10284,5,1,30,126,0,0.0,-0.333,2.667,-2.333,4.0,27.25,112.75,0,1.414,3.594,16,starter,healthtech,999,4,0.93,False,3,3,0.004207469,Low
CUST10285,3,13,46,106,0,-0.333,1.0,1.333,-16.667,3.5,35.5,132.75,0,1.291,11.902,24,pro,ecommerce,7999,6,0.78,False,2,0,0.0046132733,Low
CUST10286,2,0,12,61,1,-1.0,-0.333,-4.333,-3.667,3.75,19.75,79.0,4,1.5,6.85,33,starter,fintech,999,1,0.13,True,3,2,0.9997174,High
CUST10287,8,6,22,181,0,1.333,-0.333,-1.333,41.333,6.0,29.75,122.75,1,1.633,7.411,30,pro,saas,7999,10,0.99,False,2,5,3.8024158e-05,Low
CUST10288,4,3,34,89,1,-0.667,-1.333,2.0,3.333,5.25,30.0,112.0,1,1.5,7.832,26,growth,edtech,2999,7,0.17,False,1,1,0.009113504,Low
CUST10289,3,18,24,128,0,-0.667,1.667,0.333,0.333,4.75,23.75,103.0,0,1.708,0.957,22,enterprise,logistics,19999,6,0.75,False,0,4,0.008542121,Low
CUST10290,4,15,11,150,0,-0.667,-0.333,-3.0,35.667,5.5,21.0,97.75,0,2.646,9.055,51,enterprise,edtech,19999,3,1.0,False,0,1,0.0014965435,Low
CUST10291,5,13,23,59,0,-0.333,-0.667,-1.667,-7.333,5.5,25.25,98.25,0,1.291,7.632,11,enterprise,ecommerce,19999,4,0.28,False,0,0,0.0471164,Low
CUST10292,3,0,21,89,0,0.333,-0.667,2.333,-7.333,3.0,20.75,93.25,0,0.816,7.411,43,starter,logistics,999,5,0.21,True,3,4,0.996086,High
CUST10293,7,3,37,85,0,1.0,-0.333,1.667,-10.0,4.75,26.75,103.75,0,1.708,9.215,16,starter,healthtech,999,8,0.64,False,3,3,0.0072679026,Low
CUST10294,0,0,17,73,1,-0.667,0.0,-1.667,-6.333,1.5,21.75,89.25,3,1.291,4.113,10,starter,ecommerce,999,9,0.86,True,3,0,0.9981547,High
CUST10295,6,9,49,118,0,0.0,-0.333,1.667,0.333,5.5,40.0,118.0,0,1.0,16.269,4,pro,healthtech,7999,10,0.51,False,2,3,0.0008295386,Low
CUST10296,5,1,17,79,0,-1.0,-1.0,-0.667,-4.0,5.75,21.0,87.25,1,1.5,6.733,52,growth,edtech,2999,7,0.84,True,1,1,0.95080733,High
CUST10297,2,3,33,109,0,-1.667,0.0,2.0,-7.333,4.75,26.25,108.0,0,2.217,5.737,12,starter,fintech,999,8,0.45,False,3,2,0.024406178,Low
CUST10298,6,16,20,166,0,0.0,-0.667,-4.0,21.333,5.25,23.75,95.5,0,1.5,5.679,35,enterprise,logistics,19999,6,0.49,False,0,4,0.00018891018,Low
CUST10299,5,16,36,95,0,0.333,1.0,2.333,6.0,4.0,28.5,79.5,1,0.816,5.802,25,enterprise,healthtech,19999,4,0.67,False,0,3,0.014908192,Low
CUST10300,3,4,34,66,0,-0.667,0.667,8.0,-3.0,4.0,22.5,83.75,2,0.816,9.815,51,growth,fintech,2999,7,0.56,True,1,2,0.91322,High
CUST10301,5,5,14,69,0,0.333,-0.667,-3.0,-31.333,5.5,21.0,118.0,0,1.732,4.69,7,growth,ecommerce,2999,4,0.16,False,1,0,0.020983752,Low
CUST10302,4,7,41,152,0,-0.333,-0.667,5.333,5.667,5.5,31.0,121.5,0,1.291,10.1,9,pro,logistics,7999,3,0.49,False,2,4,3.607895e-05,Low
CUST10303,4,7,31,75,0,-1.0,0.333,3.0,6.333,4.75,25.25,84.75,0,2.872,4.031,23,growth,ecommerce,2999,8,0.23,False,1,0,0.018115122,Low
CUST10304,4,0,14,79,1,-0.333,-1.0,-1.0,-2.333,3.25,17.5,86.0,2,1.708,6.658,50,starter,logistics,999,7,0.4,True,3,4,0.9995339,High
CUST10305,4,14,7,38,0,0.0,0.333,-8.333,0.0,4.25,18.5,55.75,1,1.258,13.916,40,enterprise,saas,19999,1,0.94,False,0,5,0.16176726,Low
CUST10306,6,4,16,81,0,1.333,0.333,-3.333,11.667,5.0,25.5,76.5,0,2.0,7.767,36,growth,ecommerce,2999,10,0.36,False,1,0,0.04236757,Low
CUST10307,6,5,36,121,0,0.0,0.333,-3.0,10.667,5.75,33.25,119.75,1,0.5,9.179,39,growth,ecommerce,2999,6,0.76,False,1,0,0.00062165584,Low
CUST10308,4,2,11,69,0,-0.667,0.667,-4.667,-7.0,5.5,24.25,87.5,0,1.0,9.43,50,starter,fintech,999,7,0.64,False,3,2,0.25840965,Low
CUST10309,3,5,23,98,0,-1.667,-0.667,-2.333,0.0,5.5,22.5,88.75,0,2.082,7.047,7,pro,healthtech,7999,2,0.72,False,2,3,0.07921171,Low
CUST10310,4,0,23,98,0,-0.333,-1.667,0.0,-15.667,5.75,23.0,107.25,0,1.5,0.816,33,starter,ecommerce,999,3,0.82,False,3,0,0.0058354414,Low
CUST10311,1,0,18,74,0,-1.333,0.0,0.0,6.333,3.0,13.75,59.25,1,1.826,5.679,48,starter,logistics,999,8,0.9,True,3,4,0.99948007,High
CUST10312,4,7,23,114,0,-1.0,0.667,3.333,0.333,6.0,28.75,84.25,0,1.414,13.124,15,growth,edtech,2999,9,0.87,False,1,1,0.009359952,Low
CUST10313,5,4,34,70,0,0.333,0.0,0.667,-19.0,5.5,37.0,102.25,0,1.732,6.218,11,growth,logistics,2999,8,0.45,False,1,4,0.006086132,Low
CUST10314,3,7,31,80,0,-1.0,0.0,2.667,0.333,4.75,23.0,73.25,0,1.5,5.888,42,pro,logistics,7999,7,0.83,True,2,4,0.9230758,High
CUST10315,5,8,15,70,0,0.0,-1.333,2.0,-25.667,4.25,18.75,98.0,0,1.5,8.421,20,pro,fintech,7999,6,0.88,False,2,2,0.7171306,High
CUST10316,8,2,33,62,0,2.0,-1.667,-0.667,-23.0,4.0,26.25,105.5,0,2.828,12.997,4,growth,fintech,2999,2,0.66,False,1,2,0.027577745,Low
CUST10317,4,8,12,162,0,0.0,0.667,-2.0,14.333,4.75,15.5,104.75,0,0.957,6.245,30,growth,healthtech,2999,2,0.17,False,1,3,0.0076683853,Low
CUST10318,5,11,19,38,0,-1.0,1.0,2.333,-32.0,6.5,25.25,98.0,0,1.291,11.644,36,pro,fintech,7999,7,0.92,False,2,2,0.0027727752,Low
CUST10319,2,11,15,138,0,-1.667,0.0,-2.667,21.0,5.25,23.75,94.0,0,2.363,6.5,50,enterprise,logistics,19999,4,0.43,False,0,4,0.018467134,Low
CUST10320,4,3,14,78,0,-0.333,0.333,-2.0,-4.667,3.0,19.0,94.75,0,1.826,3.742,34,starter,fintech,999,7,0.46,False,3,2,0.98833036,High
CUST10321,3,2,19,45,0,-1.667,-0.667,0.667,-18.333,5.5,16.75,71.75,1,2.38,3.304,45,growth,logistics,2999,9,0.99,False,1,4,0.10501527,Low
CUST10322,5,1,30,127,1,-1.0,0.0,5.0,15.0,6.5,25.25,87.0,1,1.291,7.32,31,starter,fintech,999,5,0.95,False,3,2,0.0025325166,Low
CUST10323,2,2,14,45,1,-1.333,-1.0,-2.333,-15.667,3.0,23.75,68.0,2,2.16,7.932,48,growth,fintech,2999,8,0.35,True,1,2,0.99960285,High
CUST10324,4,14,19,64,0,-0.667,0.333,-3.333,-10.0,6.0,27.25,82.75,2,1.414,6.238,23,enterprise,edtech,19999,3,0.7,True,0,1,0.8578101,High
CUST10325,2,6,31,26,0,-1.0,0.333,0.667,-21.0,4.75,26.0,76.25,1,1.893,8.042,33,growth,edtech,2999,8,0.93,False,1,1,0.063537866,Low
CUST10326,5,0,27,74,0,-0.667,-0.667,0.333,-10.667,6.25,23.25,83.75,0,0.957,4.5,24,starter,ecommerce,999,6,0.93,False,3,0,0.100935,Low
CUST10327,6,14,17,109,0,-0.667,-1.333,-3.0,15.0,5.25,19.75,66.25,0,2.217,4.272,52,enterprise,saas,19999,9,0.49,False,0,5,0.010933089,Low
CUST10328,5,3,18,94,0,0.667,0.0,-4.667,-12.0,3.25,24.25,111.25,1,1.258,7.848,16,starter,edtech,999,5,0.71,False,3,1,0.11454299,Low
CUST10329,1,1,27,87,0,-1.667,-0.667,-0.333,-2.333,4.5,22.75,96.25,1,2.38,5.5,12,starter,saas,999,10,0.21,True,3,5,0.937278,High
CUST10330,5,0,33,105,0,0.0,0.0,3.667,16.333,5.25,31.25,95.75,0,1.258,8.461,20,starter,fintech,999,1,0.17,False,3,2,0.0007297814,Low
CUST10331,3,2,20,51,0,-1.0,0.667,-3.0,-10.333,4.5,25.5,78.25,1,1.732,6.557,18,starter,logistics,999,9,0.89,True,3,4,0.89757305,High
CUST10332,4,2,29,82,1,0.0,0.0,0.667,2.667,4.0,24.75,79.25,1,0.0,4.787,46,starter,logistics,999,1,0.25,True,3,4,0.9576099,High
CUST10333,6,9,29,81,0,0.0,-0.667,0.667,-5.0,5.25,21.75,81.75,1,0.957,11.871,4,pro,saas,7999,6,0.16,True,2,5,0.9357488,High
CUST10334,7,4,18,93,0,1.333,1.333,-6.0,-6.0,5.25,25.25,102.25,0,1.708,7.89,36,starter,edtech,999,9,0.48,False,3,1,0.004863961,Low
CUST10335,2,9,19,85,0,-0.667,0.0,-4.333,-23.667,4.75,24.75,102.5,0,2.217,5.377,30,pro,logistics,7999,6,0.69,True,2,4,0.95126534,High
CUST10336,4,1,18,58,0,-0.333,-1.333,0.333,-8.0,3.5,19.5,75.25,0,1.732,5.066,21,starter,healthtech,999,8,0.89,True,3,3,0.9962112,High
CUST10337,5,3,24,80,0,0.0,0.0,-2.0,-16.333,6.0,26.75,97.75,0,1.155,4.425,32,starter,logistics,999,7,0.35,False,3,4,0.029172728,Low
CUST10338,4,7,10,49,0,0.0,1.0,-8.0,-26.333,4.5,23.0,112.75,0,1.732,9.899,9,starter,saas,999,5,0.58,False,3,5,0.034828857,Low
CUST10339,4,17,0,69,0,-0.333,0.333,-10.0,1.0,3.5,20.75,51.5,0,1.291,14.221,18,enterprise,fintech,19999,5,0.3,True,0,2,0.93711025,High
CUST10340,3,8,32,54,0,-0.667,0.667,0.667,-30.0,4.25,32.75,93.5,2,1.5,3.594,31,growth,logistics,2999,5,0.59,False,1,4,0.01814492,Low
CUST10341,4,7,7,124,0,-1.0,1.667,-9.667,-9.0,6.0,23.0,114.75,0,1.826,13.089,48,growth,saas,2999,6,0.96,False,1,5,0.002522679,Low
CUST10342,6,2,26,102,0,0.333,-0.667,1.0,-4.0,5.25,22.5,91.5,0,0.5,2.887,10,starter,saas,999,5,0.86,False,3,5,0.014872512,Low
CUST10343,3,0,23,72,0,-0.667,0.0,-0.667,-7.333,4.75,26.5,93.5,0,1.258,3.873,16,starter,fintech,999,8,0.37,False,3,2,0.06617549,Low
CUST10344,7,9,26,86,0,1.333,0.0,-5.333,-15.333,5.5,27.75,95.5,1,1.732,10.72,33,pro,logistics,7999,8,0.59,False,2,4,0.026980296,Low
CUST10345,5,0,24,110,0,0.0,-1.0,-1.667,-3.0,5.0,25.75,108.25,1,0.0,8.461,44,starter,saas,999,1,0.87,False,3,5,0.011599723,Low
CUST10346,5,9,20,74,0,-0.667,1.0,-5.667,-14.667,6.5,29.5,103.0,0,1.915,9.883,48,pro,fintech,7999,10,0.56,False,2,2,0.004147293,Low
CUST10347,6,4,28,139,0,-0.333,-1.333,4.667,0.0,5.75,20.5,115.25,2,1.258,6.608,12,growth,logistics,2999,6,0.92,False,1,4,0.00047197743,Low
CUST10348,7,4,19,47,1,0.667,0.0,1.0,-28.0,4.25,23.25,75.75,1,2.217,8.342,31,growth,saas,2999,2,0.23,True,1,5,0.9821556,High
CUST10349,5,5,31,125,0,-0.333,-0.667,0.333,4.667,5.0,26.5,102.5,0,0.816,7.047,32,growth,ecommerce,2999,3,0.79,False,1,0,0.0053419303,Low
CUST10350,5,0,19,68,0,0.0,0.0,-5.333,-20.333,4.0,24.5,74.75,3,1.414,10.247,19,starter,fintech,999,10,0.14,True,3,2,0.9923151,High
CUST10351,6,7,33,81,0,0.333,1.333,5.667,-13.333,4.75,23.75,83.75,0,1.893,8.098,41,growth,logistics,2999,4,0.79,False,1,4,0.048613988,Low
CUST10352,3,13,24,49,0,-1.333,-0.333,4.333,-7.333,4.75,18.25,72.0,0,1.708,5.439,19,enterprise,logistics,19999,1,0.35,True,0,4,0.9415407,High
CUST10353,7,8,19,106,0,1.0,0.0,-4.667,0.0,5.25,24.25,95.75,1,1.258,6.702,51,pro,healthtech,7999,1,0.76,False,2,3,0.0036613718,Low
CUST10354,2,7,29,95,0,-0.667,0.0,4.0,-4.667,5.0,24.0,108.5,0,2.582,11.747,30,pro,saas,7999,5,0.2,False,2,5,0.02857899,Low
CUST10355,4,3,25,136,0,-0.333,-2.0,-2.0,14.0,4.75,27.75,118.75,0,0.5,3.202,45,growth,saas,2999,8,0.68,False,1,5,4.0944215e-05,Low
CUST10356,6,0,32,89,0,0.333,-0.667,7.667,4.0,4.5,15.75,61.75,0,1.291,13.124,25,starter,ecommerce,999,1,0.94,True,3,0,0.91817194,High
CUST10357,8,6,41,144,0,-0.333,-0.667,7.0,11.333,6.5,29.75,119.5,2,2.38,8.958,49,growth,ecommerce,2999,8,0.11,False,1,0,0.00014756298,Low
CUST10358,5,7,30,94,0,-0.667,1.0,3.333,-3.0,5.5,24.5,98.5,0,1.0,4.123,42,growth,fintech,2999,2,0.76,False,1,2,0.0047090184,Low
CUST10359,6,8,37,142,1,-0.333,-0.333,3.0,18.0,5.0,32.75,106.5,1,2.16,7.5,22,pro,ecommerce,7999,4,0.72,False,2,0,0.0001854226,Low
CUST10360,2,7,20,90,0,-1.0,0.0,-0.667,-20.333,3.5,22.75,93.5,1,1.291,3.594,16,pro,logistics,7999,10,0.67,True,2,4,0.9111198,High
CUST10361,4,5,18,125,0,-1.0,-0.333,-0.667,14.333,4.0,21.75,95.5,0,2.16,4.349,31,growth,logistics,2999,2,0.12,False,1,4,0.024488248,Low
CUST10362,6,7,23,147,0,0.0,-1.0,-5.667,20.0,6.0,30.25,107.75,0,0.0,7.274,16,growth,saas,2999,8,0.63,False,1,5,4.7898942e-05,Low
CUST10363,8,1,26,196,0,0.667,-1.667,1.0,24.333,6.0,24.25,139.0,0,1.414,4.272,41,growth,logistics,2999,4,0.68,False,1,4,8.109282e-05,Low
CUST10364,2,4,17,130,0,-0.667,1.0,-0.333,16.667,3.75,17.0,118.0,2,1.258,2.16,13,growth,saas,2999,4,0.45,False,1,5,0.031198215,Low
CUST10365,3,0,22,55,0,-1.0,-0.333,-3.0,-15.667,2.75,23.25,68.25,1,2.5,6.652,16,starter,fintech,999,8,0.54,True,3,2,0.9979734,High
CUST10366,6,11,12,89,0,0.333,0.667,-5.0,-4.0,5.25,20.5,106.25,0,1.708,9.327,49,pro,edtech,7999,2,0.25,False,2,1,0.01599967,Low
CUST10367,5,5,14,140,0,0.667,0.333,3.0,20.333,4.0,16.0,100.0,1,1.155,10.36,44,growth,logistics,2999,3,0.45,False,1,4,0.017924177,Low
CUST10368,6,13,5,116,0,0.0,-1.333,-3.667,-9.0,5.25,17.75,124.5,1,2.217,12.527,38,enterprise,logistics,19999,1,0.32,False,0,4,0.015991302,Low
CUST10369,7,13,25,94,0,-0.333,1.0,-0.667,-12.333,6.0,22.0,88.75,0,1.826,6.218,15,pro,fintech,7999,9,0.16,False,2,2,0.016530719,Low
CUST10370,5,4,4,149,0,0.333,0.333,-2.667,13.667,5.5,13.25,119.25,1,1.291,9.215,15,starter,fintech,999,9,0.51,False,3,2,0.012836843,Low
CUST10371,2,0,31,73,1,-1.667,-0.333,6.333,-6.333,4.75,23.75,66.25,3,2.63,8.539,46,starter,healthtech,999,8,0.17,True,3,3,0.99137676,High
CUST10372,4,2,24,125,0,0.0,-0.333,-6.0,6.333,3.75,25.25,118.5,0,0.5,11.644,22,starter,fintech,999,9,0.6,False,3,2,0.0019872729,Low
CUST10373,3,7,25,73,0,-0.333,1.333,-2.667,-15.333,4.25,26.25,92.0,1,0.957,9.708,9,growth,saas,2999,3,0.22,True,1,5,0.85033154,High
CUST10374,5,5,35,41,0,0.333,-0.333,1.0,-34.0,4.5,32.5,103.25,2,0.577,2.082,11,starter,fintech,999,4,0.64,False,3,2,0.004178667,Low
CUST10375,2,4,13,30,0,-0.333,-1.0,-1.333,-14.667,3.0,16.75,65.25,0,1.414,2.872,7,growth,ecommerce,2999,6,0.53,True,1,0,0.9993843,High
CUST10376,4,0,26,74,0,0.333,-1.333,1.333,-21.667,2.75,23.25,94.75,1,0.957,7.182,34,starter,ecommerce,999,1,0.4,True,3,0,0.99890506,High
CUST10377,5,5,22,128,0,0.0,-0.667,-3.0,21.333,4.5,27.0,94.75,0,0.577,10.1,5,growth,saas,2999,9,0.15,False,1,5,0.000584923,Low
CUST10378,4,3,20,67,0,-0.333,0.0,0.0,-6.333,5.5,22.0,85.25,0,1.732,10.863,22,growth,logistics,2999,9,0.88,True,1,4,0.8134075,High
CUST10379,3,2,12,55,0,0.333,-0.667,-3.667,-17.667,2.75,22.0,68.5,1,0.957,8.206,34,growth,ecommerce,2999,10,0.94,True,1,0,0.99728537,High
CUST10380,6,8,15,66,1,0.667,-0.333,1.0,-5.333,5.0,22.5,89.25,1,1.826,10.661,7,pro,edtech,7999,2,0.21,False,2,1,0.78320557,High
CUST10381,4,0,17,29,0,0.333,0.0,-5.333,-9.333,5.5,27.0,55.75,1,2.38,7.348,32,starter,saas,999,7,0.84,True,3,5,0.94460094,High
CUST10382,7,1,27,135,0,1.333,-1.0,2.0,3.667,5.5,27.0,129.25,1,1.915,8.485,14,starter,ecommerce,999,4,0.1,False,3,0,0.0006244182,Low
CUST10383,4,4,20,128,1,-0.667,-0.333,-4.0,17.333,5.0,31.0,119.5,1,0.816,8.246,21,starter,saas,999,10,0.73,False,3,5,0.0011971,Low
CUST10384,7,9,32,95,0,1.333,1.0,3.333,7.0,5.0,32.75,103.75,1,1.826,9.912,29,growth,fintech,2999,7,0.15,False,1,2,0.00035870585,Low
CUST10385,2,8,26,61,0,-0.333,-0.333,4.333,-10.0,3.0,21.5,65.75,1,0.816,6.455,11,pro,logistics,7999,5,0.91,True,2,4,0.95809036,High
CUST10386,3,0,40,73,0,-1.0,-1.0,7.333,-17.333,5.0,24.75,95.25,1,1.826,10.243,26,starter,saas,999,6,0.88,True,3,5,0.33361202,Medium
CUST10387,6,5,23,112,0,1.0,1.333,2.0,3.0,5.5,21.75,106.75,0,1.732,9.912,31,starter,saas,999,3,0.18,False,3,5,0.0021832627,Low
CUST10388,3,8,18,92,0,-0.333,0.0,1.333,-22.667,4.0,15.75,109.75,1,0.816,3.304,12,pro,healthtech,7999,7,0.22,False,2,3,0.088449895,Low
CUST10389,5,3,24,128,0,-0.333,1.0,-3.333,8.667,4.25,27.0,89.25,1,1.708,5.715,28,starter,healthtech,999,3,0.66,False,3,3,0.17523523,Low
CUST10390,4,0,31,46,0,0.667,-1.0,2.0,-8.0,3.25,23.0,81.75,0,0.957,8.485,40,starter,saas,999,2,0.13,True,3,5,0.97452354,High
CUST10391,6,2,29,77,0,0.0,-1.0,2.667,-6.667,6.25,22.25,92.25,0,1.258,5.377,6,growth,logistics,2999,5,0.82,False,1,4,0.048180487,Low
CUST10392,3,1,34,105,0,-1.333,-1.667,8.333,9.333,4.5,25.75,110.25,0,1.732,11.442,13,starter,healthtech,999,3,0.69,False,3,3,0.014511535,Low
CUST10393,7,4,31,111,0,0.0,0.0,2.0,17.333,5.75,23.0,95.5,1,1.893,7.071,36,growth,healthtech,2999,6,0.7,False,1,3,0.0017046388,Low
CUST10394,5,7,30,137,0,-0.667,1.0,-3.667,-6.0,5.5,29.75,119.75,0,1.291,10.34,34,growth,ecommerce,2999,10,0.68,False,1,0,0.002239309,Low
CUST10395,4,12,26,79,1,0.667,-1.333,4.333,2.0,2.75,20.0,60.75,1,0.957,10.801,38,enterprise,edtech,19999,2,0.11,True,0,1,0.97261375,High
CUST10396,3,0,26,68,0,-0.667,-0.667,1.333,-3.0,3.75,24.75,77.0,2,1.5,3.403,12,starter,healthtech,999,10,0.11,True,3,3,0.93228936,High
CUST10397,4,1,18,52,1,0.0,-0.667,-3.0,-6.667,4.0,17.75,60.25,2,0.816,6.801,4,growth,ecommerce,2999,1,0.13,True,1,0,0.9993326,High
CUST10398,3,5,27,83,0,-1.667,-0.333,5.0,-19.333,5.75,19.25,101.25,0,2.217,8.958,43,growth,ecommerce,2999,7,0.34,False,1,0,0.055332635,Low
CUST10399,4,1,38,104,0,0.333,-0.667,5.667,15.0,4.5,30.0,89.25,0,1.291,7.071,48,starter,fintech,999,3,0.5,False,3,2,0.0013424654,Low
CUST10400,3,6,27,81,0,-1.667,-1.333,4.0,1.333,4.75,22.25,99.0,0,2.217,5.5,36,pro,logistics,7999,2,0.42,False,2,4,0.07187348,Low
CUST10401,6,9,29,43,1,-0.333,0.333,4.0,-30.0,5.25,24.5,79.75,1,1.708,5.745,29,pro,healthtech,7999,10,0.58,True,2,3,0.0045693484,Low
CUST10402,6,4,39,89,0,0.0,-1.333,6.667,18.333,5.5,27.5,80.75,0,0.577,8.347,9,growth,saas,2999,10,0.66,False,1,5,0.00014781184,Low
CUST10403,4,2,20,151,0,-0.333,0.333,-2.667,24.0,4.5,23.5,101.75,0,0.577,3.317,19,starter,saas,999,6,0.67,False,3,5,0.0005132804,Low
CUST10404,3,0,10,136,0,-1.0,0.0,-2.333,12.333,4.0,21.5,118.75,1,1.414,9.747,17,starter,saas,999,6,0.85,False,3,5,0.007431084,Low
CUST10405,3,1,23,95,0,-1.333,-1.333,4.0,-3.667,5.0,20.75,104.0,0,1.826,9.535,45,starter,fintech,999,1,0.28,False,3,2,0.046303205,Low
CUST10406,4,6,20,81,0,-0.333,-0.667,0.0,-6.0,5.25,21.5,109.25,0,1.893,3.0,46,pro,saas,7999,9,0.15,False,2,5,0.0018734916,Low
CUST10407,6,10,20,87,1,0.0,-0.333,-3.667,-10.333,5.25,28.0,98.75,2,0.957,6.976,18,pro,edtech,7999,8,0.3,False,2,1,0.009226437,Low
CUST10408,3,0,6,39,1,-1.333,0.0,-2.0,-23.667,4.5,12.5,78.25,1,1.915,6.245,26,starter,healthtech,999,7,0.42,True,3,3,0.9987262,High
CUST10409,5,5,17,85,0,0.0,0.667,-1.667,6.0,4.0,26.75,85.5,1,1.414,8.655,52,growth,fintech,2999,4,0.67,False,1,2,0.17942551,Low
CUST10410,6,10,32,140,0,0.667,1.0,1.0,-9.667,4.75,26.5,126.5,0,0.957,4.796,11,pro,fintech,7999,3,0.37,False,2,2,0.0005415946,Low
CUST10411,4,3,13,107,0,-0.333,1.0,-3.0,9.333,5.0,21.75,78.0,0,1.414,6.946,42,starter,edtech,999,1,0.71,True,3,1,0.9370831,High
CUST10412,5,0,9,51,1,0.333,-0.667,-1.0,-25.0,3.25,19.25,75.75,1,1.708,11.673,29,starter,healthtech,999,5,0.87,True,3,3,0.9985606,High
CUST10413,2,7,28,54,0,-1.0,-1.667,1.667,-16.333,4.25,25.25,90.75,0,1.5,3.202,13,pro,healthtech,7999,8,0.64,False,2,3,0.06281643,Low
CUST10414,4,15,27,110,0,-0.333,0.0,-0.667,6.667,4.75,33.0,106.25,2,0.957,10.033,49,enterprise,saas,19999,5,0.13,False,0,5,0.0013146482,Low
CUST10415,8,2,26,115,0,1.333,-0.333,-1.0,-12.667,4.5,23.75,125.0,0,2.38,6.652,29,starter,fintech,999,4,0.56,False,3,2,0.0012583667,Low
CUST10416,3,18,23,130,0,-0.333,2.333,4.0,27.333,3.5,24.25,74.5,0,0.577,9.708,19,enterprise,saas,19999,1,0.99,False,0,5,0.0008864364,Low
CUST10417,3,1,31,75,0,-0.667,-0.667,1.333,-1.0,4.75,23.5,82.5,1,1.258,8.185,48,starter,fintech,999,6,0.33,True,3,2,0.95023185,High
CUST10418,6,3,17,144,0,0.667,1.0,-1.333,14.667,4.75,17.25,100.5,0,1.5,3.862,24,starter,fintech,999,8,0.12,False,3,2,0.004318777,Low
CUST10419,4,2,27,48,1,-1.667,-0.667,0.667,-19.667,5.5,24.25,84.25,2,2.38,6.5,24,starter,healthtech,999,9,0.77,False,3,3,0.05979884,Low
CUST10420,4,17,7,92,0,-0.333,1.333,-4.333,-7.667,5.25,21.25,110.5,0,1.258,10.404,29,enterprise,ecommerce,19999,10,0.49,False,0,0,0.008048055,Low
CUST10421,4,5,37,138,0,-0.667,1.333,2.333,24.0,4.75,33.5,80.25,1,0.957,4.041,36,starter,logistics,999,5,0.66,False,3,4,0.0050455984,Low
CUST10422,6,3,30,142,0,-0.333,1.0,1.667,24.333,5.75,24.75,104.5,0,1.258,3.775,16,starter,saas,999,8,0.95,False,3,5,0.000119225326,Low
CUST10423,9,2,28,92,0,1.667,0.333,-0.333,-3.333,6.0,26.5,93.5,1,2.16,3.697,49,starter,fintech,999,2,0.69,False,3,2,0.00985542,Low
CUST10424,8,2,27,86,0,0.333,0.667,2.667,-15.333,7.0,27.75,93.25,1,0.816,8.302,29,starter,logistics,999,8,0.96,False,3,4,0.004184858,Low
CUST10425,2,3,24,80,1,-1.667,0.333,7.333,-7.333,4.0,19.0,98.5,1,2.449,11.605,16,growth,saas,2999,5,0.18,True,1,5,0.97711617,High
CUST10426,3,0,24,60,0,-0.333,-1.0,1.0,-21.333,3.75,21.75,98.25,0,0.957,2.217,20,starter,saas,999,7,0.76,False,3,5,0.6142811,High
CUST10427,4,0,27,67,0,-0.333,0.0,0.333,-19.333,4.25,26.0,90.75,1,0.957,5.354,52,starter,edtech,999,2,0.97,False,3,1,0.10669648,Low
CUST10428,1,0,1,83,0,-1.0,-1.667,-13.333,-2.667,2.75,18.75,99.25,1,1.5,17.933,30,growth,ecommerce,2999,5,0.34,True,1,0,0.9952825,High
CUST10429,3,0,5,127,0,-0.333,-0.333,-11.0,6.0,4.0,20.25,101.75,0,1.414,14.151,46,starter,fintech,999,6,0.52,False,3,2,0.059597537,Low
CUST10430,4,2,36,67,0,-0.333,0.667,3.0,-18.333,5.25,28.0,93.5,0,1.258,7.071,41,starter,edtech,999,6,0.73,False,3,1,0.005132438,Low
CUST10431,3,10,23,70,0,-1.0,1.667,-4.0,-16.333,5.0,29.0,100.75,0,1.414,7.528,27,pro,saas,7999,2,0.25,False,2,5,0.033435103,Low
CUST10432,4,1,17,83,0,-0.667,0.0,-1.0,-7.333,5.0,23.5,113.0,0,0.816,5.916,10,starter,edtech,999,10,0.61,False,3,1,0.003023688,Low
CUST10433,4,13,29,107,0,-0.667,0.0,3.667,18.0,5.75,28.5,106.75,0,1.258,7.594,22,pro,logistics,7999,1,0.81,False,2,4,0.00032675616,Low
CUST10434,5,0,19,131,0,0.0,-1.333,0.667,7.333,4.5,19.75,109.75,0,1.0,2.5,44,growth,fintech,2999,10,0.98,False,1,2,0.001908284,Low
CUST10435,3,5,19,77,0,0.667,1.333,-3.0,9.0,3.5,25.0,79.5,1,2.082,4.546,17,growth,saas,2999,10,0.75,True,1,5,0.96792775,High
CUST10436,5,0,26,56,0,-0.667,0.0,-0.667,-4.333,5.75,24.5,84.5,0,0.957,3.873,39,starter,edtech,999,9,0.12,True,3,1,0.8156846,High
CUST10437,4,2,21,93,0,-1.0,-1.0,-0.333,-13.667,5.75,22.75,119.5,1,1.5,1.5,38,starter,ecommerce,999,3,0.97,False,3,0,0.005084649,Low
CUST10438,1,0,27,68,0,-1.333,-0.667,6.0,-20.0,4.0,22.5,102.0,0,2.0,9.147,7,starter,edtech,999,1,0.93,False,3,1,0.9613319,High
CUST10439,3,1,29,94,0,-0.667,0.0,-1.0,10.0,4.25,23.75,93.5,0,0.957,8.884,14,starter,healthtech,999,5,0.73,False,3,3,0.09575311,Low
CUST10440,3,0,30,73,0,0.0,-1.0,2.667,-2.0,4.5,22.75,87.0,0,2.38,4.992,24,starter,logistics,999,2,0.71,True,3,4,0.9683634,High
CUST10441,3,0,20,101,0,0.0,-0.667,-2.333,6.667,3.5,18.25,109.25,0,0.577,7.136,13,starter,fintech,999,1,0.68,False,3,2,0.06876634,Low
CUST10442,6,2,9,130,0,-0.667,0.0,-4.333,23.333,6.0,23.75,92.75,0,1.633,10.905,46,growth,fintech,2999,6,0.37,False,1,2,0.0068893502,Low
CUST10443,1,1,31,100,0,-2.0,-1.333,1.667,-6.0,4.75,27.5,96.0,0,2.63,2.38,52,growth,healthtech,2999,2,0.23,False,1,3,0.06101836,Low
CUST10444,4,6,26,51,0,0.0,-1.0,2.667,-21.667,3.5,21.5,73.5,0,1.0,5.916,30,growth,ecommerce,2999,8,0.71,True,1,0,0.9798263,High
CUST10445,6,16,13,91,1,0.333,0.667,-2.0,-16.0,5.75,19.75,119.0,1,0.5,5.377,20,enterprise,ecommerce,19999,4,0.78,False,0,0,0.0046421345,Low
CUST10446,3,15,34,129,0,-0.333,-0.667,2.333,1.667,3.5,25.0,108.75,0,1.291,8.756,41,enterprise,edtech,19999,8,0.35,False,0,1,0.0030103708,Low
CUST10447,3,14,29,71,0,-0.333,2.0,0.667,2.667,3.0,24.75,58.0,2,0.816,4.031,14,pro,fintech,7999,8,0.54,True,2,2,0.9385155,High
CUST10448,5,6,21,115,1,-0.333,-0.333,3.333,11.667,4.5,18.0,104.5,1,1.732,4.69,51,growth,ecommerce,2999,6,0.18,False,1,0,0.013909637,Low
CUST10449,2,13,27,84,0,-1.0,-0.667,-0.667,-20.667,4.5,24.5,98.75,0,1.732,4.203,28,enterprise,logistics,19999,2,0.56,True,0,4,0.9409621,High
CUST10450,2,8,25,68,0,-1.333,0.333,3.333,4.667,4.75,19.75,66.25,1,1.893,4.573,16,pro,healthtech,7999,5,0.23,False,2,3,0.18017034,Low
CUST10451,4,16,18,107,0,-1.0,0.333,-3.667,-0.667,5.75,25.0,94.25,0,1.5,6.583,21,enterprise,healthtech,19999,6,0.3,False,0,3,0.011161473,Low
CUST10452,2,0,26,60,0,0.0,-2.0,2.0,-14.333,2.25,21.5,84.0,1,0.5,5.745,46,starter,ecommerce,999,9,0.83,True,3,0,0.99722123,High
CUST10453,5,3,26,112,0,-0.667,-0.333,-0.333,17.667,5.75,25.0,86.75,0,1.5,2.708,18,starter,ecommerce,999,8,0.64,False,3,0,0.0017583006,Low
CUST10454,5,15,38,123,0,0.333,-0.667,2.0,12.667,4.75,31.75,103.75,0,0.957,6.344,19,enterprise,edtech,19999,4,0.29,False,0,1,0.0001740758,Low
CUST10455,6,8,28,92,0,0.667,-0.333,2.667,-0.667,5.5,21.5,105.75,0,1.291,5.447,13,pro,fintech,7999,9,0.64,False,2,2,0.0018956403,Low
CUST10456,2,4,21,77,0,-2.0,0.667,-3.667,-3.667,4.75,26.5,82.25,0,2.5,6.351,5,starter,edtech,999,9,0.6,False,3,1,0.086539716,Low
CUST10457,4,2,22,77,0,-1.0,-0.333,1.333,-12.667,3.75,16.75,89.75,1,2.5,4.113,49,starter,saas,999,7,0.79,True,3,5,0.9724644,High
CUST10458,4,4,12,56,1,-0.333,-0.667,-4.0,-26.333,4.0,21.25,87.25,1,0.816,8.139,9,growth,saas,2999,2,0.5,True,1,5,0.99815136,High
CUST10459,4,2,31,92,0,-0.333,-0.667,1.333,-9.333,4.5,28.5,108.25,0,0.577,5.196,9,starter,fintech,999,5,0.78,False,3,2,0.0032337091,Low
CUST10460,3,8,29,125,0,-1.333,0.667,0.667,-3.0,5.75,30.75,101.0,0,2.217,3.5,22,pro,healthtech,7999,4,0.15,False,2,3,0.0030901062,Low
CUST10461,7,8,21,147,0,0.0,1.333,3.667,-5.0,6.25,17.25,125.0,1,0.957,6.397,19,growth,fintech,2999,4,0.69,False,1,2,0.0007084743,Low
CUST10462,2,0,41,82,0,-1.333,0.0,5.333,3.0,3.75,21.25,72.0,1,2.062,15.064,5,starter,ecommerce,999,6,0.52,True,3,0,0.9731907,High
CUST10463,5,9,39,110,0,0.333,0.0,1.667,1.333,4.75,30.0,117.0,1,0.5,7.789,46,pro,healthtech,7999,4,0.3,False,2,3,0.0013602192,Low
CUST10464,1,5,13,58,0,-1.333,0.0,-5.333,-25.0,3.5,22.25,89.75,0,1.915,9.639,13,growth,saas,2999,1,0.98,True,1,5,0.9962684,High
CUST10465,4,9,28,57,1,-0.333,-0.667,1.333,-10.333,4.25,21.0,79.0,1,0.5,8.287,37,pro,saas,7999,10,0.52,True,2,5,0.9468155,High
CUST10466,4,1,27,114,0,-0.667,-0.667,2.0,12.333,4.75,22.25,103.75,0,0.957,10.689,5,starter,healthtech,999,6,0.25,False,3,3,0.0038336853,Low
CUST10467,4,14,19,53,0,-0.333,-0.333,-3.0,-8.667,4.5,25.5,66.0,0,0.577,6.245,20,enterprise,healthtech,19999,9,0.23,True,0,3,0.37689847,Medium
CUST10468,6,10,14,110,0,-0.333,1.333,-3.667,6.0,5.75,21.75,100.75,0,1.258,5.188,39,pro,edtech,7999,6,0.18,False,2,1,0.0014891103,Low
CUST10469,4,5,25,76,1,-0.667,-1.0,-0.667,3.667,5.0,25.5,87.5,1,0.816,2.646,37,growth,ecommerce,2999,8,0.93,True,1,0,0.8354841,High
CUST10470,3,5,33,102,1,-0.333,0.0,4.0,-5.0,3.75,24.5,95.75,1,0.5,12.042,44,growth,edtech,2999,3,0.39,False,1,1,0.08859938,Low
CUST10471,7,2,25,105,0,-0.667,-0.667,-6.333,1.333,7.75,30.75,119.0,0,0.957,10.563,25,starter,ecommerce,999,2,0.21,False,3,0,0.0030692022,Low
CUST10472,5,1,25,78,0,-0.667,-1.333,2.0,-9.0,5.25,15.0,120.5,0,1.258,9.381,19,growth,healthtech,2999,6,0.24,False,1,3,0.017820958,Low
CUST10473,4,0,19,68,0,-1.0,-0.333,-5.667,-19.0,5.0,28.5,107.0,1,1.414,9.327,37,starter,ecommerce,999,10,0.72,True,3,0,0.84295636,High
CUST10474,2,1,12,45,0,-0.667,0.0,-6.333,-14.333,3.0,20.25,69.5,1,1.155,8.884,7,growth,saas,2999,6,0.11,True,1,5,0.99865,High
CUST10475,5,2,36,76,0,1.667,-1.0,5.333,-7.333,3.5,28.0,98.5,0,2.38,7.703,16,growth,ecommerce,2999,3,0.2,True,1,0,0.8659164,High
CUST10476,3,6,28,86,0,-0.333,1.0,4.667,-2.0,3.75,22.5,91.75,0,0.957,7.234,40,growth,healthtech,2999,3,0.95,False,1,3,0.08711385,Low
CUST10477,5,1,29,76,0,0.333,-0.333,-0.333,-11.667,5.0,27.25,101.0,1,0.816,3.594,15,starter,logistics,999,6,0.71,False,3,4,0.037167966,Low
CUST10478,3,15,17,80,0,-1.0,0.333,-1.333,-0.333,4.75,16.75,57.25,0,1.5,3.686,37,enterprise,edtech,19999,2,0.66,True,0,1,0.980508,High
CUST10479,6,11,23,174,0,0.333,1.0,1.0,23.0,5.0,26.5,86.75,0,0.816,6.245,50,pro,logistics,7999,1,0.48,False,2,4,0.00042881197,Low
CUST10480,5,2,22,61,0,-0.333,-0.333,4.333,-11.333,6.25,24.0,90.75,1,0.957,12.728,8,starter,edtech,999,2,0.11,True,3,1,0.88414884,High
CUST10481,5,3,11,119,0,0.0,-1.0,-7.667,17.0,5.25,21.0,110.25,1,0.5,9.626,5,growth,ecommerce,2999,4,0.19,False,1,0,0.009377757,Low
CUST10482,4,16,24,148,0,-1.0,0.333,-0.667,12.0,5.25,24.75,122.25,1,2.062,3.775,24,enterprise,logistics,19999,2,0.99,False,0,4,0.0006582616,Low
CUST10483,2,7,24,95,0,-0.667,-0.667,2.0,2.0,3.0,18.5,86.25,0,0.816,4.123,49,pro,logistics,7999,6,0.69,True,2,4,0.9733329,High
CUST10484,6,9,17,107,0,0.0,0.0,-4.333,-0.333,5.25,28.0,104.5,0,0.957,8.287,42,pro,fintech,7999,9,0.93,False,2,2,0.0009993946,Low
CUST10485,6,2,13,38,0,0.333,-0.667,-5.333,-33.0,5.0,20.25,82.25,1,0.816,6.602,37,starter,fintech,999,7,0.77,True,3,2,0.8795075,High
CUST10486,5,2,33,113,1,0.333,-0.667,5.333,-8.667,4.25,25.25,94.75,1,1.708,8.421,19,growth,healthtech,2999,3,0.79,True,1,3,0.3737088,Medium
CUST10487,7,4,33,83,1,0.667,-0.333,5.333,-4.333,4.75,28.75,96.75,1,2.062,8.098,10,starter,fintech,999,9,0.52,False,3,2,0.010465782,Low
CUST10488,2,6,19,64,0,-1.0,1.0,-1.0,-10.667,3.5,24.75,78.75,1,1.291,8.921,8,growth,edtech,2999,9,0.71,True,1,1,0.9732165,High
CUST10489,3,11,28,104,0,-1.667,1.0,1.333,3.333,6.25,22.75,81.5,0,2.754,4.573,9,pro,fintech,7999,7,0.63,False,2,2,0.021248052,Low
CUST10490,4,0,6,51,0,0.333,-0.333,-8.0,-13.0,3.5,14.5,71.5,1,1.291,12.897,15,starter,ecommerce,999,3,0.77,True,3,0,0.9991197,High
CUST10491,3,7,31,50,1,0.0,-1.333,0.667,-13.333,4.25,24.75,72.5,3,1.5,10.532,30,pro,edtech,7999,9,0.88,True,2,1,0.9953992,High
CUST10492,2,0,23,89,0,0.333,-1.333,-2.0,5.0,3.75,24.75,80.5,0,2.754,4.031,11,starter,logistics,999,3,0.89,True,3,4,0.9910631,High
CUST10493,6,3,8,21,0,1.0,0.333,-2.0,-35.333,5.0,16.5,91.5,0,1.414,7.234,25,starter,healthtech,999,2,0.58,False,3,3,0.09232563,Low
CUST10494,4,5,25,102,0,-1.667,-0.667,-2.0,-12.333,5.5,28.5,120.0,1,2.646,10.116,39,growth,ecommerce,2999,7,0.52,False,1,0,0.021847745,Low
CUST10495,4,3,17,60,1,0.333,-1.0,-0.333,-12.333,4.25,24.0,78.75,2,0.957,7.528,46,growth,ecommerce,2999,1,0.58,True,1,0,0.991093,High
CUST10496,6,6,32,63,0,0.333,-1.0,7.0,1.0,4.75,21.0,63.0,0,0.957,10.1,5,pro,healthtech,7999,4,0.35,False,2,3,0.04877476,Low
CUST10497,7,6,24,111,0,0.667,-0.667,-3.333,5.333,4.75,22.25,106.0,0,1.708,9.535,41,pro,ecommerce,7999,1,0.85,False,2,0,0.0008207294,Low
CUST10498,2,0,23,49,0,0.0,0.0,1.667,-32.0,2.75,24.25,90.5,0,0.957,9.465,34,starter,ecommerce,999,6,0.99,True,3,0,0.99704736,High
CUST10499,5,7,25,125,1,0.333,-0.333,3.667,24.667,4.5,22.75,92.5,1,0.577,6.702,11,pro,saas,7999,4,0.35,False,2,5,0.0009852054,Low
CUST10500,6,8,29,104,1,1.333,-1.0,0.333,4.667,4.75,27.0,92.75,2,1.893,4.83,6,pro,saas,7999,10,0.17,False,2,5,0.011262101,Low
CUST10501,4,12,35,98,0,0.333,1.333,1.333,5.667,4.25,26.5,103.5,0,1.258,8.062,46,pro,healthtech,7999,10,0.13,False,2,3,0.0011504255,Low
CUST10502,6,2,38,56,0,0.667,-0.333,7.333,-18.667,4.75,24.0,95.25,1,0.957,9.661,6,starter,fintech,999,1,0.97,False,3,2,0.043742064,Low
CUST10503,5,3,36,121,0,-0.333,-1.333,5.333,12.667,4.0,21.5,105.25,0,1.826,9.95,44,growth,logistics,2999,5,0.75,False,1,4,0.0009969054,Low
CUST10504,1,0,16,88,0,-1.333,-1.0,-2.333,1.0,4.0,21.5,82.75,0,2.582,7.141,51,starter,fintech,999,1,0.73,True,3,2,0.998058,High
CUST10505,4,7,31,115,0,0.0,0.667,0.667,17.0,4.75,23.25,101.0,1,0.957,8.342,9,growth,edtech,2999,10,0.45,False,1,1,0.0038751645,Low
CUST10506,5,3,19,135,0,0.0,-1.0,-3.667,13.0,5.25,28.5,115.0,0,0.5,6.557,22,growth,logistics,2999,2,0.99,False,1,4,7.209514e-05,Low
CUST10507,6,16,27,88,0,-1.0,0.0,-1.0,-6.333,7.75,29.5,94.5,0,1.258,5.568,27,enterprise,healthtech,19999,6,0.26,False,0,3,0.005549422,Low
CUST10508,2,1,24,86,0,-0.333,-2.0,-3.667,7.667,3.75,25.25,73.0,1,1.5,8.77,6,growth,saas,2999,9,0.49,True,1,5,0.98979867,High
CUST10509,5,6,15,161,0,-0.667,-1.0,-4.0,20.0,5.5,22.5,129.5,0,1.915,8.347,23,pro,edtech,7999,5,0.37,False,2,1,0.00016331996,Low
CUST10510,5,3,32,124,0,-1.0,0.333,4.667,1.667,5.75,23.75,91.25,0,1.708,6.551,40,starter,edtech,999,6,0.57,False,3,1,0.02135091,Low
CUST10511,4,6,25,134,0,-0.333,0.0,1.0,3.667,5.25,25.25,109.25,1,0.957,7.719,23,pro,logistics,7999,2,0.91,False,2,4,0.004070553,Low
CUST10512,2,3,18,78,0,-2.0,0.667,-5.0,-6.667,4.0,25.25,72.0,0,2.708,9.57,5,starter,saas,999,4,0.32,True,3,5,0.9929471,High
CUST10513,5,2,9,73,0,0.333,0.333,-1.667,2.0,3.75,19.5,53.5,0,1.258,11.733,50,starter,fintech,999,2,0.87,True,3,2,0.98261124,High
CUST10514,4,2,35,145,0,-1.0,0.333,5.0,17.667,5.75,24.75,108.5,0,1.258,7.32,46,starter,saas,999,9,0.24,False,3,5,0.00033483646,Low
CUST10515,6,3,7,132,0,0.0,-0.667,-6.667,4.333,5.5,21.0,113.25,0,0.577,10.583,43,growth,ecommerce,2999,6,0.31,False,1,0,0.0082685985,Low
CUST10516,3,1,25,99,0,-1.0,0.333,3.333,-13.333,4.75,22.75,97.5,0,1.5,8.016,10,starter,edtech,999,5,0.63,True,3,1,0.86687535,High
CUST10517,3,4,28,63,0,0.0,0.333,-1.333,-8.667,4.0,23.5,76.75,1,1.155,9.11,48,starter,fintech,999,4,0.15,False,3,2,0.23320605,Low
CUST10518,4,2,28,48,0,0.333,-1.333,1.0,-16.667,3.25,20.25,81.75,2,0.957,8.016,14,growth,logistics,2999,3,0.73,True,1,4,0.9965024,High
CUST10519,4,0,28,63,1,0.0,-1.333,1.667,-9.0,4.0,22.25,67.5,3,0.816,6.5,48,growth,ecommerce,2999,5,0.78,True,1,0,0.99674314,High
CUST10520,9,15,33,106,0,1.333,0.333,1.333,-0.667,7.0,28.25,89.5,0,1.633,5.123,52,enterprise,saas,19999,7,0.43,False,0,5,0.0018785255,Low
CUST10521,6,15,45,90,0,-0.667,-0.667,8.667,15.667,5.5,26.5,85.75,1,2.517,13.026,39,enterprise,healthtech,19999,7,0.77,False,0,3,0.0028964765,Low
CUST10522,3,2,19,52,0,0.0,0.333,-1.333,-22.667,3.25,26.5,98.5,0,2.062,7.0,31,starter,edtech,999,5,0.93,True,3,1,0.9651357,High
CUST10523,3,0,14,50,0,-1.333,0.0,-0.667,10.333,5.0,22.75,37.75,1,1.826,11.871,22,starter,ecommerce,999,1,0.35,True,3,0,0.9977683,High
CUST10524,5,14,21,112,0,0.333,-0.333,-3.667,-9.333,5.5,28.0,143.0,0,1.291,4.83,28,enterprise,edtech,19999,6,0.67,False,0,1,0.00042430052,Low
CUST10525,9,5,20,87,0,1.667,-0.333,-0.333,-5.667,5.75,19.75,97.75,0,2.363,5.795,28,growth,fintech,2999,9,0.98,False,1,2,0.0044214856,Low
CUST10526,6,0,27,95,0,0.333,0.0,1.667,-5.333,4.75,21.0,113.75,2,0.957,7.616,15,starter,healthtech,999,3,0.16,True,3,3,0.7992225,High
CUST10527,3,4,17,46,1,0.0,0.333,5.667,-11.333,3.25,18.0,70.0,2,0.5,12.987,51,growth,logistics,2999,7,0.61,True,1,4,0.994736,High
CUST10528,6,6,24,130,0,1.0,0.333,1.667,-1.0,5.25,30.5,110.5,0,1.5,10.661,15,growth,saas,2999,3,0.88,False,1,5,0.0010710831,Low
CUST10529,4,6,21,162,0,0.333,0.667,0.333,8.333,4.25,23.75,122.75,1,0.957,5.56,9,growth,healthtech,2999,10,0.8,False,1,3,0.0018295523,Low
CUST10530,4,1,32,75,0,0.0,-0.333,3.333,-6.333,4.0,24.0,76.75,0,0.816,7.832,35,starter,fintech,999,6,0.34,True,3,2,0.9313648,High
CUST10531,3,5,38,119,0,-0.667,0.333,3.333,0.667,4.0,24.0,101.25,0,1.155,11.431,11,starter,fintech,999,6,0.1,False,3,2,0.06288117,Low
CUST10532,6,11,28,113,1,0.667,1.0,0.667,-2.0,5.0,26.0,113.5,1,1.155,2.16,24,pro,healthtech,7999,8,0.45,False,2,3,0.00060153,Low
CUST10533,5,18,27,93,0,0.0,0.333,6.667,-3.0,5.75,19.25,107.25,0,0.957,12.121,31,enterprise,fintech,19999,4,0.24,False,0,2,0.013028373,Low
CUST10534,4,3,24,100,0,0.0,1.0,-4.0,15.667,4.0,30.25,100.25,1,0.816,5.315,11,starter,saas,999,2,0.76,False,3,5,0.021883547,Low
CUST10535,7,3,28,88,0,1.0,0.333,4.333,-32.333,5.5,21.0,119.5,0,1.291,5.715,41,starter,logistics,999,6,0.7,False,3,4,0.0048131435,Low
CUST10536,2,1,19,91,0,-2.333,0.333,-4.667,-1.333,6.5,26.5,94.75,0,3.109,6.245,22,starter,ecommerce,999,6,0.82,False,3,0,0.07546932,Low
CUST10537,4,2,29,91,0,-0.667,0.333,0.0,19.667,4.25,23.75,79.0,0,1.258,6.397,44,starter,saas,999,7,0.11,True,3,5,0.7773521,High
CUST10538,5,9,20,123,0,0.0,0.0,-4.333,13.667,4.75,16.5,91.0,0,0.5,12.715,52,pro,edtech,7999,3,0.59,False,2,1,0.014860033,Low
CUST10539,7,4,25,114,1,1.0,1.0,-2.0,1.0,5.5,30.5,112.25,1,1.291,6.191,17,starter,healthtech,999,7,0.23,False,3,3,0.0008431081,Low
CUST10540,2,0,20,105,0,-1.0,0.0,-0.667,-5.667,4.5,21.75,121.25,0,1.732,12.712,19,starter,logistics,999,9,0.65,False,3,4,0.061495155,Low
CUST10541,3,0,13,44,0,0.333,0.0,-4.667,6.667,3.25,17.25,47.0,1,1.258,6.85,15,starter,logistics,999,6,0.94,True,3,4,0.9977069,High
CUST10542,4,4,36,56,0,0.667,-0.333,4.333,-9.333,4.25,28.25,66.0,0,1.708,8.539,34,growth,ecommerce,2999,2,0.34,True,1,0,0.9077192,High
CUST10543,4,1,22,157,0,0.0,0.333,-0.333,24.0,4.5,22.75,99.5,1,0.577,4.113,24,starter,edtech,999,1,0.76,False,3,1,0.0060138796,Low
CUST10544,4,5,23,58,0,0.333,-0.667,2.0,-16.0,4.5,22.5,88.75,0,1.291,3.873,36,pro,saas,7999,6,0.49,False,2,5,0.0597264,Low
CUST10545,7,5,20,103,0,0.0,1.333,-3.333,18.333,5.5,22.75,85.75,0,1.915,4.856,4,starter,fintech,999,9,0.13,False,3,2,0.0027912012,Low
CUST10546,9,3,23,107,0,0.667,0.333,-4.333,-0.667,7.75,29.5,76.0,0,0.957,5.686,26,starter,fintech,999,6,0.86,False,3,2,0.0043640765,Low
CUST10547,4,10,34,130,0,-0.333,0.0,3.0,10.333,5.0,29.5,103.0,1,0.816,3.873,13,pro,ecommerce,7999,8,0.59,False,2,0,0.00083405647,Low
CUST10548,3,6,33,49,0,-0.667,-0.667,3.333,5.667,5.25,26.0,59.75,0,2.63,4.761,44,growth,saas,2999,4,0.63,False,1,5,0.011949377,Low
CUST10549,3,3,14,94,1,0.0,-1.0,-1.333,-15.0,5.5,20.75,103.75,2,2.887,6.076,19,growth,saas,2999,7,0.55,False,1,5,0.08715709,Low
CUST10550,5,2,2,54,0,-1.0,-0.333,-1.0,-25.0,6.0,13.5,98.25,0,1.414,12.179,51,starter,edtech,999,6,0.93,False,3,1,0.08219876,Low
CUST10551,2,1,6,66,1,0.0,-1.333,-4.667,-13.333,2.5,20.5,78.5,1,1.0,10.878,15,starter,saas,999,7,0.83,True,3,5,0.99956316,High
CUST10552,4,3,4,72,0,-1.333,-0.333,-10.0,-6.333,5.0,18.5,87.75,0,2.16,14.731,51,growth,fintech,2999,4,0.81,False,1,2,0.21381629,Low
CUST10553,5,0,14,107,0,0.333,0.0,-7.667,0.0,4.75,22.5,78.25,0,0.5,10.214,8,starter,edtech,999,2,0.73,True,3,1,0.95973235,High
CUST10554,5,5,21,93,0,0.333,1.667,-7.667,-6.0,5.75,24.75,103.25,0,1.708,14.175,19,growth,edtech,2999,8,0.76,False,1,1,0.012776985,Low
CUST10555,4,12,25,68,0,-0.333,0.667,-2.667,-6.0,5.25,26.5,65.0,0,0.957,4.435,28,pro,fintech,7999,8,0.26,False,2,2,0.07565467,Low
CUST10556,5,2,5,72,1,0.0,0.667,-10.333,-9.0,4.25,19.0,77.0,3,0.957,19.166,32,starter,logistics,999,8,0.42,True,3,4,0.98346347,High
CUST10557,3,0,16,121,0,-1.333,0.0,0.0,13.0,3.75,15.25,101.25,1,2.217,1.5,50,starter,logistics,999,6,0.81,False,3,4,0.08756257,Low
CUST10558,2,18,23,114,0,-0.333,2.0,0.333,17.0,3.75,21.25,101.0,1,1.5,3.594,8,enterprise,healthtech,19999,2,0.33,False,0,3,0.042179246,Low
CUST10559,4,0,23,88,0,0.0,0.0,-4.333,-17.0,4.0,23.5,96.0,0,0.816,8.963,38,starter,logistics,999,6,0.93,True,3,4,0.93345416,High
CUST10560,5,0,18,90,0,-0.333,0.0,0.0,2.667,4.75,21.25,75.75,1,1.258,3.775,41,starter,fintech,999,9,0.58,True,3,2,0.9919143,High
CUST10561,3,15,34,85,0,-1.0,-0.667,6.667,0.0,5.5,21.5,94.25,0,1.732,9.256,29,enterprise,healthtech,19999,1,0.52,False,0,3,0.024463939,Low
CUST10562,2,0,14,68,1,-0.667,0.0,-6.667,-16.333,3.25,21.25,91.75,2,1.5,8.846,8,growth,saas,2999,3,0.64,True,1,5,0.9993111,High
CUST10563,6,8,10,123,0,1.0,-0.333,-4.667,15.667,4.0,23.0,91.5,0,1.414,13.904,11,pro,healthtech,7999,2,0.31,False,2,3,0.0065399962,Low
CUST10564,2,7,20,35,0,-0.667,0.333,1.667,-17.667,4.25,18.25,63.0,0,1.708,2.363,47,pro,saas,7999,5,0.34,True,2,5,0.97102904,High
CUST10565,6,4,31,106,0,0.667,0.667,2.333,-18.333,5.5,28.75,108.25,0,1.0,4.031,11,starter,edtech,999,1,0.52,False,3,1,0.00039697046,Low
CUST10566,4,9,37,73,0,0.333,0.0,7.0,-13.0,5.25,26.0,104.75,1,2.217,10.551,7,pro,saas,7999,4,1.0,False,2,5,0.011228222,Low
CUST10567,6,3,21,109,0,1.667,1.0,-2.333,0.333,5.25,19.75,116.75,0,3.304,13.72,13,growth,saas,2999,7,0.59,False,1,5,0.0012788257,Low
CUST10568,6,4,14,26,0,0.0,1.333,-7.0,-31.0,4.75,30.75,92.5,0,1.5,11.471,37,starter,logistics,999,3,0.62,False,3,4,0.010075642,Low
CUST10569,4,16,20,108,0,-0.333,-0.333,0.667,10.333,4.75,21.5,100.5,1,0.5,3.873,37,enterprise,edtech,19999,8,0.16,False,0,1,0.0037322612,Low
CUST10570,6,2,22,88,0,0.667,-1.0,-1.667,-17.333,5.0,21.75,98.75,0,1.155,5.56,6,starter,fintech,999,6,0.45,False,3,2,0.03373454,Low
CUST10571,0,2,30,85,1,-1.667,-1.333,-3.333,15.667,2.5,28.75,82.5,1,2.082,9.845,10,growth,saas,2999,7,0.35,True,1,5,0.98710084,High
CUST10572,6,0,29,110,0,0.0,-1.0,-3.0,0.667,4.75,31.0,101.75,1,1.5,4.69,12,starter,logistics,999,8,0.7,False,3,4,0.050069004,Low
CUST10573,9,3,13,87,0,1.333,0.0,-6.0,8.667,6.75,24.75,90.75,0,2.062,8.808,5,starter,edtech,999,1,0.98,False,3,1,0.018471742,Low
CUST10574,3,5,23,76,0,-1.0,0.667,-1.0,-2.667,3.75,24.25,80.5,0,1.5,1.5,10,growth,logistics,2999,1,0.75,True,1,4,0.9721173,High
CUST10575,5,1,26,126,0,-0.333,0.0,-3.0,15.0,5.5,24.25,93.0,0,1.291,8.461,24,starter,edtech,999,3,0.93,False,3,1,0.0029757072,Low
CUST10576,4,14,17,110,0,-0.333,-0.333,-3.667,-6.0,5.25,23.0,106.0,0,1.258,8.981,51,enterprise,logistics,19999,10,0.44,False,0,4,0.006392099,Low
CUST10577,9,1,19,24,1,1.0,-0.333,0.0,-0.667,5.5,24.5,66.25,1,2.646,9.11,38,starter,fintech,999,9,0.28,False,3,2,0.044574644,Low
CUST10578,5,2,22,78,0,-0.333,-0.667,-0.667,7.333,4.5,21.75,88.75,0,1.732,3.304,19,starter,ecommerce,999,8,0.37,False,3,0,0.50015116,Medium
CUST10579,3,4,25,75,0,-1.0,-1.333,-2.333,-5.333,4.75,25.75,83.0,0,1.5,7.805,4,pro,fintech,7999,6,0.5,False,2,2,0.62155294,High
CUST10580,4,5,43,80,0,1.0,-1.0,5.667,2.333,2.5,28.5,76.25,0,1.291,10.214,11,growth,logistics,2999,2,0.4,False,1,4,0.08712153,Low
CUST10581,4,4,23,98,0,-1.0,0.333,-0.333,-11.333,6.75,23.75,121.0,1,2.062,9.811,15,growth,saas,2999,4,0.64,False,1,5,0.009318848,Low
CUST10582,2,3,3,114,0,-1.333,-0.667,-9.667,7.667,3.75,17.25,91.25,1,1.708,12.093,40,starter,healthtech,999,8,0.34,True,3,3,0.9952266,High
CUST10583,2,2,30,132,0,-1.667,0.667,0.333,13.333,4.75,22.5,102.5,2,2.062,10.661,24,starter,edtech,999,10,0.98,True,3,1,0.90541553,High
CUST10584,4,0,20,61,1,0.0,-1.333,-5.0,12.0,3.5,22.75,62.75,1,0.577,8.261,44,growth,healthtech,2999,1,0.12,True,1,3,0.9958443,High
CUST10585,3,1,22,77,0,-0.667,-1.667,1.667,-0.667,4.0,21.75,70.75,2,1.826,4.646,30,starter,healthtech,999,10,0.67,True,3,3,0.9956182,High
CUST10586,4,3,22,122,1,-0.333,1.0,2.333,4.667,4.75,20.0,102.75,2,0.957,3.916,20,starter,logistics,999,7,0.17,True,3,4,0.86863995,High
CUST10587,3,1,14,119,0,1.0,-1.0,-4.667,9.333,2.5,19.5,92.25,0,2.082,6.191,7,starter,healthtech,999,1,0.78,True,3,3,0.9823919,High
CUST10588,4,0,17,118,0,0.0,-1.333,-4.0,9.0,4.75,18.75,94.25,0,1.5,7.042,49,growth,edtech,2999,1,0.87,True,1,1,0.9501975,High
CUST10589,5,3,32,77,0,0.333,-0.667,-1.333,4.667,5.0,25.5,100.75,0,0.816,11.091,10,growth,logistics,2999,8,0.91,False,1,4,0.021926375,Low
CUST10590,7,8,12,152,1,0.0,0.667,-5.0,21.0,5.0,22.25,114.75,1,2.309,7.632,40,pro,ecommerce,7999,5,0.89,False,2,0,0.00036527734,Low
CUST10591,3,0,21,74,0,-1.0,0.0,-3.333,-5.667,4.75,22.25,75.5,0,1.5,6.292,16,starter,healthtech,999,2,0.66,True,3,3,0.994766,High
CUST10592,7,7,22,71,0,1.333,-0.667,0.333,-30.333,5.25,24.25,121.75,0,1.708,5.188,44,pro,logistics,7999,1,0.93,False,2,4,0.001021766,Low
CUST10593,4,9,22,100,0,0.0,1.0,2.0,7.667,4.0,19.5,79.75,1,0.816,7.0,19,pro,fintech,7999,1,0.78,False,2,2,0.43291625,Medium
CUST10594,0,4,9,62,0,-1.667,1.333,-5.667,-12.0,2.25,15.25,67.75,1,2.062,8.461,16,starter,fintech,999,6,0.36,True,3,2,0.999798,High
CUST10595,6,15,23,119,0,0.667,0.667,-0.333,12.0,4.5,25.0,96.0,0,1.291,1.826,17,enterprise,logistics,19999,10,0.34,False,0,4,0.0005201736,Low
CUST10596,3,4,8,60,1,-0.667,0.0,-4.0,-3.333,4.75,14.5,70.25,3,1.708,5.508,22,growth,logistics,2999,7,0.15,True,1,4,0.99848866,High
CUST10597,5,12,13,66,0,-1.0,0.333,-3.667,-14.667,5.25,22.5,109.0,1,2.062,7.047,42,pro,ecommerce,7999,7,0.91,False,2,0,0.026439428,Low
CUST10598,2,0,13,94,0,-1.0,0.0,-5.0,-18.333,5.25,27.75,110.75,1,2.5,11.147,44,starter,ecommerce,999,9,0.61,True,3,0,0.93631685,High
CUST10599,1,2,16,52,1,-1.667,0.333,2.0,-14.667,4.0,16.75,85.5,2,2.16,5.123,50,starter,logistics,999,6,0.92,True,3,4,0.9857146,High
CUST10600,7,2,17,90,0,0.333,-1.0,-2.667,-26.0,6.25,24.25,120.5,0,0.957,7.274,47,starter,edtech,999,8,0.48,False,3,1,0.0032191991,Low
CUST10601,1,0,10,88,1,-0.333,-0.333,-3.333,0.0,3.25,19.0,82.5,1,2.062,11.576,36,starter,logistics,999,1,0.67,True,3,4,0.9997186,High
CUST10602,3,3,20,78,0,-0.667,-0.333,1.0,4.667,3.25,17.75,81.75,2,1.258,1.708,44,growth,logistics,2999,4,0.36,True,1,4,0.9864681,High
CUST10603,7,4,29,92,0,0.667,0.0,1.0,-6.667,5.25,24.25,113.75,2,1.708,6.946,24,growth,edtech,2999,8,0.38,False,1,1,0.008462423,Low
CUST10604,4,1,18,147,0,0.0,-0.667,-3.0,23.667,4.0,26.5,116.25,0,0.0,7.937,23,starter,logistics,999,10,0.88,False,3,4,0.00016611765,Low
CUST10605,5,6,24,88,0,0.0,0.333,-0.333,6.667,4.75,28.75,81.25,0,0.5,5.5,40,growth,edtech,2999,5,0.37,False,1,1,0.0057511325,Low
CUST10606,2,0,27,122,0,-1.667,-1.0,-1.0,21.333,4.75,27.5,87.75,0,2.217,8.737,23,starter,logistics,999,8,0.38,False,3,4,0.055739243,Low
CUST10607,6,2,8,113,0,0.667,-0.667,-4.667,10.0,4.75,25.0,97.5,0,0.957,12.884,11,starter,fintech,999,6,0.52,False,3,2,0.031126369,Low
CUST10608,7,4,0,130,0,1.0,0.667,-9.333,16.0,5.75,18.75,108.75,0,1.5,12.997,17,starter,logistics,999,8,0.69,False,3,4,0.0006633489,Low
CUST10609,6,4,15,145,0,1.0,-0.667,-2.0,-5.333,4.25,19.5,114.5,0,1.258,6.455,45,growth,healthtech,2999,4,0.17,False,1,3,0.0057070223,Low
CUST10610,5,1,25,98,0,-0.333,-1.333,-2.0,5.0,4.75,35.25,103.5,0,1.258,8.958,25,starter,healthtech,999,3,0.65,False,3,3,0.0094432905,Low
CUST10611,5,1,31,146,0,0.333,0.0,-1.667,19.333,4.5,30.75,102.0,0,0.577,3.862,16,starter,saas,999,7,0.47,False,3,5,0.00015262522,Low
CUST10612,4,17,12,154,0,0.333,1.0,-2.0,29.0,4.25,27.5,99.25,0,1.258,14.844,48,enterprise,healthtech,19999,8,0.32,False,0,3,0.0003799275,Low
CUST10613,4,4,18,118,0,0.0,0.0,-3.667,20.333,5.0,22.0,85.0,0,2.0,13.54,43,growth,healthtech,2999,10,0.21,False,1,3,0.052800868,Low
CUST10614,7,2,32,118,0,1.333,-0.333,2.667,-1.667,5.25,24.5,105.0,0,1.708,6.608,44,starter,fintech,999,9,0.74,False,3,2,0.002919462,Low
CUST10615,7,14,25,123,0,0.0,0.333,-1.0,-1.0,6.0,25.5,104.25,0,2.708,4.041,9,enterprise,fintech,19999,8,0.45,False,0,2,0.0013431131,Low
CUST10616,4,0,12,52,1,-0.667,-0.333,-5.0,-6.0,4.25,13.5,83.0,1,1.258,9.469,23,starter,ecommerce,999,9,0.5,True,3,0,0.99755836,High
CUST10617,7,6,22,97,0,0.667,0.667,-0.667,-19.0,4.75,19.5,119.5,0,2.062,5.26,49,growth,fintech,2999,4,0.32,False,1,2,0.006585175,Low
CUST10618,6,12,34,116,1,0.333,-0.667,-0.667,6.333,5.25,30.25,98.75,1,0.5,6.238,10,enterprise,saas,19999,8,0.37,False,0,5,0.000591303,Low
CUST10619,4,3,29,110,0,-1.0,0.333,0.333,26.333,6.0,31.75,95.25,1,2.449,3.862,25,starter,healthtech,999,3,0.28,False,3,3,0.004210345,Low
CUST10620,5,4,20,116,0,-0.667,0.333,-1.0,14.667,5.0,23.25,113.0,0,1.633,4.717,51,growth,fintech,2999,4,0.75,False,1,2,0.0019148954,Low
CUST10621,7,2,28,103,0,0.333,-1.0,4.667,2.333,5.5,20.5,117.5,0,2.38,5.972,32,starter,edtech,999,7,1.0,False,3,1,0.00077857147,Low
CUST10622,6,0,22,153,0,0.0,0.0,-2.0,14.0,5.25,22.25,129.75,0,0.957,4.5,42,starter,ecommerce,999,5,0.79,False,3,0,0.00034198846,Low
CUST10623,5,6,21,51,0,1.0,-1.0,0.0,-6.333,2.75,23.25,68.75,0,1.708,9.743,7,growth,edtech,2999,7,0.31,True,1,1,0.99110764,High
CUST10624,6,17,22,142,0,1.333,0.333,-0.333,1.667,5.75,22.75,115.5,0,2.63,3.304,47,enterprise,logistics,19999,9,0.22,False,0,4,0.000661121,Low
CUST10625,4,0,39,75,0,-0.667,-1.0,3.667,-4.667,3.25,27.0,87.75,2,2.5,13.441,52,starter,saas,999,5,0.32,True,3,5,0.9387841,High
CUST10626,4,0,20,33,0,0.0,-0.333,-0.333,-15.333,4.5,20.25,59.5,1,1.0,6.551,23,starter,edtech,999,2,0.39,True,3,1,0.9925774,High
CUST10627,2,4,28,79,0,-0.667,-0.667,-1.333,-13.0,2.75,29.25,84.75,2,0.957,7.974,24,growth,saas,2999,6,0.68,True,1,5,0.98543566,High
CUST10628,6,5,23,162,1,1.333,0.333,1.333,18.667,4.75,16.5,115.5,1,1.893,6.351,42,starter,fintech,999,5,0.48,False,3,2,0.0016761067,Low
CUST10629,2,4,22,67,0,-0.667,0.0,2.0,-8.333,3.25,23.75,81.5,1,2.217,6.652,46,growth,edtech,2999,5,0.29,True,1,1,0.998698,High
CUST10630,5,13,29,114,0,0.333,0.333,3.667,-10.667,6.25,28.25,111.25,1,2.217,11.442,13,enterprise,healthtech,19999,3,0.3,False,0,3,0.008496182,Low
CUST10631,5,13,23,55,1,-0.333,-0.333,-1.667,-3.0,5.0,23.5,65.75,2,0.816,3.109,6,enterprise,edtech,19999,4,0.36,True,0,1,0.9771638,High
CUST10632,4,0,25,66,1,0.667,-1.0,1.0,-4.667,3.75,22.75,67.25,4,1.258,2.217,33,starter,logistics,999,6,0.22,True,3,4,0.99553156,High
CUST10633,7,3,31,75,0,1.0,-0.333,1.667,1.0,6.0,23.0,106.75,0,1.414,9.055,20,growth,healthtech,2999,4,0.93,False,1,3,0.0012261233,Low
CUST10634,3,6,28,78,0,-1.0,-0.667,-2.0,-12.333,5.0,24.25,99.25,0,1.826,8.655,26,growth,ecommerce,2999,3,0.39,False,1,0,0.13240027,Low
CUST10635,6,7,46,68,0,-0.333,1.333,2.333,-27.0,5.75,34.5,119.75,0,1.258,10.344,23,growth,logistics,2999,10,0.97,False,1,4,0.00045564046,Low
CUST10636,5,3,26,108,0,1.333,0.333,-1.667,25.333,4.75,24.0,93.0,0,3.304,8.287,42,starter,ecommerce,999,5,0.67,False,3,0,0.009043851,Low
CUST10637,5,0,17,131,0,0.333,-0.667,-4.333,14.333,5.25,23.5,105.75,0,1.258,6.952,52,starter,logistics,999,8,0.21,False,3,4,0.005474667,Low
CUST10638,5,1,19,82,0,0.333,0.0,1.0,-2.333,3.25,14.25,92.25,1,2.217,7.632,12,starter,ecommerce,999,2,0.98,True,3,0,0.99915314,High
CUST10639,5,14,25,99,0,-0.333,0.667,6.0,9.333,5.5,22.5,65.5,0,0.577,11.0,41,enterprise,saas,19999,1,0.45,False,0,5,0.013020747,Low
CUST10640,4,5,21,141,0,-0.333,0.0,-2.333,7.0,4.0,22.25,106.25,0,0.816,11.295,23,growth,saas,2999,2,0.2,False,1,5,0.0073037874,Low
CUST10641,5,7,19,83,0,0.667,0.0,0.333,1.0,5.0,19.5,101.0,0,1.414,2.38,20,pro,fintech,7999,4,0.78,False,2,2,0.078876644,Low
CUST10642,6,10,23,103,1,-0.667,1.333,-1.667,28.667,5.25,30.75,93.75,3,2.217,6.602,33,pro,edtech,7999,3,0.48,False,2,1,0.0004525768,Low
CUST10643,5,11,22,39,0,0.667,1.333,-1.333,-21.333,4.0,23.5,77.0,1,1.155,3.697,44,pro,ecommerce,7999,8,0.3,False,2,0,0.01981189,Low
CUST10644,6,5,24,111,0,-0.667,0.333,-3.0,10.0,5.75,25.0,77.75,0,1.708,5.598,23,starter,healthtech,999,7,0.51,False,3,3,0.04252559,Low
CUST10645,7,4,40,89,0,1.0,0.333,5.667,-18.667,5.75,25.75,131.0,1,1.5,11.177,6,growth,fintech,2999,9,0.74,False,1,2,0.0015116215,Low
CUST10646,3,2,22,82,0,-1.0,-1.333,-3.0,-8.667,4.0,25.0,98.0,2,2.449,6.055,27,growth,healthtech,2999,4,0.43,False,1,3,0.35106578,Medium
CUST10647,5,2,7,69,0,0.667,0.0,0.0,-8.333,4.5,16.0,88.5,0,1.0,10.52,10,starter,saas,999,8,0.95,True,3,5,0.93275344,High
CUST10648,1,4,17,78,0,-1.0,-1.0,-5.0,3.0,3.5,22.25,78.25,1,2.646,13.226,32,growth,ecommerce,2999,4,0.92,True,1,0,0.99669147,High
CUST10649,4,1,17,71,0,0.333,-0.333,-5.0,-21.0,3.5,29.0,88.25,2,0.577,8.042,28,starter,healthtech,999,4,0.18,True,3,3,0.9217254,High
CUST10650,6,0,26,90,0,0.333,-0.667,2.333,4.333,4.5,20.75,74.25,1,1.291,4.787,36,starter,ecommerce,999,8,0.46,True,3,0,0.9742072,High
CUST10651,6,2,42,105,0,0.333,0.667,2.667,-7.333,5.5,28.75,91.75,0,0.577,11.529,27,starter,logistics,999,4,0.9,False,3,4,0.0017321381,Low
CUST10652,4,8,25,119,0,-0.333,-0.667,0.667,-7.667,4.0,29.0,113.0,0,1.414,5.888,7,pro,saas,7999,4,0.61,False,2,5,0.003954438,Low
CUST10653,5,6,16,124,0,0.667,0.333,-0.667,21.0,5.0,23.5,85.25,0,2.16,9.0,40,growth,logistics,2999,3,0.55,False,1,4,0.0033158876,Low
CUST10654,6,1,17,90,1,0.0,0.333,-4.667,-6.333,4.75,23.25,92.25,2,1.5,5.795,8,starter,fintech,999,2,0.38,True,3,2,0.9920981,High
CUST10655,5,5,25,73,0,1.0,-0.667,3.667,-24.333,4.5,26.0,87.25,1,2.082,8.756,10,growth,edtech,2999,10,0.12,False,1,1,0.05104518,Low
CUST10656,3,5,39,84,0,-1.333,0.667,7.667,1.0,4.75,20.0,80.75,0,1.708,13.292,14,growth,edtech,2999,4,0.36,False,1,1,0.1834079,Low
CUST10657,3,13,28,69,0,-1.333,1.667,-0.333,-8.333,5.25,22.75,83.75,0,1.708,8.261,16,pro,fintech,7999,7,0.97,False,2,2,0.009166768,Low
CUST10658,3,6,19,70,0,-1.0,-0.667,-4.0,-8.0,5.25,23.5,76.25,1,1.708,5.196,23,growth,logistics,2999,3,0.99,False,1,4,0.09333673,Low
CUST10659,8,17,30,100,0,0.333,2.333,-0.333,0.333,6.5,26.25,73.5,1,1.732,4.992,11,enterprise,logistics,19999,8,0.45,False,0,4,0.025501145,Low
CUST10660,2,1,26,36,0,-0.667,0.0,0.333,-12.667,3.0,22.5,59.0,1,0.816,3.512,41,starter,saas,999,1,1.0,True,3,5,0.9916619,High
CUST10661,5,0,14,56,1,-0.667,-0.667,-2.333,-8.333,5.25,17.5,73.25,2,1.258,3.109,11,starter,saas,999,2,0.84,True,3,5,0.9842791,High
CUST10662,6,9,20,124,0,1.333,0.0,3.333,-8.0,4.0,17.75,131.5,0,2.309,8.655,32,pro,ecommerce,7999,3,0.4,False,2,0,0.0039902804,Low
CUST10663,3,15,30,66,0,-2.0,-1.0,6.333,-4.333,5.25,22.75,54.25,0,2.63,9.142,23,enterprise,logistics,19999,8,0.87,False,0,4,0.039251182,Low
CUST10664,6,1,15,56,0,1.667,0.333,-8.333,-35.0,4.75,27.0,116.5,0,2.5,11.165,42,starter,logistics,999,1,0.73,False,3,4,0.024579808,Low
CUST10665,6,13,29,140,0,1.0,-1.0,-1.333,18.333,4.5,28.0,102.0,0,1.291,12.832,36,enterprise,ecommerce,19999,9,0.77,False,0,0,0.00078432733,Low
CUST10666,4,0,19,46,0,-0.333,-0.333,-5.0,0.667,4.0,25.0,49.0,0,1.414,6.481,12,starter,healthtech,999,7,0.32,True,3,3,0.9941261,High
CUST10667,5,0,12,92,1,0.333,-1.0,-5.667,-2.333,4.25,19.5,88.75,2,0.957,7.326,44,starter,ecommerce,999,3,0.39,True,3,0,0.9978435,High
CUST10668,1,0,18,68,1,-1.0,-1.333,0.667,-1.333,2.25,18.0,58.25,2,1.258,7.483,12,starter,saas,999,5,0.44,True,3,5,0.99977,High
CUST10669,5,11,21,92,0,-0.333,1.0,1.333,-12.0,4.5,21.5,104.25,0,1.291,5.26,13,pro,saas,7999,8,0.92,False,2,5,0.003600673,Low
CUST10670,5,2,25,61,0,1.0,-0.333,0.0,-1.333,4.25,26.75,71.75,1,1.708,4.924,40,starter,fintech,999,10,0.44,True,3,2,0.8539415,High
CUST10671,2,0,12,100,0,-1.0,-1.667,-7.333,4.0,5.0,25.75,99.5,1,2.16,11.325,52,starter,ecommerce,999,10,0.71,True,3,0,0.9116589,High
CUST10672,7,5,31,109,0,0.333,-0.333,4.667,11.333,4.75,24.75,104.25,1,2.217,9.674,21,growth,edtech,2999,4,0.47,False,1,1,0.0038005963,Low
CUST10673,2,1,15,69,0,-1.333,-0.333,-2.667,-0.667,3.75,20.0,69.5,2,1.708,4.243,28,starter,logistics,999,2,0.4,True,3,4,0.99962294,High
CUST10674,7,2,15,54,0,0.333,-1.0,1.667,-5.333,5.25,17.0,78.75,1,1.5,6.683,13,growth,logistics,2999,9,0.28,False,1,4,0.16716112,Low
CUST10675,3,13,19,77,0,-1.333,-1.0,-2.0,15.333,4.25,24.0,66.75,0,1.893,3.742,40,enterprise,fintech,19999,1,0.43,True,0,2,0.9709809,High
CUST10676,1,0,21,51,0,-1.333,0.0,-1.0,-17.333,3.0,20.0,71.75,1,1.826,6.164,46,starter,fintech,999,1,0.47,True,3,2,0.99992335,High
CUST10677,5,11,23,64,0,-0.333,0.333,-2.667,-14.667,4.75,26.0,91.0,0,1.258,4.761,50,pro,saas,7999,4,0.69,False,2,5,0.033590652,Low
CUST10678,5,0,27,83,0,1.0,0.0,1.333,2.0,3.75,24.25,63.0,1,1.258,3.403,51,starter,fintech,999,8,0.37,False,3,2,0.1573256,Low
CUST10679,6,8,29,78,0,0.333,1.0,6.0,-4.667,4.5,17.0,95.75,0,1.291,9.092,9,pro,ecommerce,7999,9,0.17,False,2,0,0.06270651,Low
CUST10680,6,5,24,50,0,-0.667,-1.333,7.0,-4.0,6.0,19.75,72.75,2,1.633,11.325,10,pro,logistics,7999,3,0.65,False,2,4,0.050951492,Low
CUST10681,3,6,18,60,1,-1.0,-0.667,0.0,-20.333,5.0,18.0,91.5,1,1.826,1.633,36,growth,healthtech,2999,6,0.23,True,1,3,0.7179274,High
CUST10682,4,15,21,103,0,0.0,-1.0,-3.0,19.0,5.0,26.75,108.0,0,1.155,5.123,25,enterprise,saas,19999,2,0.62,False,0,5,0.00057552237,Low
CUST10683,4,6,14,87,1,-0.667,1.333,-2.667,14.667,5.0,19.75,84.75,1,1.155,5.909,47,growth,saas,2999,5,0.16,False,1,5,0.032374687,Low
CUST10684,6,5,21,50,0,0.0,0.667,-0.333,-20.333,6.0,26.0,91.0,0,0.816,5.944,21,growth,edtech,2999,8,0.47,False,1,1,0.005572112,Low
CUST10685,6,3,33,112,0,0.333,0.667,2.333,-7.0,5.75,22.75,116.5,1,0.957,9.639,26,starter,healthtech,999,2,1.0,False,3,3,0.0018868203,Low
CUST10686,3,3,27,97,0,-1.667,1.0,0.333,-28.667,5.0,29.75,127.25,0,3.559,6.185,13,starter,healthtech,999,5,0.27,False,3,3,0.014446338,Low
CUST10687,3,6,22,39,0,-1.0,-1.333,-1.667,-32.0,5.25,22.5,97.25,0,1.5,7.594,24,pro,logistics,7999,2,0.55,False,2,4,0.032287303,Low
CUST10688,5,4,26,42,0,0.0,-0.667,3.0,-18.0,5.5,30.0,64.5,0,1.0,10.551,39,growth,edtech,2999,4,0.51,False,1,1,0.027343135,Low
CUST10689,5,2,28,42,0,0.333,0.667,-1.333,-21.667,4.5,25.0,98.0,1,0.577,13.638,11,starter,saas,999,10,0.24,True,3,5,0.82211226,High
CUST10690,4,1,18,117,0,-0.333,0.333,1.333,-7.333,5.0,21.5,110.5,1,0.816,7.0,7,starter,fintech,999,4,0.89,False,3,2,0.037413538,Low
CUST10691,3,5,22,81,0,-1.0,1.0,-3.333,-12.333,4.75,24.25,99.5,0,1.258,6.344,30,growth,ecommerce,2999,6,0.27,False,1,0,0.0898107,Low
CUST10692,7,7,32,124,0,1.0,0.0,4.667,1.0,5.5,30.25,117.0,0,1.291,8.421,43,growth,edtech,2999,9,0.27,False,1,1,0.00044784532,Low
CUST10693,3,6,6,60,0,-1.0,0.333,-12.0,-4.0,4.25,20.0,61.25,1,1.5,15.937,7,growth,logistics,2999,6,0.86,True,1,4,0.97736007,High
CUST10694,3,6,29,162,0,-1.0,0.667,2.667,33.333,5.0,26.75,129.5,0,1.414,4.031,35,growth,fintech,2999,5,0.35,False,1,2,0.00044586122,Low
CUST10695,4,4,22,100,0,-2.0,-0.667,1.333,12.667,6.25,17.0,83.0,1,2.63,4.546,23,growth,edtech,2999,4,0.99,False,1,1,0.013907112,Low
CUST10696,3,1,33,167,1,0.0,-0.667,4.667,18.333,4.0,29.0,121.25,1,1.414,7.832,18,starter,edtech,999,4,0.68,False,3,1,0.0012807839,Low
CUST10697,6,1,20,143,0,1.0,-0.333,-3.333,-11.333,4.25,23.0,125.5,0,1.5,5.715,10,starter,fintech,999,8,0.4,False,3,2,0.001873134,Low
CUST10698,5,6,28,114,0,0.333,0.667,4.333,19.667,4.75,21.5,87.0,1,1.708,5.686,39,growth,saas,2999,10,0.57,False,1,5,0.0019807392,Low
CUST10699,5,1,13,134,0,-1.0,-1.0,-7.333,15.333,5.5,22.5,106.25,1,1.732,9.469,39,growth,ecommerce,2999,2,0.58,False,1,0,0.008337406,Low
CUST10700,6,1,27,70,1,-0.333,-1.0,0.0,-0.333,6.0,27.0,77.25,1,1.414,2.449,10,starter,saas,999,4,0.16,True,3,5,0.889726,High
CUST10701,5,4,17,87,0,0.0,-0.667,1.0,-5.667,5.0,23.25,97.75,0,0.816,9.179,8,growth,fintech,2999,10,0.78,False,1,2,0.27775204,Low
CUST10702,6,10,24,76,0,0.333,-0.333,0.0,-22.667,6.0,21.5,106.25,2,2.16,3.0,18,pro,fintech,7999,6,0.54,False,2,2,0.0045477543,Low
CUST10703,6,0,34,93,0,0.333,-0.333,2.333,-1.333,5.0,25.25,105.0,1,1.414,10.563,11,starter,logistics,999,8,0.91,True,3,4,0.1574417,Low
CUST10704,4,12,29,87,0,-0.333,-1.0,-1.333,0.0,5.5,24.75,104.0,1,1.291,7.5,9,enterprise,fintech,19999,9,0.31,False,0,2,0.05985311,Low
CUST10705,5,8,38,110,0,0.0,-0.333,6.333,6.0,4.25,27.5,95.25,1,0.957,12.234,36,pro,healthtech,7999,3,0.7,False,2,3,0.0027120304,Low
CUST10706,3,0,20,121,1,-1.667,0.0,-2.333,11.333,5.25,22.75,116.25,1,2.217,5.058,34,starter,logistics,999,6,0.27,True,3,4,0.84459084,High
CUST10707,8,2,22,120,0,0.667,-0.667,1.333,-3.333,5.5,25.5,129.25,1,2.082,6.608,35,starter,ecommerce,999,9,0.17,False,3,0,0.0034195178,Low
CUST10708,6,7,30,132,0,0.667,-2.0,-1.0,1.0,5.75,24.0,105.0,1,1.258,11.165,21,pro,fintech,7999,7,0.67,False,2,2,0.0041280477,Low
CUST10709,8,8,28,115,0,1.333,-1.667,1.333,26.0,5.5,29.25,86.25,0,1.915,8.057,25,pro,healthtech,7999,2,0.79,False,2,3,0.00016683705,Low
CUST10710,6,1,27,131,0,0.0,-0.667,6.667,10.667,5.0,19.5,109.5,0,1.155,9.95,23,starter,saas,999,4,0.29,False,3,5,0.0004841273,Low
CUST10711,7,0,23,86,0,0.333,0.0,3.0,-10.667,6.0,24.0,120.25,0,0.816,9.557,36,starter,saas,999,4,0.28,False,3,5,0.005322346,Low
CUST10712,7,0,20,97,0,0.333,0.0,0.0,9.0,5.5,19.5,90.0,1,2.38,4.933,8,starter,healthtech,999,9,0.2,True,3,3,0.85022545,High
CUST10713,6,2,20,64,0,0.667,-0.333,-2.667,7.333,5.0,18.75,68.5,0,0.816,9.777,22,starter,healthtech,999,5,0.52,False,3,3,0.15584232,Low
CUST10714,3,2,26,105,0,-0.667,-2.333,1.667,-7.667,5.0,24.75,121.25,0,1.414,8.539,40,growth,healthtech,2999,3,0.32,False,1,3,0.005685543,Low
CUST10715,4,1,26,96,1,-1.667,0.333,-0.667,4.333,5.5,23.75,75.5,3,2.38,4.349,36,starter,fintech,999,3,0.72,True,3,2,0.92640436,High
CUST10716,6,0,12,79,0,0.667,-0.333,-1.667,19.667,4.0,15.75,60.25,1,1.414,9.323,14,starter,logistics,999,8,0.53,True,3,4,0.96568763,High
CUST10717,5,14,25,86,0,0.667,-0.333,-3.0,-1.667,4.75,24.75,105.25,0,1.258,6.801,32,enterprise,healthtech,19999,3,0.82,False,0,3,0.028002335,Low
CUST10718,7,14,29,104,0,0.333,0.0,1.667,5.333,7.0,22.0,104.25,0,1.414,5.715,46,enterprise,ecommerce,19999,6,0.6,False,0,0,0.0010812877,Low
CUST10719,8,2,18,62,0,1.0,-0.667,-5.667,-4.333,5.75,27.5,79.75,0,1.5,7.594,42,starter,fintech,999,6,0.85,False,3,2,0.014379815,Low
CUST10720,6,1,27,108,0,0.333,0.333,1.333,13.333,5.0,23.5,97.75,0,0.816,6.952,24,starter,saas,999,1,0.68,False,3,5,0.0023495906,Low
CUST10721,2,3,18,56,0,-0.333,0.667,-2.333,-29.333,3.75,23.25,79.25,0,1.708,3.862,39,starter,logistics,999,7,0.43,True,3,4,0.99617577,High
CUST10722,8,16,19,101,0,2.0,-0.333,-2.333,8.333,5.5,25.75,113.5,2,2.646,8.732,52,enterprise,ecommerce,19999,7,0.56,False,0,0,0.0012436232,Low
CUST10723,2,0,29,119,0,-1.0,-1.0,-3.333,7.667,3.5,27.0,105.25,2,1.291,12.193,51,starter,logistics,999,5,0.65,True,3,4,0.96206033,High
CUST10724,6,6,33,75,0,0.333,-1.667,6.0,9.667,5.25,25.0,61.5,0,0.5,12.302,18,pro,edtech,7999,4,0.66,True,2,1,0.0040322095,Low
CUST10725,8,0,35,60,0,0.667,-1.0,-0.667,-16.333,5.75,29.0,104.25,0,1.708,8.756,41,starter,logistics,999,2,0.37,False,3,4,0.018131863,Low
CUST10726,3,2,8,70,0,-1.0,0.667,-2.667,-9.333,4.0,16.75,87.0,1,1.414,6.397,44,starter,edtech,999,7,0.57,True,3,1,0.9931432,High
CUST10727,5,14,25,70,1,-0.667,0.0,3.0,-16.667,4.75,22.75,109.75,1,1.708,4.573,37,enterprise,fintech,19999,7,0.81,False,0,2,0.013040145,Low
CUST10728,2,2,28,76,0,-0.667,-0.333,1.333,-8.667,2.75,20.5,89.25,0,0.957,7.326,17,starter,fintech,999,9,0.42,True,3,2,0.97972244,High
CUST10729,5,12,21,58,0,-0.333,0.667,-4.667,-23.333,5.0,23.25,101.25,0,0.816,8.421,19,pro,ecommerce,7999,8,0.29,False,2,0,0.086049326,Low
CUST10730,4,1,17,96,0,-0.333,-1.333,-4.667,13.667,4.5,20.25,95.5,2,0.577,7.455,9,starter,fintech,999,8,0.92,False,3,2,0.08369487,Low
CUST10731,5,12,24,88,0,0.0,0.0,6.333,-3.333,5.25,22.5,114.25,0,0.5,12.069,37,pro,edtech,7999,8,0.48,False,2,1,0.003955045,Low
CUST10732,6,13,24,56,0,0.333,-1.0,-2.0,-4.0,6.25,23.5,93.75,1,1.258,6.807,26,enterprise,saas,19999,8,0.47,False,0,5,0.0026198805,Low
CUST10733,5,2,23,104,0,0.333,0.0,-3.0,-18.333,5.25,26.75,123.5,0,0.957,6.185,39,starter,logistics,999,3,0.82,False,3,4,0.004325025,Low
CUST10734,8,8,27,82,0,0.333,0.333,-2.667,-13.667,6.25,27.5,85.5,0,1.5,7.724,23,growth,edtech,2999,4,0.22,False,1,1,0.0059728203,Low
CUST10735,6,18,19,176,0,0.0,0.667,-2.667,34.667,4.5,23.25,108.0,0,2.38,9.946,17,enterprise,saas,19999,9,0.81,False,0,5,0.0001946516,Low
CUST10736,5,9,16,36,0,-0.667,0.333,-3.667,-26.333,5.25,18.75,77.25,1,1.258,8.539,19,pro,fintech,7999,7,0.55,False,2,2,0.23794353,Low
CUST10737,5,2,29,133,0,-0.333,-1.0,0.333,1.333,5.25,24.75,108.0,0,0.5,4.425,21,growth,edtech,2999,10,0.51,False,1,1,0.0005646852,Low
CUST10738,3,19,23,82,0,0.0,1.333,1.0,-17.667,5.0,20.5,90.5,0,2.309,1.732,10,enterprise,healthtech,19999,4,0.98,True,0,3,0.89603806,High
CUST10739,5,10,37,113,0,0.0,0.667,6.667,-9.333,6.0,23.5,118.5,0,1.155,9.678,33,pro,healthtech,7999,3,0.75,False,2,3,0.00091777765,Low
CUST10740,5,7,25,125,0,0.667,0.0,-0.333,1.333,4.0,22.0,116.75,0,1.826,4.082,6,growth,healthtech,2999,3,0.75,False,1,3,0.0047080573,Low
CUST10741,4,5,15,113,0,-0.667,0.0,-5.667,8.0,5.25,25.0,102.25,1,0.957,8.042,11,growth,saas,2999,4,0.62,True,1,5,0.7816377,High
CUST10742,6,3,16,137,0,0.0,-1.333,-2.333,20.667,5.0,20.5,88.75,0,1.414,3.317,6,growth,ecommerce,2999,2,0.51,False,1,0,0.014058953,Low
CUST10743,5,3,27,76,0,0.0,1.0,-3.0,-33.333,5.25,26.0,94.5,0,0.5,10.1,46,starter,logistics,999,5,0.75,False,3,4,0.013976086,Low
CUST10744,2,0,27,66,1,-0.667,0.0,-3.333,7.333,3.75,28.0,71.0,3,1.708,7.874,46,starter,saas,999,8,0.18,True,3,5,0.9943116,High
CUST10745,6,6,18,95,0,0.667,-2.333,-2.333,1.667,4.75,25.25,107.5,1,2.217,5.737,52,pro,logistics,7999,7,0.59,False,2,4,0.00987695,Low
CUST10746,6,5,10,57,1,0.333,-0.333,-8.667,-18.0,5.0,21.5,68.5,2,0.816,14.012,50,growth,fintech,2999,5,0.51,True,1,2,0.9309407,High
CUST10747,5,6,32,42,0,0.0,1.0,3.0,-9.333,6.5,29.0,78.0,1,1.915,4.243,36,growth,logistics,2999,1,0.81,False,1,4,0.018792646,Low
CUST10748,4,0,21,32,0,0.0,-2.0,1.333,-12.333,4.5,19.25,66.0,0,1.0,3.304,22,growth,healthtech,2999,9,0.69,True,1,3,0.9584655,High
CUST10749,5,1,24,125,0,0.333,-0.667,-3.333,-4.667,6.0,28.75,124.25,0,2.16,4.992,20,starter,saas,999,8,0.84,False,3,5,0.00023890431,Low
CUST10750,6,3,27,108,0,0.667,-2.0,-4.667,4.0,3.75,24.5,90.25,1,1.708,13.026,40,growth,fintech,2999,10,0.9,True,1,2,0.87681663,High
CUST10751,7,2,25,149,0,0.667,-0.333,-3.333,-16.0,5.75,26.25,136.5,2,2.217,6.994,4,starter,saas,999,4,0.1,False,3,5,0.0028606812,Low
CUST10752,7,15,25,139,0,0.667,0.333,4.0,14.0,5.5,22.75,113.75,0,1.0,7.136,25,enterprise,logistics,19999,4,0.94,False,0,4,0.00014996705,Low
CUST10753,4,2,12,30,0,0.333,-0.667,1.333,-3.333,3.0,12.0,48.25,0,0.816,6.377,39,starter,ecommerce,999,5,0.12,True,3,0,0.99696773,High
CUST10754,8,6,16,83,0,0.333,-0.667,-1.667,-27.333,6.5,21.75,119.5,1,1.291,9.215,44,pro,fintech,7999,8,0.38,False,2,2,0.015922805,Low
CUST10755,5,8,26,91,0,0.333,0.0,5.0,-2.0,4.25,24.5,102.5,0,0.957,9.256,14,pro,ecommerce,7999,5,0.77,False,2,0,0.05418424,Low
CUST10756,2,0,28,95,0,-1.333,0.0,5.0,-9.333,4.75,23.25,110.5,0,1.893,11.325,26,starter,healthtech,999,3,0.27,False,3,3,0.15651809,Low
CUST10757,4,5,30,111,0,-1.0,-0.667,3.0,5.667,5.25,28.75,100.5,0,1.258,5.795,48,growth,healthtech,2999,3,0.91,False,1,3,0.002543291,Low
CUST10758,5,1,21,72,1,-0.333,0.0,-7.333,-18.667,4.75,24.25,86.0,2,1.258,12.997,43,starter,logistics,999,8,0.98,False,3,4,0.1621758,Low
CUST10759,5,3,16,127,0,-0.333,-0.333,-3.0,-5.333,5.25,22.0,114.0,0,0.5,8.042,41,starter,edtech,999,10,0.68,False,3,1,0.0018481198,Low
CUST10760,2,4,26,111,0,-1.0,0.0,2.333,5.667,3.75,28.75,100.0,0,1.5,8.421,25,growth,healthtech,2999,10,0.33,False,1,3,0.067290016,Low
CUST10761,7,6,36,111,0,0.333,1.333,6.0,-2.0,5.75,25.75,112.0,0,0.957,9.179,8,growth,healthtech,2999,10,0.8,False,1,3,0.00046146332,Low
CUST10762,3,3,27,106,0,-0.667,-0.333,2.667,-9.333,3.75,28.5,109.0,0,0.957,11.475,34,growth,saas,2999,7,0.78,False,1,5,0.022610927,Low
CUST10763,3,3,14,83,0,-1.0,-0.667,-7.667,5.0,3.5,24.75,82.75,0,1.732,9.743,27,growth,logistics,2999,7,0.48,True,1,4,0.98943245,High
CUST10764,5,7,31,80,0,0.667,1.0,2.0,-2.0,4.75,26.0,70.5,1,1.258,6.633,18,growth,logistics,2999,5,0.53,True,1,4,0.86988103,High
CUST10765,2,2,21,47,1,-1.333,0.0,1.0,-2.0,4.0,19.75,54.25,1,2.309,1.5,18,starter,fintech,999,3,0.35,True,3,2,0.9986712,High
CUST10766,3,4,27,65,0,-0.667,-0.667,-3.333,-7.667,4.75,26.5,88.25,0,1.258,8.226,14,growth,healthtech,2999,6,0.97,False,1,3,0.035738166,Low
CUST10767,6,0,26,79,0,0.667,-0.667,-6.333,6.333,5.5,28.25,69.0,0,1.291,11.442,44,starter,fintech,999,6,0.17,False,3,2,0.061656844,Low
CUST10768,2,5,21,78,0,-1.333,-0.333,-2.667,-7.333,4.25,21.75,90.75,0,1.708,9.215,39,growth,fintech,2999,1,0.92,True,1,2,0.9682952,High
CUST10769,5,0,36,162,0,-0.333,0.0,5.333,21.667,5.75,25.75,114.25,0,0.957,8.342,37,starter,ecommerce,999,9,0.99,False,3,0,0.00012452221,Low
CUST10770,4,17,22,113,1,-0.333,0.0,-1.333,10.333,4.75,23.0,98.5,1,0.5,3.83,20,enterprise,saas,19999,3,0.3,False,0,5,0.014249607,Low
CUST10771,5,12,17,76,0,1.0,0.667,-7.0,5.333,3.25,28.75,71.0,1,1.258,11.383,32,pro,healthtech,7999,2,0.88,True,2,3,0.93565905,High
CUST10772,4,2,30,144,1,-0.667,0.0,4.333,24.0,4.5,24.75,100.0,1,1.291,6.85,44,starter,logistics,999,6,0.48,False,3,4,0.0032670968,Low
CUST10773,5,0,11,87,0,0.0,-0.333,-1.0,17.667,3.75,15.75,69.75,0,1.5,6.946,30,starter,logistics,999,8,0.59,True,3,4,0.99700326,High
CUST10774,8,3,16,56,0,1.333,-1.333,-1.667,-16.333,6.75,25.5,96.25,0,2.217,8.813,23,growth,healthtech,2999,8,0.91,False,1,3,0.0032082926,Low
CUST10775,6,10,32,86,0,0.333,1.667,0.667,7.0,5.5,32.0,93.75,0,1.291,9.092,34,pro,ecommerce,7999,4,0.59,False,2,0,0.00049560895,Low
CUST10776,5,11,30,90,0,-1.0,-1.0,3.667,10.0,6.0,22.0,70.5,0,1.414,6.481,4,enterprise,saas,19999,5,0.96,False,0,5,0.03433783,Low
CUST10777,3,4,28,72,0,-0.667,0.333,1.333,-13.0,4.25,28.5,92.5,0,1.5,5.26,28,growth,edtech,2999,6,0.5,False,1,1,0.05386992,Low
CUST10778,4,3,20,66,1,0.667,0.667,-1.333,-36.0,3.25,14.0,118.5,1,0.957,9.695,7,starter,edtech,999,6,0.67,True,3,1,0.7263701,High
CUST10779,4,7,29,79,0,-0.333,1.0,5.0,1.0,4.5,22.75,94.75,1,0.577,6.5,48,growth,fintech,2999,1,0.63,False,1,2,0.011129557,Low
CUST10780,8,9,46,84,0,2.0,0.333,8.333,15.667,4.5,29.0,81.5,1,2.646,12.623,19,pro,saas,7999,3,0.74,False,2,5,0.0018312486,Low
CUST10781,2,0,37,45,1,-1.0,0.0,4.667,-0.667,3.25,28.0,44.25,2,1.5,7.874,30,starter,logistics,999,2,0.18,True,3,4,0.9958864,High
CUST10782,4,0,20,60,0,-1.0,-1.667,-1.333,-9.333,4.5,24.25,62.25,0,1.732,3.686,10,starter,edtech,999,6,0.64,True,3,1,0.9693673,High
CUST10783,5,13,29,98,0,0.333,-1.667,-2.0,-2.333,5.5,31.5,106.5,0,1.732,4.796,46,enterprise,healthtech,19999,3,0.92,False,0,3,0.0018938269,Low
CUST10784,5,4,29,29,0,0.0,-2.0,2.667,-28.333,4.0,22.75,86.25,1,1.414,4.646,6,pro,fintech,7999,7,0.46,True,2,2,0.9492321,High
CUST10785,2,3,24,63,1,-1.0,0.333,-3.333,2.667,2.5,30.25,70.75,1,1.732,4.787,38,starter,ecommerce,999,7,0.81,True,3,0,0.9993259,High
CUST10786,5,1,31,66,0,0.0,-1.0,-0.667,-8.0,4.25,29.75,90.5,0,1.5,3.403,35,starter,edtech,999,8,0.99,False,3,1,0.021332243,Low
CUST10787,6,5,31,86,0,0.0,-0.333,-2.333,-10.0,5.25,32.25,109.5,0,0.957,4.573,37,growth,ecommerce,2999,2,0.55,False,1,0,0.00048027709,Low
CUST10788,4,6,28,107,0,-0.667,-1.333,-2.333,-8.333,5.75,28.25,113.75,0,1.258,6.801,25,pro,saas,7999,3,0.35,False,2,5,0.00051599334,Low
CUST10789,4,5,22,67,0,0.333,-0.333,-1.667,7.0,3.0,24.25,73.25,1,0.816,3.202,34,growth,edtech,2999,6,0.94,False,1,1,0.11004013,Low
CUST10790,3,0,20,73,0,-1.667,-0.333,-0.333,-11.0,5.5,20.0,107.5,2,2.887,2.944,52,starter,healthtech,999,10,1.0,False,3,3,0.073908575,Low
CUST10791,4,2,31,119,0,0.333,-0.333,2.333,6.0,5.25,30.0,96.0,0,2.062,4.243,16,starter,ecommerce,999,7,0.5,False,3,0,0.0021382612,Low
CUST10792,4,7,17,47,1,-0.333,0.667,-8.0,-9.0,3.5,25.0,79.25,2,1.291,11.314,22,growth,logistics,2999,5,0.22,True,1,4,0.98606956,High
CUST10793,5,13,32,95,0,0.333,-2.333,3.0,1.0,5.0,28.0,97.25,0,1.414,5.228,24,enterprise,fintech,19999,4,0.78,False,0,2,0.005906893,Low
CUST10794,7,3,44,47,1,0.667,1.0,11.0,-27.667,5.5,22.75,102.0,1,1.291,15.349,26,starter,edtech,999,7,0.56,False,3,1,0.014568811,Low
CUST10795,2,0,26,28,0,-0.333,0.0,3.333,-11.667,3.5,17.5,55.25,0,1.291,6.245,31,starter,fintech,999,9,0.91,True,3,2,0.99611604,High
CUST10796,4,3,3,76,1,0.667,1.0,-8.333,11.667,3.75,19.5,78.5,3,2.363,11.561,43,starter,logistics,999,4,0.9,True,3,4,0.92694485,High
CUST10797,5,0,28,127,0,-0.667,-1.333,-0.333,12.667,4.25,24.5,105.75,0,2.217,4.796,47,starter,logistics,999,8,0.86,True,3,4,0.00528064,Low
CUST10798,4,2,23,67,0,0.0,0.0,-2.333,-10.333,4.0,26.25,79.0,1,0.816,4.349,30,starter,saas,999,9,0.91,True,3,5,0.2605167,Low
CUST10799,2,9,12,100,0,-1.0,0.0,-2.667,-3.333,3.75,19.25,106.75,0,1.5,6.185,27,pro,logistics,7999,6,0.26,False,2,4,0.37283865,Medium
CUST10800,4,1,22,59,0,0.333,0.333,3.333,-13.0,3.25,16.25,81.25,2,0.957,6.752,39,starter,fintech,999,7,0.27,True,3,2,0.9974577,High
CUST10801,5,0,16,111,0,1.0,-0.333,-8.0,4.333,3.75,24.25,105.0,0,1.258,11.955,19,starter,saas,999,8,0.79,False,3,5,0.01722509,Low
CUST10802,3,2,23,120,0,-0.333,0.667,-1.667,8.0,4.0,24.0,114.0,0,1.414,2.708,8,starter,logistics,999,10,0.9,False,3,4,0.0011192444,Low
CUST10803,4,5,21,140,0,0.333,-1.333,-4.667,17.667,3.75,26.5,104.0,0,0.957,5.972,20,growth,edtech,2999,6,0.71,False,1,1,0.00046539848,Low
CUST10804,2,8,24,135,0,-0.667,0.333,5.667,26.0,4.0,19.75,86.5,0,1.633,11.236,8,pro,edtech,7999,6,0.21,False,2,1,0.008856002,Low
CUST10805,5,0,34,109,0,0.0,-1.333,1.0,-7.0,5.5,31.0,113.5,0,1.0,3.559,34,starter,healthtech,999,1,0.81,False,3,3,0.0015738478,Low
CUST10806,3,4,33,113,0,-1.0,1.333,1.333,-3.667,5.0,26.0,99.0,0,1.826,8.869,37,starter,edtech,999,4,0.2,False,3,1,0.021140322,Low
CUST10807,4,0,12,59,1,-1.0,-1.0,-2.667,-14.333,5.25,18.25,82.0,1,1.258,4.646,17,starter,saas,999,6,0.45,True,3,5,0.97434276,High
CUST10808,2,3,18,60,0,-0.667,0.0,-3.0,-15.333,3.25,25.0,72.75,2,0.957,9.055,26,growth,fintech,2999,3,0.42,True,1,2,0.9990637,High
CUST10809,6,10,24,118,0,0.667,0.333,-4.0,2.0,5.5,33.5,111.5,0,1.0,8.021,15,pro,logistics,7999,5,0.24,False,2,4,0.00068618025,Low
CUST10810,5,1,19,120,0,-0.333,-0.667,-4.333,21.0,5.5,31.25,94.0,0,0.577,8.846,23,starter,logistics,999,7,0.23,False,3,4,0.00062028604,Low
CUST10811,2,0,36,120,0,-0.667,0.0,5.0,25.667,3.75,26.0,94.5,1,1.258,9.695,43,starter,edtech,999,1,0.25,False,3,1,0.035065062,Low
CUST10812,7,7,23,84,0,0.667,0.333,-2.0,8.667,5.25,25.25,92.0,0,1.258,8.958,37,growth,logistics,2999,7,0.32,False,1,4,0.006936736,Low
CUST10813,7,15,24,76,0,0.333,0.0,-2.0,-10.0,6.75,31.25,106.5,0,0.5,5.5,20,enterprise,logistics,19999,10,0.35,False,0,4,0.0014726684,Low
CUST10814,6,3,29,61,1,0.333,0.333,6.667,-21.333,4.75,22.75,101.25,1,1.258,9.251,22,starter,ecommerce,999,3,0.91,False,3,0,0.031550474,Low
CUST10815,6,9,34,138,0,-0.667,-0.333,1.667,0.0,6.5,25.5,112.0,0,1.0,11.21,15,pro,ecommerce,7999,3,0.62,False,2,0,0.00091699883,Low
CUST10816,5,1,12,138,0,0.333,-0.667,-7.333,22.333,4.75,24.0,102.25,1,0.957,9.381,6,starter,fintech,999,9,0.13,False,3,2,0.043441355,Low
CUST10817,2,14,26,109,1,-0.333,-1.333,2.667,8.667,3.75,21.25,110.5,1,1.5,9.979,39,enterprise,saas,19999,9,0.64,False,0,5,0.006354742,Low
CUST10818,3,3,9,118,0,-0.667,-1.667,-3.333,12.667,5.25,17.0,91.75,0,2.062,8.446,33,growth,fintech,2999,7,0.59,False,1,2,0.14971638,Low
CUST10819,9,15,20,72,0,0.667,0.333,-1.333,-28.333,6.5,25.75,112.75,0,1.915,4.646,15,enterprise,logistics,19999,4,0.71,False,0,4,0.00079173903,Low
CUST10820,5,2,28,130,0,0.0,-0.667,0.667,7.0,5.75,29.0,116.25,0,0.957,5.477,19,starter,logistics,999,8,0.76,False,3,4,8.0634236e-05,Low
CUST10821,6,2,27,96,0,0.333,-1.333,3.333,2.333,5.25,23.25,74.0,0,0.5,8.18,21,starter,logistics,999,6,0.2,False,3,4,0.034731798,Low
CUST10822,6,8,21,116,0,0.0,-0.333,7.0,-11.667,5.25,16.75,132.0,0,0.957,11.236,25,pro,healthtech,7999,9,0.33,False,2,3,0.005888508,Low
CUST10823,6,8,39,128,0,0.0,0.333,10.0,11.667,4.5,21.75,125.75,0,1.732,12.58,25,pro,logistics,7999,10,0.97,False,2,4,0.0005171808,Low
CUST10824,6,2,14,44,0,1.0,0.667,-6.333,-14.0,3.75,30.5,91.75,0,1.5,11.269,49,starter,edtech,999,9,0.15,False,3,1,0.15268476,Low
CUST10825,7,4,27,109,0,1.0,-0.333,-1.667,-11.333,4.75,33.25,135.75,1,1.708,5.058,16,starter,healthtech,999,8,0.3,False,3,3,0.0026846996,Low
CUST10826,4,14,25,99,0,-0.667,0.0,4.0,-5.333,6.25,21.75,94.0,0,2.062,7.365,12,enterprise,fintech,19999,9,0.88,False,0,2,0.007197869,Low
CUST10827,7,5,29,93,1,0.667,-0.333,-3.333,0.333,5.75,31.0,99.5,1,0.957,5.888,12,growth,ecommerce,2999,4,0.78,False,1,0,0.0046979105,Low
CUST10828,3,6,15,84,0,-1.333,-1.333,-2.667,-10.0,4.75,21.0,104.25,0,2.062,4.082,51,pro,healthtech,7999,2,0.62,True,2,3,0.87541103,High
CUST10829,4,3,20,76,0,-0.667,1.0,-1.667,-26.0,5.75,25.5,106.5,0,1.708,5.447,31,starter,ecommerce,999,5,0.57,False,3,0,0.0057300427,Low
CUST10830,6,12,25,104,0,0.333,-0.333,-3.333,3.667,5.25,21.75,86.75,0,1.708,11.295,18,enterprise,ecommerce,19999,5,0.92,False,0,0,0.021966333,Low
CUST10831,6,11,13,110,0,0.333,0.667,-8.0,-2.0,5.25,28.75,121.75,0,0.5,10.782,31,pro,healthtech,7999,4,0.6,False,2,3,0.00067001616,Low
CUST10832,5,4,21,59,0,-0.667,-1.0,-1.333,-3.333,4.75,32.5,104.5,0,1.708,11.121,19,growth,edtech,2999,6,0.18,False,1,1,0.026415579,Low
CUST10833,6,7,20,55,0,0.667,-1.333,1.0,-1.333,4.5,18.75,73.0,1,1.291,7.455,43,pro,ecommerce,7999,2,0.46,False,2,0,0.090352826,Low
CUST10834,2,0,18,83,0,-0.333,-0.333,-1.667,-8.333,4.25,24.75,103.0,0,2.062,7.805,32,starter,saas,999,6,0.19,True,3,5,0.9432486,High
CUST10835,5,9,20,106,0,-0.333,0.333,-0.667,2.0,4.75,24.0,90.0,0,1.258,3.651,17,pro,ecommerce,7999,9,0.49,False,2,0,0.0176546,Low
CUST10836,5,2,15,84,0,0.0,0.0,-0.667,-2.0,4.75,17.0,91.75,0,0.5,2.16,21,starter,logistics,999,1,0.78,True,3,4,0.901592,High
CUST10837,3,3,9,53,0,-0.667,-1.333,-2.333,-9.333,3.25,20.0,66.25,1,1.258,13.687,5,starter,saas,999,2,0.93,True,3,5,0.9970902,High
CUST10838,5,2,23,67,1,0.0,-0.333,2.333,-20.0,5.0,20.25,90.25,1,0.816,8.694,42,growth,edtech,2999,8,0.56,True,1,1,0.95024556,High
CUST10839,2,4,13,58,1,-1.0,-0.333,-3.333,-1.0,4.75,24.5,58.75,1,1.893,9.849,43,growth,logistics,2999,2,0.43,True,1,4,0.99727386,High
CUST10840,5,7,13,118,0,-0.667,0.667,-4.667,16.667,5.75,22.5,94.0,0,2.217,8.062,39,growth,edtech,2999,3,0.97,False,1,1,0.0024136144,Low
CUST10841,4,5,25,69,1,-0.667,0.0,0.667,-2.0,4.5,23.75,84.0,1,1.291,3.775,47,growth,healthtech,2999,7,0.85,True,1,3,0.9289455,High
CUST10842,4,4,40,85,0,0.0,1.333,3.0,-20.667,4.25,30.75,108.5,1,0.5,7.042,11,starter,logistics,999,6,0.45,False,3,4,0.004737583,Low
CUST10843,2,1,18,40,0,0.0,-0.333,-1.0,-10.333,2.75,18.75,67.5,1,1.5,3.594,43,starter,ecommerce,999,2,0.65,True,3,0,0.99909234,High
CUST10844,6,9,20,114,0,0.0,0.0,2.0,23.667,5.0,25.25,97.5,0,2.0,14.175,51,pro,edtech,7999,10,0.65,False,2,1,0.0013954558,Low
CUST10845,7,14,22,92,0,1.0,-0.667,-3.333,11.0,5.25,21.25,86.0,0,1.258,8.617,22,enterprise,ecommerce,19999,3,0.26,False,0,0,0.011974275,Low
CUST10846,5,14,22,125,0,0.333,-0.667,-3.333,11.333,5.5,29.25,113.25,1,1.291,6.602,9,enterprise,fintech,19999,10,0.99,False,0,2,0.0004390018,Low
CUST10847,4,15,32,132,1,-1.333,-0.667,0.333,10.667,6.25,30.5,103.25,3,1.708,2.38,25,enterprise,ecommerce,19999,8,0.56,False,0,0,0.0042338567,Low
CUST10848,4,14,26,37,1,-0.333,0.333,2.667,-25.333,4.0,21.0,88.75,1,1.414,6.0,36,enterprise,healthtech,19999,3,0.36,False,0,3,0.53696996,Medium
CUST10849,2,0,31,63,1,-1.667,0.0,2.0,-17.333,4.5,25.75,86.25,1,2.082,4.113,12,starter,saas,999,6,0.56,True,3,5,0.98154116,High
CUST10850,10,4,22,117,0,1.333,-0.333,-1.0,0.667,8.0,27.5,115.0,0,1.633,11.269,28,growth,ecommerce,2999,9,0.27,False,1,0,0.0015904255,Low
CUST10851,2,8,17,31,1,-0.667,-0.333,2.0,-7.0,3.5,18.0,64.0,1,1.0,9.018,5,pro,fintech,7999,7,0.2,True,2,2,0.9914459,High
CUST10852,7,4,37,102,0,1.0,-0.333,4.0,0.0,5.25,29.0,98.75,1,1.258,8.485,52,growth,ecommerce,2999,9,0.79,False,1,0,0.0022093472,Low
CUST10853,4,10,29,149,0,-0.333,0.333,0.333,5.667,5.25,22.0,118.0,0,0.957,10.231,24,pro,healthtech,7999,2,1.0,False,2,3,0.0005698446,Low
CUST10854,3,4,13,88,1,-0.667,-0.333,-3.333,-15.333,4.25,26.0,108.25,1,0.957,12.987,10,growth,fintech,2999,8,0.41,False,1,2,0.12589294,Low
CUST10855,6,1,22,147,1,0.333,-0.667,-1.333,13.0,5.75,25.5,106.0,1,0.957,6.952,11,starter,ecommerce,999,7,0.45,False,3,0,0.00038287256,Low
CUST10856,5,7,26,150,0,-0.333,1.0,0.0,8.333,5.0,27.25,119.0,0,0.816,3.202,14,growth,saas,2999,1,0.16,False,1,5,0.00042037858,Low
CUST10857,4,7,41,95,0,0.0,0.333,4.333,4.667,4.25,33.75,64.0,1,1.258,9.777,31,growth,healthtech,2999,1,0.15,False,1,3,0.015099127,Low
CUST10858,4,9,24,124,0,0.333,-0.333,2.667,4.667,3.5,23.5,100.5,0,0.577,9.678,45,pro,logistics,7999,6,0.43,False,2,4,0.003240938,Low
CUST10859,5,5,15,73,0,0.333,0.667,-3.0,-11.333,4.5,19.0,105.75,1,1.291,11.633,23,growth,fintech,2999,5,0.93,False,1,2,0.0679356,Low
CUST10860,4,7,12,0,0,-0.333,0.667,-4.333,-49.0,4.5,23.5,81.5,0,0.577,8.66,47,pro,healthtech,7999,2,0.39,False,2,3,0.1569604,Low
CUST10861,6,8,35,110,0,0.0,1.333,1.667,-10.0,4.75,27.0,125.5,1,1.5,6.683,44,growth,fintech,2999,10,0.92,False,1,2,0.0006491619,Low
CUST10862,6,4,18,124,0,0.0,1.0,-12.0,15.667,5.5,33.5,112.0,0,1.0,15.0,47,starter,fintech,999,7,0.51,False,3,2,0.0002296838,Low
CUST10863,3,4,26,88,1,0.333,-2.0,-1.667,7.333,2.0,23.75,84.75,2,1.414,6.702,50,growth,fintech,2999,10,0.46,True,1,2,0.9953473,High
CUST10864,1,9,22,58,0,-2.0,0.333,-2.333,-23.667,4.25,26.0,105.0,0,2.754,10.614,7,pro,saas,7999,2,0.26,True,2,5,0.9283258,High
CUST10865,7,10,13,92,0,1.0,1.0,-4.667,3.667,5.25,25.75,84.25,0,1.258,8.846,51,pro,logistics,7999,3,0.46,False,2,4,0.007936628,Low
CUST10866,5,5,10,79,0,-0.333,0.333,-2.0,-14.0,6.0,23.0,95.25,0,1.414,11.804,33,growth,fintech,2999,10,0.75,False,1,2,0.06428838,Low
CUST10867,3,18,20,96,0,-0.667,0.333,0.667,-9.667,4.5,20.5,95.75,0,1.915,3.786,43,enterprise,logistics,19999,5,0.34,False,0,4,0.36088386,Medium
CUST10868,5,2,24,72,0,0.0,0.333,-3.333,-6.333,5.0,31.5,74.5,0,0.816,7.0,15,starter,ecommerce,999,8,0.3,False,3,0,0.07091642,Low
CUST10869,5,4,30,96,0,1.0,-0.333,3.0,-5.333,4.0,25.75,89.25,1,1.826,4.425,45,growth,fintech,2999,9,0.39,False,1,2,0.14787617,Low
CUST10870,4,2,32,75,0,0.333,0.667,3.0,-21.667,2.75,29.25,78.0,0,1.258,4.5,37,starter,saas,999,7,0.48,False,3,5,0.1120201,Low
CUST10871,3,15,25,60,0,-1.0,0.333,-0.667,-17.0,4.25,22.75,118.25,0,1.5,4.031,27,enterprise,edtech,19999,4,0.98,False,0,1,0.004423995,Low
CUST10872,2,7,20,99,0,0.0,1.333,-7.333,-9.667,3.5,25.0,103.25,0,1.915,11.605,42,growth,saas,2999,7,0.59,False,1,5,0.1073103,Low
CUST10873,4,4,23,80,0,0.667,0.667,2.0,-4.333,3.5,20.75,80.5,1,1.915,5.909,31,starter,saas,999,4,0.34,True,3,5,0.99500835,High
CUST10874,3,9,27,42,1,-1.0,0.0,0.667,-17.0,3.75,24.25,71.25,2,1.708,6.5,18,pro,saas,7999,1,0.34,True,2,5,0.9971386,High
CUST10875,3,10,28,75,0,-0.667,2.0,2.333,1.667,4.5,21.5,97.5,1,1.915,4.933,44,growth,saas,2999,3,0.99,False,1,5,0.0141341705,Low
CUST10876,5,6,22,83,0,-0.333,0.333,-3.333,-12.333,4.75,27.5,97.75,0,1.893,4.203,16,pro,logistics,7999,8,0.47,False,2,4,0.011307909,Low
CUST10877,6,16,31,132,0,0.667,1.667,5.667,3.0,5.5,24.0,97.0,1,1.0,7.257,32,enterprise,ecommerce,19999,4,0.17,False,0,0,0.001067702,Low
CUST10878,1,6,23,34,0,-0.667,1.333,-3.0,-13.0,3.25,26.25,62.75,0,1.708,8.342,22,growth,saas,2999,3,0.11,True,1,5,0.92622685,High
CUST10879,4,4,19,98,0,-0.667,0.333,-6.0,14.667,4.25,25.0,90.0,0,1.708,8.287,42,growth,fintech,2999,6,0.56,False,1,2,0.4759912,Medium
CUST10880,4,0,21,98,0,-0.333,-0.667,2.333,8.0,4.25,12.0,76.5,1,1.708,7.528,49,starter,healthtech,999,1,0.21,True,3,3,0.9982351,High
CUST10881,3,0,22,56,0,-1.667,-1.0,-1.667,-12.0,4.75,23.75,67.5,2,2.217,5.377,11,starter,fintech,999,8,0.14,True,3,2,0.98756695,High
CUST10882,5,0,7,57,0,-0.333,-1.333,-10.333,5.0,5.0,24.75,66.75,0,1.414,12.92,19,starter,healthtech,999,9,0.58,True,3,3,0.95136654,High
CUST10883,3,3,35,48,1,-0.667,0.333,0.667,-21.667,3.25,28.5,93.0,1,1.708,7.594,33,starter,saas,999,7,0.67,True,3,5,0.95596707,High
CUST10884,5,0,16,58,0,0.333,-0.333,0.0,-15.0,4.25,16.25,84.5,0,0.957,2.872,26,starter,healthtech,999,3,0.33,False,3,3,0.2738113,Low
CUST10885,6,0,25,123,1,1.0,0.0,1.333,14.667,4.0,26.25,105.75,1,1.414,6.702,21,starter,fintech,999,9,0.93,False,3,2,0.010641119,Low
CUST10886,6,8,16,128,0,0.667,-0.667,-0.333,23.333,6.25,18.5,107.75,0,2.062,5.066,41,pro,saas,7999,9,0.1,False,2,5,0.00023386476,Low
CUST10887,4,8,21,30,0,-1.333,1.0,0.667,-24.667,4.75,29.0,83.0,1,2.5,11.195,45,growth,edtech,2999,8,0.93,False,1,1,0.011389632,Low
CUST10888,2,2,18,59,1,-1.0,-0.667,-1.333,5.333,3.75,19.0,72.75,2,1.5,3.162,30,starter,fintech,999,3,0.76,True,3,2,0.9974878,High
CUST10889,3,7,22,84,0,-0.333,1.0,-0.667,-4.667,4.5,23.75,109.25,1,1.291,2.363,19,growth,healthtech,2999,4,0.73,False,1,3,0.015276414,Low
CUST10890,3,2,7,168,0,-1.0,-0.667,-4.667,6.333,4.5,25.75,135.75,0,1.291,14.997,12,starter,edtech,999,9,0.68,False,3,1,0.011707334,Low
CUST10891,2,2,24,71,1,-0.667,0.0,-2.0,-4.333,3.25,26.75,99.25,1,0.957,6.602,30,starter,healthtech,999,4,0.2,True,3,3,0.99321425,High
CUST10892,5,10,37,78,0,-0.333,1.333,4.0,3.667,5.0,30.25,76.75,1,2.16,6.185,29,pro,edtech,7999,2,0.16,False,2,1,0.008706881,Low
CUST10893,1,9,15,81,0,-0.333,1.333,-5.333,-4.667,3.0,19.0,92.75,1,1.826,8.981,51,pro,fintech,7999,6,0.27,True,2,2,0.97051615,High
CUST10894,4,5,12,51,0,0.0,-1.667,-1.667,-17.333,4.25,16.0,77.5,0,1.258,2.944,5,pro,logistics,7999,6,0.13,True,2,4,0.97406775,High
CUST10895,0,2,25,56,0,-2.0,-0.333,-0.333,-19.333,3.0,24.0,64.25,0,2.582,3.367,35,starter,saas,999,2,0.9,True,3,5,0.9984894,High
CUST10896,4,3,15,138,0,-0.333,0.667,-5.0,14.0,4.25,23.5,107.0,0,1.708,6.351,37,starter,saas,999,9,0.73,False,3,5,0.0006769629,Low
CUST10897,3,0,13,81,0,0.333,-0.333,-4.667,-21.333,2.75,25.5,109.75,0,0.5,9.147,51,starter,fintech,999,5,0.21,True,3,2,0.9504304,High
CUST10898,5,0,29,58,1,0.667,0.0,2.333,-17.333,4.5,18.5,88.75,1,1.0,9.037,31,starter,logistics,999,2,0.63,True,3,4,0.9698925,High
CUST10899,5,1,22,102,0,0.0,-0.333,-3.0,-7.0,5.25,24.0,118.0,0,0.5,11.225,46,starter,ecommerce,999,7,0.44,False,3,0,0.0020090444,Low
CUST10900,5,7,17,119,0,0.667,1.333,2.0,20.0,5.0,20.0,121.0,1,1.414,8.042,52,growth,logistics,2999,3,0.53,False,1,4,0.00039738222,Low
CUST10901,3,0,20,58,0,-0.333,-1.0,2.333,-17.333,4.0,19.75,78.5,1,2.944,4.787,17,starter,fintech,999,5,0.93,True,3,2,0.99139506,High
CUST10902,5,7,17,134,0,-0.333,0.0,-4.667,17.0,5.5,22.25,89.75,0,0.577,6.702,15,pro,edtech,7999,5,0.37,False,2,1,0.0012757314,Low
CUST10903,5,0,18,105,0,0.667,0.0,0.333,-0.333,4.75,24.0,98.25,1,1.258,7.789,27,starter,logistics,999,3,0.94,True,3,4,0.9146745,High
CUST10904,5,8,6,103,1,-0.333,-0.667,-8.333,4.667,4.75,21.0,97.5,1,0.957,11.225,28,pro,saas,7999,7,0.54,False,2,5,0.058620226,Low
CUST10905,4,6,25,54,0,-0.333,-1.667,-0.333,-34.0,5.0,28.5,87.5,0,0.816,7.767,26,pro,saas,7999,2,0.57,True,2,5,0.82246464,High
CUST10906,6,3,19,67,0,0.333,-1.0,-0.333,-12.667,6.0,24.25,99.5,0,0.816,5.56,42,growth,logistics,2999,9,0.62,False,1,4,0.0012821606,Low
CUST10907,6,0,32,58,0,1.0,0.0,4.333,-29.333,3.75,27.25,81.0,1,1.5,9.287,29,starter,healthtech,999,1,0.61,True,3,3,0.9458054,High
CUST10908,4,0,21,49,0,-0.667,-1.333,1.333,-14.0,5.5,24.0,71.75,2,1.291,6.218,52,starter,healthtech,999,10,0.97,False,3,3,0.923815,High
CUST10909,6,8,23,142,0,1.333,0.333,2.0,19.333,3.5,20.75,115.75,1,1.732,2.872,38,pro,saas,7999,6,0.69,False,2,5,4.9081238e-05,Low
CUST10910,4,13,28,110,0,-0.667,-0.667,3.0,-17.333,5.75,24.75,104.5,0,1.258,5.679,21,enterprise,fintech,19999,10,0.5,False,0,2,0.002870001,Low
CUST10911,2,6,23,50,0,-1.0,-1.0,-5.333,-18.333,3.5,27.5,89.0,1,1.732,7.853,34,pro,saas,7999,4,0.96,True,2,5,0.97157526,High
CUST10912,3,5,24,127,0,0.333,0.333,-0.667,16.0,3.0,24.25,99.25,0,0.816,7.848,14,growth,ecommerce,2999,9,0.36,False,1,0,0.0031753953,Low
CUST10913,1,0,22,61,0,-1.0,0.0,-3.333,8.333,3.25,26.5,79.5,0,1.708,5.26,36,starter,ecommerce,999,9,0.72,True,3,0,0.9908483,High
CUST10914,6,2,17,67,0,0.0,0.0,-1.667,5.667,4.75,21.75,74.5,0,2.5,4.646,18,starter,saas,999,9,0.9,True,3,5,0.20932272,Low
CUST10915,2,0,31,39,0,-1.667,-0.333,-0.667,-23.0,3.5,32.0,76.5,2,2.646,5.774,38,starter,saas,999,10,0.41,True,3,5,0.9877642,High
CUST10916,3,0,22,45,0,-0.667,-0.333,1.333,-6.667,3.5,18.0,81.0,1,1.915,4.32,6,starter,fintech,999,6,0.84,True,3,2,0.99710566,High
CUST10917,5,0,34,109,0,-0.333,-0.667,-1.333,14.667,5.75,25.75,103.75,0,0.957,11.955,45,starter,healthtech,999,7,0.26,False,3,3,0.0008859201,Low
CUST10918,7,7,30,116,1,0.333,-1.0,-5.667,3.0,4.5,29.75,115.25,2,2.38,13.889,16,pro,ecommerce,7999,8,0.67,False,2,0,0.011199513,Low
CUST10919,4,6,21,39,0,1.0,2.0,0.667,-12.0,2.5,20.5,67.25,1,1.732,4.203,38,starter,logistics,999,5,0.77,True,3,4,0.97900426,High
CUST10920,7,2,22,115,0,1.0,-0.333,0.0,5.333,5.0,23.75,104.5,0,1.414,8.016,14,starter,ecommerce,999,6,0.17,False,3,0,0.004036122,Low
CUST10921,4,1,23,78,0,-0.333,0.333,6.333,2.333,5.25,17.75,78.5,0,1.893,10.404,10,starter,ecommerce,999,7,0.1,False,3,0,0.12481585,Low
CUST10922,7,3,32,111,0,1.0,1.0,1.0,2.667,6.0,24.0,112.5,1,1.414,8.832,4,starter,saas,999,9,0.78,False,3,5,0.0012966767,Low
CUST10923,1,0,28,61,0,-1.0,-0.667,1.333,-8.0,3.75,23.75,61.25,1,2.062,4.193,27,starter,logistics,999,3,0.24,True,3,4,0.99877733,High
CUST10924,7,10,30,71,0,0.333,1.667,1.667,-20.333,5.75,25.75,104.0,2,1.258,4.992,19,pro,fintech,7999,2,0.63,False,2,2,0.0019500757,Low
CUST10925,5,7,25,89,0,-0.333,1.667,1.333,-0.667,5.0,25.25,111.25,0,1.414,5.439,46,growth,healthtech,2999,5,0.41,False,1,3,0.0060754255,Low
CUST10926,6,1,14,106,0,0.667,0.333,-5.333,6.0,4.75,22.75,106.0,0,0.957,7.182,23,starter,ecommerce,999,3,0.69,False,3,0,0.01297921,Low
CUST10927,6,9,18,125,0,1.333,0.0,-7.667,7.333,4.5,25.5,109.0,0,1.915,11.733,51,pro,ecommerce,7999,9,0.29,False,2,0,0.0035944837,Low
CUST10928,4,3,33,83,0,0.333,-0.667,4.0,-3.667,5.25,25.75,95.75,0,2.63,5.5,5,starter,saas,999,1,0.37,False,3,5,0.011518356,Low
CUST10929,5,3,29,68,0,-0.333,-0.333,-2.333,-4.667,4.75,26.0,80.5,1,0.957,9.626,26,growth,healthtech,2999,1,0.19,True,1,3,0.9308813,High
CUST10930,4,3,35,74,1,-1.0,-0.333,4.0,-11.0,6.0,25.5,105.0,2,1.826,6.807,30,starter,fintech,999,5,0.86,False,3,2,0.019702451,Low
CUST10931,3,8,12,146,0,-1.0,-1.0,-5.0,23.0,4.75,20.75,101.0,1,1.5,7.089,29,pro,fintech,7999,8,0.53,False,2,2,0.0016754725,Low
CUST10932,5,6,24,42,0,0.667,1.0,5.667,-18.333,5.75,19.25,86.25,1,2.217,8.808,40,starter,fintech,999,1,0.91,False,3,2,0.009033631,Low
CUST10933,7,8,35,147,0,0.0,1.667,3.667,6.0,6.25,20.25,130.75,0,0.957,11.615,27,growth,healthtech,2999,9,0.23,False,1,3,0.00035439734,Low
CUST10934,6,3,36,93,0,0.0,-1.333,8.667,9.333,5.5,24.5,71.25,0,0.577,10.786,30,growth,fintech,2999,3,0.63,False,1,2,0.0070579485,Low
CUST10935,4,3,25,56,1,-0.667,-2.667,-0.667,-4.333,5.25,23.25,60.75,3,0.957,6.946,25,pro,fintech,7999,5,0.21,True,2,2,0.98157525,High
CUST10936,5,6,16,110,0,-0.333,1.333,-5.333,13.333,4.5,26.5,106.75,0,1.291,9.147,40,growth,fintech,2999,3,0.92,False,1,2,0.00047163968,Low
CUST10937,4,1,3,43,0,-0.667,0.333,-8.0,-11.333,3.75,16.5,72.25,0,2.062,10.755,9,starter,healthtech,999,3,0.92,True,3,3,0.9963832,High
CUST10938,4,4,28,80,0,0.333,1.333,0.333,-6.0,5.0,24.25,111.75,0,2.708,6.185,40,starter,ecommerce,999,3,0.58,False,3,0,0.0034389128,Low
CUST10939,4,4,31,58,0,-1.0,0.0,-1.667,-19.0,6.25,25.25,90.25,0,1.708,10.046,10,growth,healthtech,2999,3,0.95,False,1,3,0.06688364,Low
CUST10940,3,7,13,104,0,-0.667,-1.0,-2.0,0.0,4.5,25.25,94.75,0,1.291,12.176,18,pro,logistics,7999,4,0.71,True,2,4,0.07424099,Low
CUST10941,3,3,31,102,1,-1.0,-1.0,2.0,-4.667,4.5,25.25,78.75,1,1.291,9.465,38,growth,edtech,2999,4,0.15,False,1,1,0.21677464,Low
CUST10942,1,12,14,59,0,-1.333,-0.333,1.0,1.333,2.5,18.75,69.75,0,1.915,12.894,52,enterprise,fintech,19999,2,0.37,True,0,2,0.99715996,High
CUST10943,4,5,11,72,0,-0.667,0.0,-4.667,-6.0,4.25,16.25,76.0,0,1.258,6.702,28,growth,ecommerce,2999,9,0.14,True,1,0,0.95283914,High
CUST10944,3,2,18,80,1,-0.333,-0.333,1.0,-19.333,4.25,20.25,94.5,1,1.258,7.932,23,starter,saas,999,5,0.36,False,3,5,0.9734693,High
CUST10945,5,7,40,143,0,0.0,0.667,8.333,7.333,4.0,27.0,110.5,0,1.414,10.863,21,growth,fintech,2999,8,0.95,False,1,2,0.00026216308,Low
CUST10946,2,1,12,72,0,-0.667,0.333,-5.0,-4.667,2.5,19.5,78.5,2,1.291,6.455,31,starter,ecommerce,999,1,0.95,True,3,0,0.9986721,High
CUST10947,3,5,24,60,0,-0.667,1.0,-3.0,17.0,3.25,28.0,66.75,1,1.708,6.481,44,growth,healthtech,2999,3,0.96,True,1,3,0.9747618,High
CUST10948,4,1,35,65,0,-0.667,0.0,9.0,-16.333,5.0,28.25,84.5,1,0.816,18.786,51,starter,logistics,999,8,0.36,False,3,4,0.10188486,Low
CUST10949,3,4,22,63,1,-1.333,0.333,-1.0,-19.333,5.75,21.5,94.75,1,1.893,9.747,26,growth,logistics,2999,9,0.3,False,1,4,0.048173722,Low
CUST10950,4,3,26,15,0,0.667,-0.333,0.333,-22.0,3.0,28.5,85.0,0,0.816,5.066,4,growth,ecommerce,2999,1,0.48,False,1,0,0.8157046,High
CUST10951,8,13,36,131,0,1.333,0.0,4.333,8.667,5.5,26.25,113.25,0,1.732,9.811,38,enterprise,ecommerce,19999,1,0.59,False,0,0,0.0002892367,Low
CUST10952,3,0,25,68,0,-0.333,-0.667,-5.0,-5.667,5.0,30.75,86.0,0,1.826,6.5,16,starter,logistics,999,1,0.43,True,3,4,0.94233775,High
CUST10953,5,1,37,152,0,0.0,-0.667,6.667,15.333,5.25,22.25,115.5,0,0.5,10.046,45,starter,healthtech,999,1,0.74,False,3,3,9.323195e-05,Low
CUST10954,9,13,32,96,0,1.667,-0.667,2.333,-5.333,4.75,25.25,85.5,0,2.986,6.238,10,enterprise,edtech,19999,9,0.45,False,0,1,0.042664688,Low
CUST10955,3,5,27,76,0,-1.333,0.0,0.667,-11.0,4.5,16.75,108.25,1,1.732,10.905,37,growth,edtech,2999,1,0.52,True,1,1,0.89510983,High
CUST10956,7,6,26,87,0,1.0,-1.0,2.667,-8.0,5.5,16.5,86.5,0,1.732,8.226,19,pro,edtech,7999,6,0.75,False,2,1,0.021938767,Low
CUST10957,5,4,6,51,1,0.333,0.0,-11.0,-8.333,5.5,19.0,86.75,1,1.732,14.765,50,growth,ecommerce,2999,5,0.79,False,1,0,0.22358298,Low
CUST10958,5,11,24,109,1,-1.0,0.0,0.0,1.667,5.75,28.5,110.0,1,1.708,6.137,42,pro,logistics,7999,3,0.42,False,2,4,0.004094075,Low
CUST10959,5,8,29,111,0,1.0,0.0,2.0,-2.667,3.5,24.5,103.5,0,1.291,6.455,28,pro,logistics,7999,6,0.69,False,2,4,0.029928558,Low
CUST10960,4,10,27,72,0,-1.0,1.0,-1.0,-14.0,5.25,28.5,105.25,0,1.5,3.109,36,pro,logistics,7999,10,0.7,False,2,4,0.0006687925,Low
CUST10961,6,0,16,190,0,1.0,0.0,-4.667,45.667,5.5,28.5,114.0,2,1.732,8.888,42,starter,ecommerce,999,7,0.51,False,3,0,0.0032999464,Low
CUST10962,6,4,22,92,0,0.0,-1.333,-2.667,9.333,5.0,19.5,73.75,0,1.414,11.561,14,growth,logistics,2999,4,0.25,True,1,4,0.8430922,High
CUST10963,4,4,13,73,0,-0.333,-1.667,1.0,-19.0,3.75,15.25,92.5,1,1.258,5.56,49,growth,healthtech,2999,5,0.76,True,1,3,0.9933909,High
CUST10964,5,1,38,95,0,1.0,-0.333,6.0,-5.0,4.5,31.25,101.5,0,2.082,9.43,35,starter,logistics,999,8,0.46,False,3,4,0.0065435255,Low
CUST10965,4,3,25,173,0,-0.667,-0.333,-1.333,36.333,5.0,22.25,98.0,0,1.155,6.397,23,growth,ecommerce,2999,6,0.96,False,1,0,0.0022399216,Low
CUST10966,5,2,30,86,0,0.333,0.333,-1.667,0.667,3.75,25.25,78.75,1,1.893,8.77,9,starter,ecommerce,999,4,0.84,False,3,0,0.9746071,High
CUST10967,3,6,20,150,0,-0.667,2.0,-1.333,37.0,4.75,25.75,84.75,1,1.258,5.909,39,starter,ecommerce,999,2,0.82,False,3,0,0.0018525964,Low
CUST10968,3,15,10,56,1,-0.333,0.667,-6.333,-14.333,3.25,16.0,59.25,3,0.957,8.756,21,enterprise,healthtech,19999,2,0.32,True,0,3,0.9951775,High
CUST10969,7,15,25,70,0,0.667,-0.333,4.667,5.333,5.5,19.25,69.25,0,1.291,5.909,25,enterprise,healthtech,19999,10,0.72,False,0,3,0.0071803275,Low
CUST10970,4,10,21,55,0,-0.333,-0.667,-4.667,-30.667,4.0,23.0,94.25,0,1.414,8.165,33,pro,fintech,7999,6,0.37,True,2,2,0.9180694,High
CUST10971,6,4,18,97,0,-0.333,1.0,1.333,-1.667,5.5,21.25,94.0,0,1.732,6.898,7,growth,ecommerce,2999,6,0.91,False,1,0,0.09536162,Low
CUST10972,2,0,4,51,1,-1.667,-0.333,-4.333,-8.667,4.25,16.0,72.25,3,2.062,8.756,41,starter,healthtech,999,6,0.66,True,3,3,0.9997656,High
CUST10973,4,1,20,113,0,-1.0,0.333,-4.333,3.333,5.5,23.0,98.25,1,1.732,7.257,52,starter,fintech,999,9,0.73,False,3,2,0.12834057,Low
CUST10974,6,4,39,115,0,0.667,0.0,0.667,-26.667,5.5,31.75,114.0,1,1.291,7.274,18,growth,edtech,2999,3,0.3,False,1,1,0.0025945518,Low
CUST10975,5,1,25,60,1,0.333,-0.333,1.333,-12.333,5.0,27.5,89.0,1,0.816,5.686,33,starter,edtech,999,4,0.26,False,3,1,0.42307776,Medium
CUST10976,3,7,12,56,0,0.0,0.333,-2.333,-10.333,3.5,16.5,71.25,0,1.732,8.347,35,pro,logistics,7999,9,0.42,True,2,4,0.99906033,High
CUST10977,3,11,31,167,1,-0.667,-0.333,1.0,10.667,4.0,22.75,131.75,1,1.155,9.743,5,pro,fintech,7999,6,0.8,False,2,2,0.007915821,Low
CUST10978,5,5,26,109,0,-0.667,1.0,2.0,10.667,4.75,21.25,87.25,0,1.708,3.403,5,starter,logistics,999,3,0.62,False,3,4,0.13059893,Low
CUST10979,3,3,30,143,0,-1.0,0.0,6.667,25.667,4.25,16.0,112.0,0,1.5,9.933,4,starter,ecommerce,999,1,0.28,False,3,0,0.005054029,Low
CUST10980,4,7,29,103,0,0.0,0.333,1.333,26.667,4.5,24.25,94.0,1,0.577,5.737,48,growth,edtech,2999,3,0.76,False,1,1,0.0016073779,Low
CUST10981,4,2,20,63,1,-1.0,-0.333,-5.667,1.0,5.0,27.75,86.0,1,1.414,9.57,12,starter,healthtech,999,5,0.16,True,3,3,0.86006695,High
CUST10982,6,12,27,144,0,-0.667,1.333,-0.667,43.667,5.75,26.25,86.75,1,1.708,2.217,44,pro,fintech,7999,6,0.38,False,2,2,0.00013226477,Low
CUST10983,7,1,45,121,0,0.333,-1.0,8.333,24.0,5.5,30.75,95.75,0,1.291,11.5,8,growth,logistics,2999,2,0.41,False,1,4,0.00017156107,Low
CUST10984,5,17,29,50,0,1.333,0.0,0.0,-21.333,4.5,28.75,91.0,0,2.517,2.872,41,enterprise,logistics,19999,2,0.2,False,0,4,0.017037194,Low
CUST10985,5,5,30,96,0,0.333,-0.333,2.667,-8.0,4.25,23.5,112.0,0,1.708,6.557,21,growth,saas,2999,5,0.72,False,1,5,0.006122813,Low
CUST10986,3,17,9,94,0,-0.667,1.333,-5.0,13.667,4.25,17.25,78.25,1,0.957,7.411,46,enterprise,ecommerce,19999,6,0.59,False,0,0,0.075750045,Low
CUST10987,5,0,24,82,0,1.0,0.0,-0.333,-1.0,4.25,28.75,75.25,0,1.708,7.544,40,starter,ecommerce,999,7,0.8,True,3,0,0.8648793,High
CUST10988,7,5,23,95,0,0.333,-0.333,3.0,-30.667,6.5,27.25,113.25,2,0.577,10.782,26,growth,healthtech,2999,8,0.52,False,1,3,0.0064895116,Low
CUST10989,5,4,5,102,0,0.0,0.333,-5.333,5.0,4.75,11.5,96.25,0,0.5,8.851,35,growth,edtech,2999,7,0.19,True,1,1,0.9077889,High
CUST10990,6,5,30,111,1,1.0,0.0,2.667,1.667,5.5,25.25,114.5,1,2.646,3.594,36,growth,ecommerce,2999,1,0.21,False,1,0,0.0023447135,Low
CUST10991,4,3,18,156,0,-0.667,0.0,-6.333,22.667,3.75,24.0,125.75,0,2.062,8.756,23,starter,fintech,999,4,0.26,False,3,2,0.002693681,Low
CUST10992,4,8,16,65,1,-0.333,-1.0,-1.333,-1.667,3.5,18.25,76.75,2,1.291,1.708,14,pro,ecommerce,7999,7,0.43,True,2,0,0.99555236,High
CUST10993,1,0,30,85,0,-0.333,0.0,-0.667,-1.0,2.25,23.75,59.0,0,0.957,9.535,50,starter,fintech,999,5,0.88,True,3,2,0.99793315,High
CUST10994,2,9,1,12,1,-0.667,0.333,-3.667,-27.333,3.25,12.5,70.75,1,0.957,10.279,36,pro,healthtech,7999,3,0.42,True,2,3,0.99883825,High
CUST10995,6,3,12,124,0,1.333,-0.333,-9.333,18.667,5.0,24.5,99.25,0,2.0,12.897,49,growth,healthtech,2999,6,0.89,False,1,3,0.0055044508,Low
CUST10996,6,7,22,112,0,0.0,0.667,1.0,-1.0,5.5,25.5,116.25,0,0.577,6.245,29,pro,healthtech,7999,5,0.97,False,2,3,0.00013243628,Low
CUST10997,3,0,14,51,0,-0.667,-0.667,-1.333,-20.333,4.25,21.25,89.75,0,0.957,7.274,43,starter,ecommerce,999,9,0.52,True,3,0,0.97072697,High
CUST10998,4,7,17,140,0,-0.667,0.667,-9.0,14.667,4.75,24.75,108.0,1,0.957,14.08,20,growth,ecommerce,2999,1,0.29,False,1,0,0.0031825441,Low
CUST10999,6,4,27,109,0,0.0,-1.0,0.667,4.0,5.25,25.75,99.75,1,0.957,2.986,26,growth,healthtech,2999,6,0.72,False,1,3,0.0032196413,Low
CUST11000,5,17,14,116,1,0.0,1.0,-0.667,20.0,4.75,19.0,104.5,1,0.5,6.782,14,enterprise,edtech,19999,2,0.11,False,0,1,0.0048636612,Low
CUST11001,7,7,5,81,0,0.333,0.0,-4.333,-9.0,6.25,13.75,86.0,0,0.957,7.182,26,pro,healthtech,7999,8,0.48,False,2,3,0.10350849,Low
CUST11002,7,10,34,92,0,0.667,1.0,7.333,6.333,5.0,23.75,105.0,0,1.414,10.079,17,pro,edtech,7999,2,0.6,False,2,1,0.0007301738,Low
CUST11003,5,11,26,88,0,0.667,1.0,-2.667,10.667,3.25,28.5,87.0,0,1.258,3.697,43,pro,saas,7999,5,0.95,False,2,5,0.0061165486,Low
CUST11004,5,1,35,125,0,-0.667,0.333,6.333,8.667,5.75,21.0,116.5,0,0.957,10.033,50,starter,logistics,999,9,0.87,False,3,4,0.0009149204,Low
CUST11005,4,3,16,110,0,-0.667,0.0,-6.0,21.333,4.75,26.25,86.75,1,0.957,7.5,45,growth,healthtech,2999,10,0.58,True,1,3,0.20850705,Low
CUST11006,3,4,30,37,0,-1.333,0.333,0.0,-12.0,4.75,21.75,79.25,1,1.708,9.743,45,starter,logistics,999,4,0.6,True,3,4,0.86857116,High
CUST11007,5,13,16,140,0,0.0,-1.0,-6.667,14.333,4.0,27.75,104.75,1,1.155,11.442,43,enterprise,logistics,19999,4,0.73,False,0,4,0.0011950231,Low
CUST11008,6,0,27,99,0,1.0,0.0,-0.667,-7.667,4.25,21.25,114.5,0,2.062,8.098,20,starter,ecommerce,999,4,0.52,False,3,0,0.021303855,Low
CUST11009,5,5,30,94,0,-1.0,-0.333,1.0,20.0,5.5,32.5,71.75,0,2.646,8.426,19,growth,logistics,2999,5,0.74,False,1,4,0.012633827,Low
CUST11010,4,2,26,160,1,-0.333,-1.0,-1.667,19.0,4.5,27.75,100.75,2,0.577,3.948,16,growth,fintech,2999,1,0.65,False,1,2,0.0074108634,Low
CUST11011,3,12,25,83,0,0.333,0.333,-2.667,-4.667,2.5,21.5,100.0,0,2.082,10.116,25,enterprise,edtech,19999,10,0.71,True,0,1,0.9569564,High
CUST11012,3,3,21,52,0,0.333,-1.667,-1.0,-9.667,3.0,26.0,69.75,0,0.816,6.164,10,pro,saas,7999,7,0.27,True,2,5,0.9922551,High
CUST11013,4,3,26,127,0,-0.667,0.333,2.0,3.0,5.5,28.75,114.75,0,1.291,9.359,48,starter,logistics,999,9,0.38,False,3,4,0.0007045889,Low
CUST11014,4,9,27,68,0,0.333,0.333,-4.333,-14.667,3.25,28.75,81.75,1,0.5,8.016,28,pro,edtech,7999,1,0.28,True,2,1,0.84584224,High
CUST11015,7,4,41,117,0,1.333,-0.667,7.333,7.667,4.25,27.5,94.5,0,2.217,13.026,20,growth,ecommerce,2999,2,0.18,False,1,0,0.0033336938,Low
CUST11016,3,5,32,99,0,-1.0,0.333,5.333,24.333,4.25,25.5,58.25,0,1.5,6.807,52,growth,fintech,2999,3,0.83,True,1,2,0.215205,Low
CUST11017,2,10,15,102,0,-1.0,-0.667,-5.0,12.0,4.25,23.75,97.75,0,1.708,6.752,41,pro,edtech,7999,4,0.45,False,2,1,0.057538465,Low
CUST11018,3,9,34,120,0,0.0,0.0,3.333,0.0,3.25,29.75,122.5,1,0.5,4.193,40,pro,fintech,7999,4,0.9,False,2,2,0.0004330804,Low
CUST11019,5,4,23,94,0,0.0,0.333,-2.667,9.0,4.5,25.75,80.75,0,0.577,3.594,35,starter,logistics,999,7,0.41,False,3,4,0.055155583,Low
CUST11020,4,0,0,89,0,0.333,-0.333,-3.0,-1.0,3.75,19.25,86.75,0,0.957,17.896,45,starter,saas,999,9,0.36,True,3,5,0.97015655,High
CUST11021,5,0,27,139,0,0.333,-0.333,3.0,8.333,5.0,21.5,108.75,1,1.414,7.937,52,starter,edtech,999,9,0.4,False,3,1,0.014846316,Low
CUST11022,5,0,27,183,0,0.0,0.0,5.0,38.333,5.5,22.5,120.75,0,0.577,7.326,43,starter,logistics,999,9,0.86,False,3,4,0.00016245285,Low
CUST11023,1,0,14,91,0,-0.667,0.0,-3.667,3.667,3.0,22.75,83.0,1,1.414,6.076,12,starter,saas,999,5,0.98,True,3,5,0.9973226,High
CUST11024,4,10,19,54,0,-0.333,1.333,-0.333,-24.0,5.0,21.25,85.25,0,0.816,2.062,15,pro,logistics,7999,9,0.47,False,2,4,0.035216402,Low
CUST11025,6,4,14,121,1,0.0,0.333,-3.333,13.333,5.5,19.75,93.5,1,0.577,8.808,46,growth,logistics,2999,9,0.56,False,1,4,0.012644508,Low
CUST11026,6,16,35,67,1,-0.333,-0.667,5.0,0.667,6.0,26.5,73.0,1,0.816,6.245,47,enterprise,logistics,19999,2,0.41,False,0,4,0.015271738,Low
CUST11027,3,0,12,57,0,-0.667,0.0,-2.333,-11.0,3.25,18.0,77.75,0,1.258,5.477,52,starter,fintech,999,8,0.19,True,3,2,0.99610883,High
CUST11028,4,3,4,83,1,-0.333,0.667,-4.667,0.667,4.75,17.0,76.25,1,0.957,9.309,13,starter,healthtech,999,7,0.61,True,3,3,0.99716383,High
CUST11029,5,9,24,50,0,0.667,-1.0,-0.667,-23.667,4.75,27.0,96.75,0,1.708,6.218,15,pro,logistics,7999,9,0.7,False,2,4,0.014405195,Low
CUST11030,7,8,26,77,0,0.667,1.333,-2.333,-16.0,5.5,20.5,116.75,1,1.291,13.772,23,pro,edtech,7999,9,0.9,False,2,1,0.0014162678,Low
CUST11031,5,4,29,68,0,-0.667,-0.333,2.333,-9.333,5.5,27.75,76.25,1,1.291,7.588,19,starter,saas,999,6,0.38,False,3,5,0.19600525,Low
CUST11032,6,8,27,75,0,-0.333,1.0,-5.667,-2.0,5.0,32.75,82.0,1,1.826,10.046,16,growth,edtech,2999,7,0.93,False,1,1,0.017511904,Low
CUST11033,4,3,11,95,0,-0.667,-1.0,-5.0,-7.667,4.75,18.0,80.0,0,0.957,8.124,11,growth,fintech,2999,4,0.77,False,1,2,0.22806105,Low
CUST11034,4,11,31,114,0,0.333,0.667,4.0,-9.667,4.25,25.5,110.0,0,0.957,7.55,48,pro,logistics,7999,5,0.11,False,2,4,0.0015159834,Low
CUST11035,6,6,13,78,0,0.667,-0.667,-4.667,-14.0,4.0,21.5,103.0,0,1.633,6.191,18,growth,ecommerce,2999,4,0.26,True,1,0,0.3803052,Medium
CUST11036,4,1,23,120,0,-0.333,-1.0,0.333,22.667,4.25,19.0,101.0,0,0.957,6.683,45,starter,ecommerce,999,10,0.72,False,3,0,0.0072170957,Low
CUST11037,5,5,23,101,1,0.0,1.667,-2.333,-9.667,4.75,34.0,95.5,1,0.5,10.165,28,growth,healthtech,2999,7,0.31,False,1,3,0.043488186,Low
CUST11038,3,11,27,113,0,-0.667,0.0,2.667,-2.333,4.0,26.75,112.25,2,1.155,6.551,47,pro,ecommerce,7999,7,0.75,False,2,0,0.0040248763,Low
CUST11039,5,0,25,111,0,-0.667,-0.667,-1.667,5.333,6.0,25.0,94.25,0,1.826,13.928,21,starter,logistics,999,4,0.53,False,3,4,0.010055591,Low
CUST11040,4,0,21,135,0,0.333,-0.333,-4.0,14.0,4.75,28.0,95.5,0,1.5,7.616,48,starter,healthtech,999,9,0.76,False,3,3,0.010432344,Low
CUST11041,4,0,29,68,0,-0.667,0.0,5.667,-10.333,5.0,19.75,80.25,2,0.816,7.182,46,starter,healthtech,999,1,0.66,True,3,3,0.96347004,High
CUST11042,7,13,29,38,0,1.333,-0.333,4.333,-17.0,4.75,23.5,57.5,0,2.63,5.568,14,enterprise,fintech,19999,3,0.16,False,0,2,0.03884829,Low
CUST11043,5,8,28,141,0,-0.333,-0.667,-2.667,-6.333,4.75,30.75,149.5,1,1.258,3.775,30,pro,logistics,7999,3,0.4,False,2,4,0.0025211927,Low
CUST11044,3,13,22,104,0,0.0,0.0,-3.0,7.0,3.25,20.5,94.25,0,2.062,8.103,43,enterprise,healthtech,19999,8,0.56,False,0,3,0.064100765,Low
CUST11045,5,4,24,127,0,-0.333,1.0,3.0,7.0,5.25,23.5,94.75,0,0.957,6.952,52,starter,logistics,999,7,0.62,False,3,4,0.0039420445,Low
CUST11046,3,4,21,77,0,-0.333,-0.333,-1.667,-1.333,4.5,21.25,77.75,0,1.291,3.403,10,growth,healthtech,2999,7,0.8,True,1,3,0.9632925,High
CUST11047,6,11,20,128,0,-0.333,1.667,-2.333,17.667,6.0,18.25,95.75,0,0.816,7.136,15,pro,ecommerce,7999,8,0.22,False,2,0,0.00027550047,Low
CUST11048,4,0,27,145,0,0.0,-0.667,-0.333,2.667,3.75,23.75,131.5,0,1.258,6.551,35,starter,edtech,999,1,0.62,False,3,1,0.005622278,Low
CUST11049,4,6,15,69,0,0.667,-0.333,-0.333,-11.667,4.75,16.25,92.0,0,2.217,3.403,52,pro,saas,7999,5,0.37,True,2,5,0.7552638,High
CUST11050,5,5,17,95,0,-0.667,-0.667,-1.667,6.667,5.25,22.75,83.5,0,1.258,4.272,27,growth,logistics,2999,2,0.4,False,1,4,0.26321787,Low
CUST11051,2,4,13,51,0,-0.333,-1.333,0.667,10.667,3.5,17.0,59.0,1,1.291,5.831,49,pro,logistics,7999,2,0.98,True,2,4,0.99952674,High
CUST11052,10,10,29,87,0,1.333,0.333,3.667,-28.667,5.75,23.5,105.5,0,3.096,8.266,42,pro,healthtech,7999,9,0.25,True,2,3,0.5904898,Medium
CUST11053,4,0,20,51,1,0.333,-1.0,-0.333,-22.333,3.0,16.75,85.75,2,0.816,4.992,10,starter,edtech,999,3,0.18,True,3,1,0.9992755,High
CUST11054,2,0,22,68,0,-0.333,0.0,-3.333,-12.333,3.0,27.75,74.75,1,0.816,8.098,22,starter,logistics,999,9,0.19,True,3,4,0.98847044,High
CUST11055,2,4,30,78,0,-1.333,0.0,10.0,-7.333,4.0,17.0,101.25,0,1.826,13.115,9,starter,healthtech,999,5,0.99,False,3,3,0.8575091,High
CUST11056,5,5,32,44,0,-0.333,-1.0,7.667,-10.0,5.25,22.25,62.75,0,0.5,12.093,22,pro,edtech,7999,3,0.8,False,2,1,0.090664186,Low
CUST11057,3,1,0,75,0,0.0,-0.333,-6.333,-15.667,3.0,12.5,105.25,0,0.816,8.963,10,starter,fintech,999,3,0.36,True,3,2,0.98914135,High
CUST11058,4,5,31,81,0,0.667,1.667,10.333,11.667,3.25,17.75,86.25,1,1.5,12.92,24,growth,edtech,2999,2,0.14,True,1,1,0.95217514,High
CUST11059,5,8,29,86,0,0.333,0.0,7.0,9.333,5.5,25.0,96.75,0,1.732,11.576,34,pro,healthtech,7999,1,0.42,False,2,3,0.0051525296,Low
CUST11060,4,5,18,105,0,0.333,0.333,3.667,5.667,4.25,11.5,71.5,0,0.957,4.796,19,growth,saas,2999,5,0.82,False,1,5,0.63384074,High
CUST11061,2,1,11,73,0,-0.667,-0.333,-0.667,-7.333,3.5,16.25,61.0,1,1.0,5.737,32,starter,edtech,999,8,0.29,True,3,1,0.9998616,High
CUST11062,3,13,32,156,0,-1.333,0.333,-0.667,21.667,5.25,29.0,89.5,0,1.708,6.218,40,enterprise,saas,19999,10,0.71,False,0,5,0.00096474204,Low
CUST11063,3,0,28,63,0,-1.0,-0.667,1.667,-25.333,4.5,23.75,109.25,0,1.291,2.986,7,starter,edtech,999,6,0.25,False,3,1,0.035825264,Low
CUST11064,6,5,40,60,0,0.333,1.667,8.0,-21.333,4.25,19.0,81.5,0,1.5,14.491,23,starter,saas,999,7,0.43,True,3,5,0.8170547,High
CUST11065,4,11,22,134,0,-0.333,1.0,1.0,17.333,4.5,29.0,94.0,2,2.887,11.225,12,pro,healthtech,7999,10,0.93,False,2,3,0.0016852571,Low
CUST11066,3,6,6,46,1,-0.333,-0.333,-3.667,-8.333,4.5,18.0,67.5,3,1.291,9.487,28,pro,saas,7999,1,0.6,True,2,5,0.98976314,High
CUST11067,4,0,10,62,0,0.0,-0.333,-8.333,-3.667,3.25,21.25,76.5,1,0.957,10.436,17,starter,fintech,999,9,0.23,True,3,2,0.9972249,High
CUST11068,4,1,30,94,0,0.0,-2.0,-0.667,-4.0,4.25,30.0,105.5,0,1.258,8.287,30,growth,healthtech,2999,4,0.43,False,1,3,0.008687509,Low
CUST11069,3,11,23,39,0,-0.667,1.667,1.667,-13.333,4.75,19.5,62.25,1,1.258,5.802,16,pro,logistics,7999,9,0.65,True,2,4,0.77840364,High
CUST11070,2,0,8,77,1,-0.333,0.0,-5.0,10.667,3.25,17.5,74.0,1,1.258,7.506,42,starter,healthtech,999,10,0.91,True,3,3,0.9970505,High
CUST11071,7,4,32,106,0,1.333,0.0,1.667,-15.0,5.0,28.25,120.5,0,1.633,2.986,6,starter,saas,999,4,0.89,False,3,5,0.0012937005,Low
CUST11072,4,3,28,123,0,-0.333,-0.667,1.0,15.667,4.5,30.25,108.25,0,0.577,4.573,20,growth,edtech,2999,9,0.49,False,1,1,0.0001222571,Low
CUST11073,5,1,23,96,0,0.333,-1.0,-0.667,-22.667,4.75,23.75,112.5,0,0.957,1.5,11,starter,logistics,999,8,0.78,False,3,4,0.0026077405,Low
CUST11074,4,13,5,52,0,-0.667,-0.333,-4.333,-6.333,4.25,17.0,52.75,0,2.363,9.055,14,enterprise,edtech,19999,4,0.25,True,0,1,0.9772131,High
CUST11075,6,3,40,122,0,0.0,1.0,-0.667,-3.333,5.25,31.25,100.0,0,0.957,11.295,4,starter,healthtech,999,5,0.94,False,3,3,0.003181192,Low
CUST11076,3,0,25,61,1,-0.333,-0.667,2.0,-20.333,4.75,23.0,89.0,1,2.217,2.828,48,starter,healthtech,999,3,0.62,True,3,3,0.91550565,High
CUST11077,5,11,23,68,0,0.333,-0.333,-0.333,-13.333,4.25,24.75,116.0,1,0.957,6.702,28,pro,saas,7999,5,0.94,False,2,5,0.0010539442,Low
CUST11078,4,8,33,85,0,-0.667,1.667,4.333,-7.333,5.0,26.0,95.5,0,1.155,12.987,17,growth,fintech,2999,2,0.42,False,1,2,0.016810171,Low
CUST11079,4,2,24,79,0,-0.333,-0.333,-3.667,-7.0,5.25,26.25,74.25,1,1.258,5.909,29,starter,ecommerce,999,10,0.13,False,3,0,0.15404277,Low
CUST11080,7,3,30,89,1,0.667,-0.333,1.0,-0.667,5.5,21.75,98.25,2,1.291,7.932,20,growth,healthtech,2999,2,0.64,False,1,3,0.103677094,Low
CUST11081,4,4,26,68,0,-0.333,0.333,2.333,-1.667,4.25,20.5,73.75,1,0.957,5.802,4,growth,saas,2999,2,0.36,True,1,5,0.9967694,High
CUST11082,4,4,11,76,1,-1.0,0.333,-5.333,6.333,5.25,25.25,88.75,1,1.5,10.404,34,growth,healthtech,2999,1,0.56,True,1,3,0.96441126,High
CUST11083,1,5,5,93,0,-0.333,0.333,-4.667,16.0,2.5,18.5,75.0,0,1.291,9.469,5,growth,edtech,2999,7,0.37,True,1,1,0.99558485,High
CUST11084,5,5,27,28,0,0.0,0.333,3.0,-30.0,4.25,27.5,99.25,0,1.5,9.183,14,starter,logistics,999,1,0.17,False,3,4,0.04799631,Low
CUST11085,3,3,17,72,0,-0.667,-1.333,-2.667,-19.667,4.5,24.5,94.5,0,1.291,6.137,49,growth,fintech,2999,7,0.63,False,1,2,0.1635428,Low
CUST11086,4,7,23,155,0,0.667,0.333,-1.0,28.333,3.5,27.0,103.5,0,1.0,5.477,40,growth,saas,2999,6,0.49,False,1,5,0.00018216137,Low
CUST11087,4,4,20,56,0,0.333,0.333,-3.333,-17.333,3.0,24.0,76.25,2,2.16,4.899,15,growth,healthtech,2999,7,0.93,True,1,3,0.98155266,High
CUST11088,7,3,24,119,0,1.0,-1.0,1.333,-21.333,5.75,25.75,115.75,0,1.258,5.439,34,growth,fintech,2999,6,0.43,False,1,2,0.0003748151,Low
CUST11089,4,15,30,115,0,-0.333,-0.667,1.667,-2.0,4.25,26.5,101.75,0,0.5,3.697,13,enterprise,ecommerce,19999,2,0.46,False,0,0,0.032998323,Low
CUST11090,4,8,19,36,0,-0.667,-1.667,-4.667,-22.333,4.25,23.25,87.5,1,1.258,7.5,7,pro,healthtech,7999,1,0.79,True,2,3,0.93456733,High
CUST11091,2,8,23,29,0,-0.333,-1.0,1.667,-14.333,2.5,17.0,56.75,0,0.577,10.424,7,pro,edtech,7999,10,0.7,True,2,1,0.98484427,High
CUST11092,6,11,19,194,0,1.0,1.333,0.0,24.667,5.75,19.25,124.25,0,1.893,2.872,27,pro,edtech,7999,3,0.34,False,2,1,4.7820537e-05,Low
CUST11093,4,0,28,92,0,-0.667,0.0,2.0,0.333,5.25,21.75,107.0,0,0.957,4.5,21,starter,ecommerce,999,2,0.79,False,3,0,0.01587438,Low
CUST11094,3,4,16,118,0,-0.333,-1.0,-5.667,3.333,5.0,18.5,127.5,0,1.826,10.472,8,growth,ecommerce,2999,10,0.3,False,1,0,0.007992345,Low
CUST11095,7,4,24,124,1,0.333,0.667,-0.667,8.333,6.0,24.75,106.5,1,0.816,10.243,10,growth,fintech,2999,3,0.98,False,1,2,0.0018553399,Low
CUST11096,4,0,20,42,0,0.0,-1.667,-4.333,-27.333,3.25,23.75,84.5,0,0.957,9.605,22,growth,healthtech,2999,7,0.87,True,1,3,0.997519,High
CUST11097,2,3,22,112,1,-1.0,0.0,-0.333,12.0,4.5,21.75,105.0,1,2.082,5.795,42,growth,logistics,2999,7,0.98,False,1,4,0.17254828,Low
CUST11098,4,9,17,122,0,-0.333,0.0,1.0,17.333,4.25,18.0,99.0,0,0.957,4.243,50,pro,edtech,7999,1,0.24,False,2,1,0.0042465143,Low
CUST11099,2,0,10,46,0,-0.333,-0.667,-4.667,-28.333,3.5,22.0,72.75,0,1.291,10.954,6,growth,healthtech,2999,10,0.3,True,1,3,0.99819726,High
CUST11100,5,9,17,83,0,0.0,-1.0,-6.333,-12.0,5.5,23.5,111.25,2,1.732,9.609,23,pro,ecommerce,7999,9,0.19,True,2,0,0.81013393,High
CUST11101,5,11,15,102,0,-0.333,0.333,-2.667,6.0,5.75,21.5,110.5,2,0.5,4.655,50,pro,fintech,7999,4,0.47,True,2,2,0.0016700537,Low
CUST11102,3,1,7,47,0,0.0,-0.667,-6.333,-17.0,3.25,17.75,73.0,0,0.5,8.539,45,starter,saas,999,4,0.5,True,3,5,0.9921108,High
CUST11103,6,3,13,117,0,0.333,-1.0,-3.333,4.0,5.5,24.75,93.5,0,0.577,9.251,8,growth,saas,2999,5,0.86,False,1,5,0.0067506297,Low
CUST11104,7,12,25,145,0,0.667,-0.667,1.667,18.0,5.25,24.75,129.25,0,1.258,3.686,52,enterprise,saas,19999,4,0.28,False,0,5,0.00013285823,Low
CUST11105,3,2,37,60,0,-1.333,0.0,4.333,1.667,5.5,25.75,76.5,0,1.732,7.805,33,starter,edtech,999,4,0.13,False,3,1,0.031175472,Low
CUST11106,5,4,34,70,0,-0.333,1.0,1.0,-7.667,4.75,28.75,100.0,0,0.957,4.787,4,starter,logistics,999,4,0.4,False,3,4,0.022503892,Low
CUST11107,3,5,26,80,0,-1.0,-0.333,2.333,-19.667,3.75,26.5,101.75,0,1.708,5.568,23,growth,healthtech,2999,6,0.67,True,1,3,0.88461393,High
CUST11108,2,4,29,81,0,-1.0,-0.333,-1.667,-13.667,3.5,31.0,104.5,0,1.291,2.944,41,growth,ecommerce,2999,3,0.21,True,1,0,0.9646948,High
CUST11109,5,19,34,123,0,-0.333,2.667,3.0,6.0,5.0,26.75,102.25,0,0.816,7.5,48,enterprise,fintech,19999,5,0.74,False,0,2,0.0009593972,Low
CUST11110,6,7,34,105,0,1.333,1.0,1.667,7.667,4.5,27.25,85.75,0,1.915,6.702,28,growth,edtech,2999,10,0.63,False,1,1,0.0027026231,Low
CUST11111,3,6,16,116,0,-0.667,0.667,-2.0,22.667,4.0,19.5,90.25,0,1.155,3.512,10,growth,ecommerce,2999,10,0.84,False,1,0,0.0062104445,Low
CUST11112,6,1,28,78,0,0.333,-0.667,0.0,-17.333,4.25,24.0,112.75,1,1.5,6.733,42,growth,ecommerce,2999,10,0.9,False,1,0,0.012517595,Low
CUST11113,8,16,26,93,0,0.667,1.667,-0.333,9.333,5.5,22.25,101.75,1,1.915,6.397,4,enterprise,edtech,19999,7,0.47,False,0,1,0.0021406494,Low
CUST11114,8,5,30,69,0,0.333,1.333,2.333,-16.667,6.25,21.75,84.0,0,1.708,10.905,5,starter,saas,999,10,0.26,False,3,5,0.035917573,Low
CUST11115,4,3,16,72,0,-0.667,0.667,-3.667,-12.333,4.25,22.5,84.75,0,1.708,7.681,7,starter,logistics,999,9,0.24,False,3,4,0.24755093,Low
CUST11116,1,0,4,68,0,-0.667,-0.333,-1.667,5.333,2.5,12.75,70.0,1,1.0,8.539,19,starter,saas,999,9,0.63,True,3,5,0.99875045,High
CUST11117,8,1,26,72,0,1.333,0.0,0.0,-19.333,4.25,18.0,103.75,0,2.63,9.238,36,starter,saas,999,10,0.27,False,3,5,0.05608438,Low
CUST11118,6,5,20,107,0,0.333,1.0,-1.333,-10.333,5.0,22.25,110.0,1,0.816,7.932,42,growth,saas,2999,2,0.22,False,1,5,0.006477772,Low
CUST11119,3,10,30,31,0,0.0,-1.0,2.0,-19.0,3.5,30.0,80.25,0,1.732,5.354,31,pro,fintech,7999,6,0.64,False,2,2,0.101916425,Low
CUST11120,4,0,20,48,0,-0.667,0.0,-2.0,-24.667,5.25,17.0,83.0,0,1.5,7.528,23,starter,edtech,999,6,0.9,True,3,1,0.9479477,High
CUST11121,5,14,24,76,0,-0.333,-1.0,3.333,-16.333,5.5,23.25,97.25,0,0.577,6.5,10,enterprise,logistics,19999,8,0.71,False,0,4,0.015382355,Low
CUST11122,5,2,24,96,0,-1.0,-1.667,-1.667,-4.667,5.25,21.75,85.25,1,2.5,6.076,44,growth,ecommerce,2999,7,0.99,True,1,0,0.83362937,High
CUST11123,3,3,16,82,1,-1.0,0.0,-0.667,-1.667,5.0,20.5,96.25,1,1.826,4.203,24,starter,logistics,999,4,0.15,True,3,4,0.9511753,High
CUST11124,2,0,25,82,1,0.0,-0.667,-1.0,-1.667,2.75,25.75,71.0,1,0.957,1.708,41,starter,edtech,999,4,0.34,True,3,1,0.99842167,High
CUST11125,6,5,40,82,0,0.667,-0.333,2.333,7.333,5.75,39.0,88.25,0,1.258,4.546,50,growth,ecommerce,2999,4,0.26,False,1,0,0.002729257,Low
CUST11126,3,6,31,122,1,-0.667,0.0,-1.333,11.0,4.0,30.75,102.5,1,1.155,5.439,21,growth,edtech,2999,10,0.97,False,1,1,0.00972679,Low
CUST11127,5,3,11,73,1,0.667,-0.667,0.667,-0.333,3.75,15.5,64.25,2,0.957,6.608,10,growth,ecommerce,2999,8,0.92,True,1,0,0.9988218,High
CUST11128,5,3,19,71,0,-0.667,-0.333,2.0,-13.667,6.0,26.0,88.25,1,2.582,11.916,17,growth,logistics,2999,7,0.75,False,1,4,0.083591,Low
CUST11129,0,0,0,64,1,-1.333,0.0,-5.667,-9.0,3.0,12.75,77.0,1,2.16,8.846,10,starter,ecommerce,999,7,0.97,True,3,0,0.9993573,High
CUST11130,6,0,0,85,0,0.333,0.0,-6.0,6.0,5.75,11.75,57.75,1,0.5,8.016,19,starter,logistics,999,6,0.93,True,3,4,0.9766782,High
CUST11131,4,3,13,126,0,-0.333,-1.0,-6.333,6.667,5.0,22.25,103.0,0,0.816,8.77,17,starter,saas,999,9,0.3,False,3,5,0.019807119,Low
CUST11132,2,0,25,83,0,-2.0,-1.333,-0.333,3.333,5.0,22.75,91.0,1,2.449,6.551,28,starter,edtech,999,2,0.24,True,3,1,0.98308796,High
CUST11133,3,0,19,108,0,-0.333,-1.333,-0.667,6.333,5.25,22.75,86.5,0,2.062,4.349,18,starter,saas,999,6,0.3,False,3,5,0.10848435,Low
CUST11134,6,4,32,102,0,0.0,-0.667,-0.333,5.667,4.75,28.0,80.25,1,1.5,6.88,42,growth,fintech,2999,10,0.75,False,1,2,0.037316196,Low
CUST11135,5,9,27,108,0,0.0,-0.333,2.333,3.0,4.5,22.0,123.75,0,0.577,6.272,27,pro,edtech,7999,9,0.46,False,2,1,0.00054827484,Low
CUST11136,2,3,13,75,0,-1.333,1.0,4.333,-1.667,4.75,16.25,79.5,0,2.217,12.685,39,starter,saas,999,10,0.66,True,3,5,0.92240524,High
CUST11137,4,2,15,79,0,0.0,0.333,-0.667,-1.0,3.5,18.5,88.75,0,0.577,3.416,4,starter,ecommerce,999,3,0.52,True,3,0,0.9793067,High
CUST11138,4,7,34,78,0,0.0,0.333,0.667,3.667,4.0,22.5,71.25,0,0.816,12.261,25,growth,edtech,2999,7,0.57,True,1,1,0.95935994,High
CUST11139,1,12,10,70,0,-2.0,1.0,-3.333,-18.667,4.0,17.75,78.75,1,2.582,5.909,20,pro,logistics,7999,7,0.15,True,2,4,0.95462143,High
CUST11140,5,7,18,115,0,0.667,-0.333,-3.333,1.667,4.5,31.75,120.5,1,1.291,10.966,46,pro,edtech,7999,10,0.85,False,2,1,0.0052364515,Low
CUST11141,7,2,23,97,0,1.0,-0.667,-0.333,-7.0,5.0,24.0,100.5,0,1.414,7.789,28,starter,saas,999,3,0.89,False,3,5,0.008570052,Low
CUST11142,3,11,26,130,0,-0.667,0.667,1.333,12.333,4.5,31.75,121.0,0,1.0,9.106,52,pro,logistics,7999,1,0.35,False,2,4,0.00017323729,Low
CUST11143,5,6,31,115,0,0.333,0.333,6.0,-11.333,4.25,24.5,102.75,1,0.957,10.247,41,growth,fintech,2999,10,0.69,True,1,2,0.7176489,High
CUST11144,7,3,27,89,0,0.333,1.0,2.667,-1.0,6.25,25.0,88.25,1,0.957,5.164,8,starter,saas,999,3,0.66,False,3,5,0.17430587,Low
CUST11145,5,2,26,152,0,0.0,-2.0,-0.333,25.333,6.5,26.25,108.5,0,1.915,7.365,29,growth,logistics,2999,3,0.98,False,1,4,0.000120826255,Low
CUST11146,6,4,21,129,1,0.0,-2.0,-2.0,22.333,5.0,18.5,107.25,2,1.414,7.55,42,growth,logistics,2999,5,0.15,False,1,4,0.0025074007,Low
CUST11147,7,1,18,141,0,1.333,0.333,1.667,-2.333,5.0,17.25,129.25,1,1.633,2.986,47,starter,ecommerce,999,1,0.49,False,3,0,0.0032930248,Low
CUST11148,1,0,13,83,1,-1.333,-0.333,-3.0,5.667,3.25,17.0,67.0,1,2.63,3.742,39,starter,logistics,999,1,0.89,True,3,4,0.9997861,High
CUST11149,5,15,14,90,0,-0.667,1.667,-3.667,-5.333,5.75,26.25,104.25,0,1.5,10.243,22,enterprise,edtech,19999,2,0.16,False,0,1,0.012705404,Low
CUST11150,8,9,40,84,0,1.333,0.0,1.333,-16.0,5.5,28.0,96.5,0,1.732,12.987,13,pro,ecommerce,7999,3,0.7,False,2,0,0.009748736,Low
CUST11151,6,11,17,119,0,0.333,-0.333,0.333,10.667,5.75,22.75,95.0,0,0.957,7.411,10,pro,fintech,7999,9,0.44,False,2,2,0.00094997126,Low
CUST11152,3,4,27,119,1,-1.0,-0.667,0.0,14.333,4.75,25.0,77.75,2,1.5,7.703,18,growth,saas,2999,9,0.68,True,1,5,0.8268043,High
CUST11153,5,1,20,94,0,-0.333,-0.667,0.0,12.333,4.75,24.75,78.75,0,0.957,9.5,5,starter,saas,999,8,0.79,False,3,5,0.030022847,Low
CUST11154,4,6,25,148,0,-1.0,0.667,4.667,11.667,5.5,30.5,105.5,1,1.732,15.716,34,growth,edtech,2999,3,0.81,False,1,1,0.0012330731,Low
CUST11155,1,6,23,54,0,-2.0,0.0,2.0,-18.333,4.5,17.25,88.25,0,2.517,4.031,18,growth,fintech,2999,4,0.64,False,1,2,0.19250907,Low
CUST11156,4,9,30,97,0,-0.667,-1.0,-0.333,-11.333,5.25,28.75,106.5,1,1.5,2.63,29,pro,healthtech,7999,4,0.79,False,2,3,0.0059167203,Low
CUST11157,5,9,29,67,0,0.0,1.0,-3.333,-14.667,5.75,32.0,106.5,1,0.957,4.69,37,pro,ecommerce,7999,1,0.95,False,2,0,0.0025146143,Low
CUST11158,4,2,26,141,0,-0.333,0.667,-3.333,15.333,5.5,28.75,125.25,1,1.732,7.805,6,starter,logistics,999,2,0.39,False,3,4,0.00092898746,Low
CUST11159,5,0,28,90,0,-0.667,-0.333,-0.333,2.333,4.5,35.5,82.0,0,1.915,8.583,16,starter,healthtech,999,9,0.11,False,3,3,0.08527712,Low
CUST11160,5,17,29,128,0,0.333,0.333,1.0,13.333,4.0,29.75,107.25,0,0.816,3.775,7,enterprise,edtech,19999,1,0.54,False,0,1,0.00030398316,Low
CUST11161,4,0,29,95,0,0.0,-2.0,4.333,11.667,4.0,24.75,74.75,0,0.816,7.182,19,growth,saas,2999,4,0.18,False,1,5,0.39517596,Medium
CUST11162,4,2,30,9,0,0.0,-0.333,-0.333,-47.333,5.5,27.0,92.75,0,1.915,6.683,10,starter,ecommerce,999,7,0.68,False,3,0,0.020677304,Low
CUST11163,5,4,23,115,0,-0.667,0.333,-3.667,-2.0,5.5,28.5,109.5,1,1.0,4.655,38,growth,ecommerce,2999,3,0.86,False,1,0,0.005750568,Low
CUST11164,1,1,15,35,0,-0.667,0.333,-4.667,-20.333,2.75,27.0,69.25,0,1.258,8.124,24,starter,healthtech,999,5,0.17,True,3,3,0.99665266,High
CUST11165,5,4,14,46,0,0.0,-1.667,-5.0,-12.667,3.0,20.25,62.75,1,2.309,8.5,19,pro,logistics,7999,1,0.6,True,2,4,0.99926263,High
CUST11166,2,12,33,73,0,0.0,-0.667,6.333,5.333,4.75,23.25,89.75,0,3.202,10.145,34,enterprise,fintech,19999,6,0.41,False,0,2,0.065670766,Low
CUST11167,7,1,22,55,0,1.0,-0.333,-3.333,-12.667,5.5,30.0,98.5,0,1.291,9.764,27,starter,healthtech,999,2,0.42,False,3,3,0.0028279151,Low
CUST11168,7,0,32,116,0,1.333,-0.333,3.333,5.667,5.0,24.25,115.5,0,1.633,6.344,25,starter,fintech,999,7,0.15,False,3,2,0.0010550186,Low
CUST11169,2,11,22,84,0,-1.0,-1.0,0.333,-9.0,3.75,20.25,96.5,0,1.5,1.708,15,enterprise,edtech,19999,5,0.98,True,0,1,0.96797246,High
CUST11170,3,5,25,95,0,-1.333,0.333,-2.0,-3.0,5.0,24.0,86.5,0,1.826,5.774,33,growth,healthtech,2999,7,0.91,True,1,3,0.74636894,High
CUST11171,3,17,20,72,0,-0.333,1.667,-2.0,-13.667,3.75,25.5,103.5,1,0.957,4.509,52,enterprise,healthtech,19999,1,0.43,False,0,3,0.020418266,Low
CUST11172,5,3,22,75,1,-0.333,-0.667,-1.0,-9.667,4.75,21.75,80.25,1,0.957,4.031,4,growth,healthtech,2999,5,0.41,True,1,3,0.9860561,High
CUST11173,1,5,15,93,0,-1.0,0.0,-1.667,-4.0,3.5,17.25,99.75,0,2.082,2.217,49,growth,edtech,2999,8,0.89,True,1,1,0.9380666,High
CUST11174,2,11,18,59,1,-0.667,1.333,-3.333,-8.333,2.25,19.0,72.0,2,1.258,8.981,30,pro,logistics,7999,5,0.35,True,2,4,0.9900448,High
CUST11175,6,0,13,73,0,0.0,-0.667,-8.667,-13.0,5.75,30.25,91.5,0,0.5,11.871,35,starter,healthtech,999,10,0.79,False,3,3,0.026774513,Low
CUST11176,6,0,23,102,0,0.333,0.0,2.333,19.333,5.5,22.25,99.5,0,1.291,5.909,13,starter,edtech,999,5,0.39,False,3,1,0.0073916772,Low
CUST11177,6,6,15,157,0,0.667,-0.333,-8.0,10.333,4.5,27.5,129.25,0,1.0,9.849,6,growth,saas,2999,2,0.59,False,1,5,0.00081552216,Low
CUST11178,6,2,19,69,0,-1.0,-0.333,0.333,-26.667,5.0,17.5,112.75,1,3.742,3.109,29,starter,fintech,999,9,0.82,False,3,2,0.0058176727,Low
CUST11179,5,1,21,127,0,0.667,-1.333,0.667,0.0,4.25,27.0,115.25,0,0.957,8.756,31,growth,saas,2999,2,0.13,False,1,5,0.00263241,Low
CUST11180,5,15,28,112,0,0.333,-0.333,4.0,-4.0,4.75,21.75,107.75,0,0.5,7.228,33,enterprise,fintech,19999,1,0.95,False,0,2,0.00081459875,Low
CUST11181,7,6,20,93,0,-0.333,0.333,-2.667,-4.0,6.0,26.0,95.0,0,1.826,5.164,4,growth,logistics,2999,5,0.55,False,1,4,0.011300176,Low
CUST11182,5,8,26,94,0,0.333,0.667,2.667,12.0,4.25,22.25,80.0,0,0.957,7.676,40,pro,edtech,7999,1,0.91,False,2,1,0.01272587,Low
CUST11183,3,3,22,124,0,-1.333,0.333,0.667,22.333,6.25,25.5,105.75,0,2.217,6.191,10,starter,ecommerce,999,1,0.68,False,3,0,0.0029505794,Low
CUST11184,7,7,25,131,1,0.667,-0.333,4.333,14.667,6.25,25.75,99.0,2,1.5,10.046,21,growth,healthtech,2999,7,0.3,False,1,3,0.00024901802,Low
CUST11185,5,2,27,79,0,-0.667,-0.667,5.667,4.333,5.0,17.0,81.25,0,1.414,12.463,14,starter,logistics,999,10,0.61,False,3,4,0.049832895,Low
CUST11186,2,6,16,42,0,-0.333,1.0,-5.333,-3.333,3.75,24.75,71.25,0,1.5,6.602,44,starter,edtech,999,6,0.2,True,3,1,0.9925764,High
CUST11187,5,1,19,42,0,1.0,-0.333,-2.333,3.333,4.5,22.0,64.5,1,1.732,6.055,9,starter,ecommerce,999,3,0.17,True,3,0,0.9415328,High
CUST11188,4,5,37,105,0,-1.0,-0.333,1.333,-10.333,4.25,30.0,94.0,0,2.062,6.481,14,growth,logistics,2999,2,0.12,False,1,4,0.041975275,Low
CUST11189,4,14,21,136,0,-0.333,-0.667,1.667,-8.667,4.75,24.25,122.0,1,0.957,8.5,33,enterprise,saas,19999,2,0.91,False,0,5,0.0011200801,Low
CUST11190,6,0,39,99,0,0.0,-0.333,4.0,4.667,4.25,28.75,82.0,1,2.062,7.848,29,starter,logistics,999,9,0.63,False,3,4,0.03968248,Low
CUST11191,7,1,15,154,0,0.667,-0.333,-3.0,22.333,5.25,19.5,110.75,0,1.258,3.873,33,starter,fintech,999,3,0.16,False,3,2,0.00066144776,Low
CUST11192,0,0,12,96,1,-0.667,-0.333,-7.667,13.333,1.5,20.25,67.25,1,1.915,10.112,5,starter,healthtech,999,9,0.9,True,3,3,0.9970981,High
CUST11193,6,0,25,49,0,1.333,-0.333,1.0,0.333,3.0,19.75,62.75,0,2.0,5.123,5,starter,edtech,999,1,0.34,True,3,1,0.9926756,High
CUST11194,4,1,23,64,1,0.333,-0.333,1.0,-7.0,3.25,19.5,76.5,3,0.957,8.963,17,growth,logistics,2999,8,0.52,True,1,4,0.9987608,High
CUST11195,4,3,39,50,0,-0.667,-0.333,3.0,-20.667,5.0,26.75,78.0,0,0.816,10.5,48,starter,logistics,999,10,0.72,False,3,4,0.015586134,Low
CUST11196,7,10,33,154,0,1.333,-0.333,2.333,22.0,4.25,27.75,133.25,0,2.217,8.139,9,pro,saas,7999,3,0.39,False,2,5,0.00011575664,Low
CUST11197,8,5,23,114,0,0.667,-0.333,-2.0,10.667,6.25,24.0,101.75,2,2.363,4.163,27,growth,ecommerce,2999,9,0.53,False,1,0,0.0017581224,Low
CUST11198,3,2,21,101,0,-1.0,0.0,1.0,-4.667,4.75,23.25,118.75,0,1.5,5.56,47,starter,healthtech,999,9,0.79,False,3,3,0.02671051,Low
CUST11199,4,0,26,106,0,-0.667,0.0,-1.667,13.667,4.5,30.25,87.0,0,1.0,4.992,43,starter,healthtech,999,6,0.13,False,3,3,0.03552803,Low
CUST11200,5,3,33,66,1,0.0,0.333,5.0,-19.333,5.25,24.0,102.5,1,1.258,11.343,10,starter,ecommerce,999,10,0.91,False,3,0,0.020017684,Low
CUST11201,6,17,31,83,0,0.0,0.667,-0.333,9.333,4.75,29.75,78.75,0,1.893,3.862,29,enterprise,healthtech,19999,10,0.1,False,0,3,0.002649355,Low
CUST11202,5,5,24,99,0,-0.333,0.333,1.667,-11.0,4.5,26.5,97.25,0,1.291,10.536,13,starter,fintech,999,10,0.4,False,3,2,0.17107098,Low
CUST11203,4,0,23,108,0,0.333,-2.333,-5.667,9.0,4.5,29.25,86.75,1,1.291,12.945,13,starter,saas,999,5,0.99,False,3,5,0.09265651,Low
CUST11204,6,3,32,113,0,-0.333,-0.333,2.0,7.667,6.5,27.75,84.25,0,1.291,2.872,40,growth,logistics,2999,9,0.23,False,1,4,0.004383991,Low
CUST11205,5,2,32,105,0,0.333,-1.0,5.333,19.333,5.0,23.25,79.75,0,1.414,13.549,29,growth,ecommerce,2999,8,0.1,False,1,0,0.0098370435,Low
CUST11206,3,15,24,88,0,-1.0,0.0,-4.333,0.333,5.0,25.5,99.25,0,1.414,8.347,10,enterprise,healthtech,19999,1,0.76,True,0,3,0.9317207,High
CUST11207,3,9,25,71,0,-0.667,0.667,3.333,-14.667,4.0,22.0,115.5,0,1.826,4.967,51,pro,saas,7999,1,0.68,False,2,5,0.0026016084,Low
CUST11208,3,0,15,105,0,-0.667,-0.667,1.667,-3.0,3.5,18.5,98.0,1,1.291,7.234,16,starter,edtech,999,7,0.46,True,3,1,0.9962453,High
CUST11209,4,1,11,105,1,0.0,-0.667,2.667,-13.333,4.0,13.25,116.0,3,0.816,10.012,20,starter,saas,999,10,0.75,True,3,5,0.92628187,High
CUST11210,5,3,24,125,0,-0.667,-1.0,-2.333,6.667,5.25,24.25,101.75,1,1.258,4.992,40,growth,healthtech,2999,5,0.64,False,1,3,0.029036585,Low
CUST11211,1,2,15,105,0,-1.0,0.333,-6.0,-5.0,3.0,25.0,101.25,0,1.414,9.899,11,starter,ecommerce,999,4,0.18,True,3,0,0.9925,High
CUST11212,3,0,17,107,0,-0.667,-1.333,-5.0,-7.333,4.0,23.25,109.5,0,1.155,6.752,8,starter,edtech,999,3,0.66,False,3,1,0.066700585,Low
CUST11213,8,12,27,101,0,1.0,1.667,-1.333,1.0,4.5,24.75,94.75,0,2.646,6.85,4,pro,healthtech,7999,7,0.76,False,2,3,0.010836098,Low
CUST11214,3,10,27,83,1,-0.667,0.333,1.667,-7.667,4.25,24.5,87.25,1,0.957,2.887,42,pro,saas,7999,1,0.26,False,2,5,0.14862923,Low
CUST11215,6,10,18,149,0,0.0,-0.333,-3.333,25.0,6.25,20.0,125.75,0,0.5,5.416,17,pro,logistics,7999,10,0.97,False,2,4,2.7802193e-05,Low
CUST11216,4,9,6,63,0,-0.333,0.333,-7.667,-17.333,4.5,20.0,83.25,0,0.577,11.576,20,pro,ecommerce,7999,5,0.95,True,2,0,0.9014627,High
CUST11217,7,5,17,43,0,1.0,-1.0,-5.667,-12.333,6.0,26.75,83.5,0,1.414,7.274,13,growth,fintech,2999,4,0.26,False,1,2,0.005478168,Low
CUST11218,7,3,22,115,0,1.0,-0.333,-0.333,9.667,5.25,27.5,99.0,0,2.062,7.326,23,growth,logistics,2999,8,0.58,False,1,4,0.00032289146,Low
CUST11219,5,6,29,75,0,0.333,0.0,-5.0,-9.667,4.75,32.25,84.0,0,0.957,7.89,29,pro,ecommerce,7999,3,0.13,False,2,0,0.011721864,Low
CUST11220,7,4,21,76,0,1.333,-0.667,-1.667,7.667,4.75,29.75,99.5,0,2.062,7.544,35,growth,saas,2999,9,0.69,False,1,5,0.00079753745,Low
CUST11221,6,3,23,134,0,0.0,0.333,-0.333,8.333,5.25,24.5,138.5,1,0.957,3.873,12,starter,fintech,999,8,0.78,False,3,2,0.0008695832,Low
CUST11222,1,2,13,61,0,-0.667,0.333,-2.0,-7.667,2.25,19.75,65.5,0,0.957,7.89,6,starter,healthtech,999,4,0.15,True,3,3,0.9980983,High
CUST11223,2,4,40,80,0,-0.667,-2.0,7.0,-6.0,3.25,26.0,84.25,0,0.957,10.165,6,growth,fintech,2999,10,0.77,False,1,2,0.07872124,Low
CUST11224,2,6,21,33,0,-1.333,-1.667,-2.333,-28.333,2.75,28.0,77.25,0,2.217,5.099,21,pro,healthtech,7999,2,0.12,True,2,3,0.975398,High
CUST11225,4,4,32,99,1,0.333,1.333,1.667,-15.667,4.0,23.25,103.75,1,1.414,11.701,51,starter,edtech,999,4,0.21,True,3,1,0.8889277,High
CUST11226,4,8,27,134,0,-0.667,0.667,0.333,9.0,5.5,29.5,113.25,1,1.291,5.066,13,growth,logistics,2999,7,0.19,False,1,4,0.00081572623,Low
CUST11227,4,8,35,82,0,1.0,-0.333,4.667,-21.333,4.25,31.0,104.25,0,2.363,6.683,9,growth,edtech,2999,10,0.29,False,1,1,0.011536896,Low
CUST11228,5,6,32,114,0,-0.333,0.333,3.333,30.0,5.0,28.25,84.0,0,0.816,8.18,48,growth,ecommerce,2999,5,0.67,False,1,0,0.0011997814,Low
CUST11229,2,5,36,20,0,-0.333,0.667,6.0,-30.0,3.5,30.5,76.5,1,1.291,10.149,25,starter,fintech,999,1,0.99,True,3,2,0.5013376,Medium
CUST11230,6,1,19,66,0,0.0,0.333,-0.667,-8.333,5.75,24.75,90.25,0,0.5,5.56,20,starter,ecommerce,999,10,0.22,False,3,0,0.028815884,Low
CUST11231,4,3,22,79,0,-1.0,0.0,0.667,1.0,4.0,23.75,87.0,0,2.16,6.238,47,starter,ecommerce,999,1,0.89,True,3,0,0.9875995,High
CUST11232,3,1,11,66,0,-0.333,-0.333,-4.667,-11.667,3.5,15.0,66.25,0,1.291,7.118,38,starter,edtech,999,4,0.45,True,3,1,0.99983394,High
CUST11233,5,6,35,90,0,0.667,0.333,2.667,19.0,3.25,25.0,65.0,0,1.708,8.679,27,growth,healthtech,2999,1,0.37,True,1,3,0.91360015,High
CUST11234,4,7,32,81,0,-0.333,0.0,5.667,-0.333,4.75,25.5,91.25,0,1.708,7.853,12,growth,saas,2999,8,0.66,False,1,5,0.1010719,Low
CUST11235,5,2,15,95,0,0.333,0.333,-2.667,-19.333,5.0,21.75,114.25,0,1.414,6.994,20,starter,ecommerce,999,7,0.67,False,3,0,0.029549735,Low
CUST11236,4,0,16,111,0,-0.333,-1.333,-2.333,10.667,4.5,20.75,91.0,1,1.291,4.031,47,starter,edtech,999,1,0.36,True,3,1,0.98607856,High
CUST11237,3,4,27,106,1,-0.333,-0.667,2.333,12.0,4.25,24.0,103.25,1,1.893,2.944,9,growth,healthtech,2999,8,0.5,False,1,3,0.023731388,Low
CUST11238,3,12,44,91,0,-0.333,0.333,7.667,0.333,5.0,25.25,88.75,0,1.826,12.685,37,pro,ecommerce,7999,10,0.83,False,2,0,0.04986376,Low
CUST11239,5,5,23,115,0,-0.333,-0.333,4.333,-4.0,5.0,18.5,116.25,0,1.414,13.178,4,growth,ecommerce,2999,6,0.32,False,1,0,0.0050356477,Low
CUST11240,6,16,26,81,0,0.0,0.0,8.667,-5.0,5.5,22.0,72.0,0,1.0,15.21,4,enterprise,fintech,19999,4,0.76,True,0,2,0.9264318,High
CUST11241,4,10,24,109,1,-0.333,1.333,0.0,4.667,4.75,22.75,85.5,1,1.708,1.893,40,growth,logistics,2999,1,0.82,False,1,4,0.023781246,Low
CUST11242,5,3,30,164,0,-0.667,1.0,3.333,11.0,5.75,27.25,119.25,0,0.957,6.076,45,starter,edtech,999,4,0.99,False,3,1,0.0002736288,Low
CUST11243,2,7,20,51,0,-0.667,0.667,0.0,-6.0,3.75,22.25,54.25,1,1.708,2.63,16,pro,ecommerce,7999,2,0.4,True,2,0,0.99360037,High
CUST11244,6,2,21,151,0,1.0,-0.667,4.0,24.333,5.25,24.75,104.25,0,2.217,13.376,37,starter,saas,999,10,0.68,False,3,5,0.0002694676,Low
CUST11245,5,6,11,92,0,0.667,1.333,-1.667,6.333,5.0,19.0,82.75,0,1.633,6.976,42,starter,logistics,999,5,0.56,False,3,4,0.040368672,Low
CUST11246,5,0,29,83,0,-0.667,-0.667,5.667,3.333,6.0,24.5,85.0,0,1.155,9.883,45,starter,saas,999,4,0.17,False,3,5,0.025531596,Low
CUST11247,5,6,12,34,0,0.0,-0.667,-4.667,-25.0,4.5,24.5,88.0,1,0.577,8.699,15,pro,logistics,7999,5,0.6,True,2,4,0.9219193,High
CUST11248,5,12,10,74,0,0.0,-1.333,-9.333,2.333,4.75,23.5,71.25,1,0.5,11.446,15,enterprise,ecommerce,19999,8,0.37,True,0,0,0.97545177,High
CUST11249,5,0,14,60,0,0.0,-1.333,-4.0,-10.0,4.25,22.25,72.75,1,0.957,5.909,48,starter,logistics,999,5,0.18,True,3,4,0.9972064,High
CUST11250,6,8,13,61,1,0.667,0.0,-2.333,-10.333,4.5,17.25,87.25,2,1.291,3.862,41,pro,edtech,7999,7,0.76,True,2,1,0.34677935,Medium
CUST11251,4,2,21,130,0,-0.667,-1.0,-4.667,23.0,4.5,24.5,89.75,0,1.915,9.037,9,growth,logistics,2999,2,0.35,False,1,4,0.012222764,Low
CUST11252,2,0,4,89,0,-0.667,-1.0,-3.667,-0.333,4.5,13.75,90.5,0,2.082,11.177,36,starter,healthtech,999,6,0.3,True,3,3,0.99319,High
CUST11253,6,0,15,79,0,0.0,-1.333,-5.0,-5.667,5.75,26.5,88.25,1,0.5,7.937,47,starter,ecommerce,999,5,0.18,True,3,0,0.8945664,High
CUST11254,7,13,31,128,0,0.667,1.667,3.667,10.333,5.25,25.5,104.25,0,1.708,11.15,52,pro,saas,7999,3,0.97,False,2,5,0.00054377096,Low
CUST11255,6,0,27,78,0,1.0,0.0,-3.333,-30.667,5.25,22.0,114.75,0,1.708,15.188,50,starter,ecommerce,999,5,0.81,False,3,0,0.021064425,Low
CUST11256,6,4,18,119,0,0.667,-0.333,-5.0,25.667,5.0,23.75,94.5,0,0.816,8.098,32,growth,logistics,2999,3,0.97,False,1,4,0.003142216,Low
CUST11257,4,16,22,77,0,-0.667,0.667,0.0,12.0,4.75,23.75,77.25,0,0.957,2.363,28,enterprise,logistics,19999,8,0.86,False,0,4,0.010780905,Low
CUST11258,1,4,17,75,0,-0.333,-0.667,-4.0,-2.333,2.25,14.5,72.75,0,1.258,12.014,21,growth,fintech,2999,2,0.25,True,1,2,0.9995166,High
CUST11259,4,2,33,82,0,-0.333,0.0,6.333,6.0,4.0,18.25,94.25,0,0.816,9.878,26,starter,healthtech,999,9,0.86,False,3,3,0.03914465,Low
CUST11260,6,1,25,90,0,0.0,0.0,-1.667,-1.0,6.25,29.25,94.25,0,0.5,6.397,26,starter,edtech,999,1,0.37,False,3,1,0.0040913364,Low
CUST11261,5,14,36,82,0,-0.333,1.667,8.333,-0.333,5.25,26.0,98.75,1,0.957,10.801,30,pro,edtech,7999,8,0.38,False,2,1,0.0074409945,Low
CUST11262,3,2,11,80,0,-1.0,-0.667,-9.0,-14.667,3.75,20.75,87.0,1,1.708,11.871,10,growth,edtech,2999,4,0.91,False,1,1,0.41349563,Medium
CUST11263,4,6,20,106,0,0.333,-1.333,-0.667,5.0,3.5,22.5,99.0,0,0.577,1.915,28,growth,logistics,2999,1,0.35,False,1,4,0.010155446,Low
CUST11264,5,3,33,138,1,0.0,1.0,5.667,-3.0,4.25,24.5,111.75,2,0.957,7.047,38,starter,fintech,999,4,0.33,False,3,2,0.026101261,Low
CUST11265,0,1,3,76,0,-1.333,0.0,-6.667,-19.333,3.25,20.0,84.0,0,2.217,12.193,21,starter,healthtech,999,5,0.57,True,3,3,0.9988589,High
CUST11266,4,0,35,52,1,0.667,-1.667,8.333,-18.333,4.25,20.75,82.75,2,2.062,10.905,41,starter,edtech,999,3,0.76,True,3,1,0.9910885,High
CUST11267,6,1,31,57,0,1.0,-0.667,4.0,-32.0,4.75,19.25,82.5,0,2.062,10.275,49,starter,logistics,999,3,0.7,True,3,4,0.31295872,Medium
CUST11268,5,0,24,95,0,-0.333,-1.333,-1.667,-8.667,5.5,27.25,99.25,0,1.291,6.131,32,starter,saas,999,5,0.67,False,3,5,0.038309306,Low
CUST11269,6,7,37,161,0,-0.333,1.0,5.333,30.0,5.0,24.75,131.5,1,1.826,8.18,18,growth,fintech,2999,6,0.93,False,1,2,6.193498e-05,Low
CUST11270,6,2,18,77,0,-1.333,0.333,-6.0,-11.0,5.25,28.5,75.75,0,3.775,7.55,27,starter,fintech,999,1,0.53,False,3,2,0.028570442,Low
CUST11271,6,12,26,102,1,0.667,-0.333,0.333,-16.333,4.25,23.25,102.25,1,1.708,3.594,23,enterprise,fintech,19999,9,0.34,True,0,2,0.80719805,High
CUST11272,0,4,16,67,1,-1.667,0.333,-4.333,1.333,2.25,20.5,69.25,2,2.217,6.856,14,growth,ecommerce,2999,2,0.24,True,1,0,0.99986744,High
CUST11273,6,1,31,130,0,0.0,-0.667,-0.333,12.333,5.5,25.75,96.5,0,0.577,11.177,12,starter,edtech,999,7,0.54,False,3,1,0.00020778878,Low
CUST11274,5,5,23,78,0,0.667,0.0,0.667,-24.333,5.0,24.75,102.5,0,1.414,8.421,17,growth,healthtech,2999,5,0.17,False,1,3,0.54779994,Medium
CUST11275,6,1,19,93,0,0.0,-0.667,0.667,-3.333,5.0,21.0,116.0,1,2.0,5.416,45,starter,edtech,999,10,0.17,False,3,1,0.04257056,Low
CUST11276,4,0,32,88,0,0.333,-0.667,4.667,4.667,3.0,22.75,63.75,1,0.816,14.127,31,starter,ecommerce,999,10,0.8,True,3,0,0.9779614,High
CUST11277,5,14,25,114,0,0.0,-0.667,-2.667,8.333,4.75,28.75,97.5,1,1.258,6.238,31,enterprise,edtech,19999,8,0.2,False,0,1,0.001873373,Low
CUST11278,5,5,7,99,0,0.333,1.333,-5.333,-7.667,4.75,19.5,110.75,0,1.708,8.505,29,starter,healthtech,999,4,0.64,False,3,3,0.009621527,Low
CUST11279,3,3,14,86,0,0.333,0.667,-4.667,4.667,3.75,20.0,68.25,0,1.708,10.033,4,starter,logistics,999,10,0.53,True,3,4,0.99580365,High
CUST11280,6,18,18,67,0,-0.333,0.667,-3.667,-8.0,5.25,25.0,94.25,0,1.708,7.165,44,enterprise,ecommerce,19999,1,0.13,False,0,0,0.0063334247,Low
CUST11281,2,2,18,87,0,-0.333,0.0,-3.333,-4.0,3.75,27.25,89.25,1,1.5,8.302,17,starter,ecommerce,999,10,0.27,True,3,0,0.9663154,High
CUST11282,5,0,6,162,0,0.333,-1.0,-6.333,20.667,4.75,27.0,131.0,0,0.957,15.384,52,starter,fintech,999,7,0.65,False,3,2,0.0011843826,Low
CUST11283,5,2,29,84,0,0.0,-0.667,-1.667,13.0,4.5,27.25,87.0,0,1.0,6.238,38,growth,saas,2999,4,0.66,False,1,5,0.018955624,Low
CUST11284,5,2,29,104,0,-0.667,0.333,3.667,-8.333,5.5,24.75,90.25,1,1.915,5.315,17,starter,saas,999,5,0.52,False,3,5,0.031234398,Low
CUST11285,6,19,12,98,0,0.667,1.667,-4.667,-1.667,5.0,20.25,102.5,1,1.155,6.238,39,enterprise,logistics,19999,8,0.24,False,0,4,0.008127103,Low
CUST11286,4,2,9,46,1,-1.0,-0.333,-7.0,-20.667,4.5,15.5,74.25,4,1.732,9.95,14,starter,ecommerce,999,6,0.56,True,3,0,0.99738616,High
CUST11287,6,9,17,38,0,0.333,-0.333,-2.0,-10.0,3.5,23.25,71.5,0,2.38,5.795,17,pro,logistics,7999,1,0.93,True,2,4,0.96461093,High
CUST11288,8,2,25,28,0,1.0,0.0,1.0,-17.0,5.5,21.25,79.75,2,2.082,2.986,35,starter,healthtech,999,2,0.77,False,3,3,0.01526874,Low
CUST11289,6,13,24,65,0,0.667,0.667,2.667,-1.333,5.5,27.25,87.0,0,1.291,11.354,48,enterprise,logistics,19999,10,0.8,False,0,4,0.010147487,Low
CUST11290,3,7,19,79,0,-0.667,1.667,-1.333,17.333,4.5,26.25,81.75,0,1.291,9.979,37,growth,fintech,2999,9,0.89,False,1,2,0.012770202,Low
CUST11291,5,4,29,127,0,-0.333,1.333,7.333,10.333,5.0,15.5,111.5,1,1.414,13.026,16,starter,edtech,999,1,0.6,False,3,1,0.018047022,Low
CUST11292,6,11,20,142,0,0.0,-0.667,-3.667,16.667,5.25,26.25,107.5,0,1.5,4.646,26,pro,ecommerce,7999,7,0.41,False,2,0,4.4101376e-05,Low
CUST11293,4,8,31,122,1,-1.333,-0.667,-4.333,19.0,5.0,34.25,113.5,1,2.16,8.139,38,pro,healthtech,7999,6,0.26,False,2,3,0.0070095113,Low
CUST11294,4,9,29,156,0,0.0,-0.333,-1.0,19.0,2.75,27.25,137.0,0,1.893,4.646,29,pro,logistics,7999,8,0.85,False,2,4,0.000100201214,Low
CUST11295,4,8,22,69,0,0.0,0.667,4.0,-8.667,3.5,13.0,69.25,1,1.0,6.481,41,pro,logistics,7999,7,0.77,True,2,4,0.98910683,High
CUST11296,4,3,20,83,0,0.0,-0.333,-1.667,0.0,4.0,20.0,93.75,1,0.816,10.033,35,growth,healthtech,2999,3,0.45,False,1,3,0.9759235,High
CUST11297,2,4,4,70,0,0.0,-0.333,-3.0,-9.667,2.0,18.25,94.75,1,0.816,12.285,8,growth,saas,2999,9,0.53,True,1,5,0.9947206,High
CUST11298,4,10,34,90,0,-0.333,0.0,5.667,-9.667,4.0,28.0,109.75,0,2.16,8.756,36,pro,healthtech,7999,6,0.85,False,2,3,0.028324086,Low
CUST11299,5,15,38,101,0,-1.0,0.0,9.0,3.667,6.25,25.5,87.5,0,1.258,11.091,9,enterprise,healthtech,19999,7,0.77,True,0,3,0.7747324,High
CUST11300,6,9,18,64,0,-0.333,1.0,-2.333,0.0,6.25,21.25,64.5,0,0.957,8.655,48,growth,ecommerce,2999,3,0.6,False,1,0,0.03778127,Low
CUST11301,4,8,10,115,0,-1.0,0.0,-9.667,14.0,5.25,21.75,106.75,0,1.5,12.285,34,pro,saas,7999,8,0.32,False,2,5,0.0016679642,Low
CUST11302,6,4,29,109,0,-0.333,-0.333,2.333,15.667,6.25,19.75,105.5,0,0.957,10.308,50,growth,healthtech,2999,9,0.86,False,1,3,0.00074926467,Low
CUST11303,6,7,21,102,1,0.333,-0.667,-4.667,0.0,5.75,27.75,92.0,2,0.5,7.805,29,growth,healthtech,2999,10,0.84,False,1,3,0.005995,Low
CUST11304,5,8,29,163,1,0.0,0.333,4.667,14.0,5.75,22.25,134.25,2,0.957,5.852,46,growth,healthtech,2999,9,0.47,False,1,3,0.0001497547,Low
CUST11305,3,5,18,66,0,-1.0,0.333,-1.0,-0.667,4.5,22.5,68.5,1,1.291,3.873,51,growth,edtech,2999,7,0.31,True,1,1,0.9555329,High
CUST11306,6,7,15,106,0,-0.333,-2.0,-1.333,0.333,7.5,25.25,100.5,1,1.291,10.34,17,pro,saas,7999,2,0.99,False,2,5,0.008147389,Low
CUST11307,3,4,19,42,0,-1.333,0.667,3.0,-21.333,4.0,18.5,80.75,1,2.16,7.937,42,starter,ecommerce,999,8,0.53,True,3,0,0.9767412,High
CUST11308,4,5,19,123,1,-0.333,0.0,0.333,0.0,4.5,20.75,114.75,1,0.577,3.594,48,growth,fintech,2999,9,0.67,False,1,2,0.0059023947,Low
CUST11309,7,10,23,97,0,1.0,-0.333,-3.0,-11.333,5.25,23.5,111.5,0,1.5,7.416,18,pro,fintech,7999,7,0.99,False,2,2,0.0006450739,Low
CUST11310,4,1,34,65,0,1.0,0.0,4.0,7.667,3.75,28.0,63.5,1,2.062,8.832,15,starter,edtech,999,8,0.79,False,3,1,0.12502006,Low
CUST11311,3,9,34,91,0,-1.0,-0.333,1.333,0.333,3.0,26.5,85.75,1,2.16,7.326,32,pro,ecommerce,7999,10,0.32,True,2,0,0.9615375,High
CUST11312,4,0,4,85,1,1.0,-0.333,-1.667,-14.0,3.0,12.75,96.5,3,1.414,7.89,8,starter,edtech,999,4,0.58,True,3,1,0.9984756,High
CUST11313,5,1,26,42,0,0.0,0.0,3.333,-24.0,5.25,23.25,81.0,0,0.5,4.856,44,starter,fintech,999,7,0.93,False,3,2,0.04342616,Low
CUST11314,6,3,36,35,0,0.333,-0.333,4.667,-12.0,4.25,32.0,74.0,0,1.708,6.683,18,growth,edtech,2999,9,0.18,False,1,1,0.024799053,Low
CUST11315,3,4,16,124,0,0.667,1.333,-4.0,-11.667,3.5,20.75,117.0,0,2.082,6.801,31,starter,logistics,999,10,0.21,False,3,4,0.03646488,Low
CUST11316,3,0,21,111,0,-0.667,0.0,4.0,9.333,3.5,17.25,89.75,2,1.291,5.56,46,starter,fintech,999,10,0.45,True,3,2,0.98426765,High
CUST11317,2,13,31,30,0,-0.333,-0.667,-0.667,-4.333,3.5,23.5,49.0,1,1.291,10.661,15,enterprise,logistics,19999,5,0.58,True,0,4,0.99574846,High
CUST11318,5,4,22,22,0,-0.333,0.0,-2.667,-41.667,5.75,25.75,96.5,0,0.957,4.924,6,starter,edtech,999,10,0.46,False,3,1,0.0064717503,Low
CUST11319,1,8,35,68,0,-1.0,0.0,4.0,-26.667,2.75,29.75,100.0,0,1.258,5.737,31,pro,ecommerce,7999,1,0.48,True,2,0,0.89072734,High
CUST11320,6,2,24,98,0,0.0,0.667,2.0,-5.0,5.0,28.25,102.0,2,1.414,8.808,26,starter,fintech,999,5,0.95,False,3,2,0.018815314,Low
CUST11321,6,6,21,55,0,0.667,-0.333,-3.333,-24.333,5.0,25.5,93.0,0,1.155,6.403,26,growth,ecommerce,2999,10,0.87,False,1,0,0.011262967,Low
CUST11322,4,5,27,69,1,-1.0,1.667,3.333,-10.333,5.0,24.25,84.75,2,1.414,4.992,24,starter,saas,999,5,0.8,False,3,5,0.11717546,Low
CUST11323,3,5,20,127,0,-1.0,0.0,-2.0,7.667,5.75,20.25,124.75,0,1.893,4.924,6,growth,logistics,2999,10,0.15,False,1,4,0.001984299,Low
CUST11324,3,0,31,112,0,-1.0,-1.667,2.0,24.0,5.0,29.0,63.75,0,1.414,7.832,4,starter,edtech,999,2,0.46,False,3,1,0.038664322,Low
CUST11325,4,14,14,90,0,-0.333,0.0,-6.333,1.333,5.25,26.0,77.25,0,0.957,9.832,9,enterprise,logistics,19999,6,0.6,False,0,4,0.20496362,Low
CUST11326,5,14,22,185,0,0.333,-1.333,-3.333,22.333,5.75,27.5,140.25,0,1.708,9.883,13,enterprise,saas,19999,4,0.89,False,0,5,7.2339004e-05,Low
CUST11327,3,6,29,60,1,-0.333,-1.0,3.667,-16.333,3.5,24.0,85.75,2,0.577,10.424,12,growth,saas,2999,1,0.99,True,1,5,0.91172296,High
CUST11328,3,0,15,72,0,-0.333,0.0,2.333,8.0,3.75,13.5,78.75,0,0.957,12.396,25,starter,saas,999,9,0.84,True,3,5,0.9852688,High
CUST11329,4,2,16,48,0,-1.333,-0.333,2.333,-11.0,5.0,17.0,74.25,1,2.0,9.764,16,growth,ecommerce,2999,6,0.4,True,1,0,0.9711798,High
CUST11330,6,9,35,90,0,0.0,1.0,3.667,-8.667,4.5,31.25,109.0,0,1.732,7.544,42,pro,edtech,7999,7,0.49,False,2,1,0.00046209674,Low
CUST11331,2,5,19,67,1,0.0,-1.333,-5.333,-14.667,2.75,19.75,96.5,2,0.957,10.689,23,pro,saas,7999,7,0.93,True,2,5,0.9954673,High
CUST11332,4,6,22,46,0,-0.333,0.0,1.0,-12.333,5.0,25.0,84.0,0,1.414,6.055,17,starter,healthtech,999,9,0.91,False,3,3,0.043193944,Low
CUST11333,1,6,18,46,0,-1.0,0.667,-3.333,-8.667,4.0,16.75,79.25,0,2.16,9.43,37,growth,ecommerce,2999,3,0.73,True,1,0,0.98945343,High
CUST11334,3,5,39,96,0,-1.0,-0.333,9.667,-1.0,4.5,25.0,82.25,1,1.732,12.193,25,growth,ecommerce,2999,9,0.27,False,1,0,0.28288263,Low
CUST11335,3,15,26,94,0,-0.333,-0.333,-0.333,4.0,4.25,18.0,98.75,0,0.957,12.517,50,enterprise,edtech,19999,8,0.98,False,0,1,0.017717876,Low
CUST11336,6,9,21,95,0,0.333,0.333,-3.667,-10.0,5.25,25.0,105.0,1,0.957,4.83,30,pro,edtech,7999,1,0.63,False,2,1,0.0034557856,Low
CUST11337,6,1,33,163,1,-0.667,0.333,5.667,19.0,6.75,23.0,127.75,1,1.5,9.967,32,growth,saas,2999,7,0.11,False,1,5,0.00036472233,Low
CUST11338,5,13,22,63,0,0.333,-1.667,0.333,-12.333,5.0,27.25,106.0,1,0.816,9.323,9,enterprise,saas,19999,1,0.87,False,0,5,0.057022996,Low
CUST11339,4,4,31,84,0,-1.0,1.0,3.333,-10.0,5.0,26.25,106.0,1,1.414,7.365,18,starter,ecommerce,999,5,0.76,False,3,0,0.02856847,Low
CUST11340,4,7,15,142,0,-0.333,1.333,-8.333,13.333,3.5,20.75,99.75,0,2.38,12.868,27,growth,fintech,2999,7,0.6,False,1,2,0.0033991782,Low
CUST11341,7,3,26,95,0,1.0,0.0,2.667,-3.667,5.75,29.25,86.5,0,1.258,8.995,10,growth,edtech,2999,2,0.36,False,1,1,0.018195033,Low
CUST11342,4,6,16,145,0,0.667,1.0,-6.667,4.333,4.25,24.25,106.5,1,1.708,8.5,23,growth,edtech,2999,5,0.62,False,1,1,0.009888834,Low
CUST11343,4,4,27,67,0,-0.333,-1.333,0.667,-4.0,4.25,24.5,71.25,0,1.708,7.594,32,growth,fintech,2999,1,0.48,True,1,2,0.9940852,High
CUST11344,3,2,16,81,0,-0.333,-1.667,-0.667,-7.333,3.25,17.75,83.25,0,0.5,8.655,31,growth,healthtech,2999,7,0.62,True,1,3,0.9958205,High
CUST11345,5,1,17,85,0,-0.667,-1.0,-0.333,-25.333,6.25,22.25,99.0,0,0.957,5.737,6,starter,edtech,999,2,0.69,False,3,1,0.035858497,Low
CUST11346,5,14,30,89,0,0.0,-1.333,5.333,-20.333,4.25,21.0,104.25,0,0.957,9.899,7,enterprise,fintech,19999,7,0.72,False,0,2,0.058108453,Low
CUST11347,4,5,33,99,0,-0.667,-0.667,0.667,-5.0,5.0,28.75,91.25,0,1.155,8.655,32,pro,saas,7999,2,0.17,False,2,5,0.057616845,Low
CUST11348,6,7,18,73,0,-0.333,-0.667,0.0,-10.0,6.5,20.25,103.0,0,0.577,2.872,33,growth,saas,2999,6,0.95,False,1,5,0.0010937856,Low
CUST11349,3,1,21,29,1,-1.333,-1.667,-1.333,-33.333,3.5,24.0,62.25,1,2.517,2.582,41,growth,edtech,2999,2,0.45,True,1,1,0.99571866,High
CUST11350,5,8,16,81,0,-0.667,-1.333,-4.0,8.333,5.0,22.25,105.5,1,1.633,6.652,22,pro,ecommerce,7999,9,0.41,False,2,0,0.02658698,Low
CUST11351,4,8,21,96,0,-1.0,-0.667,0.667,-10.667,4.75,24.75,95.25,0,1.5,8.884,30,pro,edtech,7999,9,0.57,False,2,1,0.060823515,Low
CUST11352,5,4,24,46,1,0.0,0.667,2.333,-19.333,4.5,20.75,85.25,2,1.0,3.304,25,growth,ecommerce,2999,8,0.31,True,1,0,0.9388312,High
CUST11353,5,11,15,87,0,0.0,0.333,0.333,-6.333,4.25,19.75,119.0,0,0.957,6.898,24,pro,saas,7999,5,0.9,False,2,5,0.005036417,Low
CUST11354,2,2,25,82,0,-1.333,0.667,1.333,-13.333,3.75,22.75,89.0,0,2.062,2.062,45,starter,fintech,999,2,0.28,False,3,2,0.98318374,High
CUST11355,3,10,23,56,0,-1.0,-2.333,2.0,3.333,3.75,19.25,69.75,1,1.5,2.63,17,enterprise,logistics,19999,2,0.58,True,0,4,0.99550194,High
CUST11356,1,2,33,49,0,-2.333,-1.333,-1.0,3.667,4.25,30.0,83.0,0,2.986,8.124,21,growth,healthtech,2999,7,0.3,False,1,3,0.29825106,Low
CUST11357,3,0,34,73,1,-1.333,0.0,-1.333,-2.333,4.75,27.5,82.0,1,1.708,10.083,28,starter,logistics,999,8,0.39,True,3,4,0.9784629,High
CUST11358,3,7,22,68,0,-0.667,0.333,3.0,-13.333,4.25,21.75,103.25,2,0.957,10.874,29,growth,fintech,2999,3,0.2,False,1,2,0.07494673,Low
CUST11359,2,3,8,127,0,-1.0,0.0,-7.333,-11.667,4.5,25.25,125.25,0,1.732,11.587,8,starter,healthtech,999,2,0.91,True,3,3,0.89199555,High
CUST11360,3,5,42,88,0,0.333,1.667,8.0,-16.333,3.75,27.25,97.75,0,1.708,10.372,8,starter,saas,999,9,0.59,False,3,5,0.057832003,Low
CUST11361,8,14,10,154,0,0.667,0.0,-6.667,16.0,6.0,22.5,117.0,2,1.414,8.813,10,enterprise,healthtech,19999,6,0.59,False,0,3,0.00083454454,Low
CUST11362,4,7,17,64,1,0.0,-0.333,-0.667,-9.333,3.75,21.75,73.0,1,2.872,5.252,18,pro,healthtech,7999,3,0.54,True,2,3,0.9913651,High
CUST11363,3,0,16,73,0,0.333,-0.333,-6.333,9.333,3.0,21.25,56.75,1,1.414,11.758,28,starter,ecommerce,999,9,0.72,True,3,0,0.9978854,High
CUST11364,6,2,18,76,0,0.0,0.333,-0.333,-8.0,5.75,19.5,109.75,0,1.258,1.732,5,starter,healthtech,999,9,0.56,False,3,3,0.00076145754,Low
CUST11365,6,2,23,82,0,0.667,-1.0,-3.333,11.667,5.25,26.25,100.25,0,0.957,5.852,33,growth,edtech,2999,1,0.83,False,1,1,0.0018883421,Low
CUST11366,0,6,16,75,0,-1.0,-0.667,-1.333,-5.333,1.5,19.25,70.25,1,1.732,5.737,18,pro,fintech,7999,10,0.68,True,2,2,0.99715436,High
CUST11367,7,5,26,68,1,1.0,0.667,-3.667,5.0,5.75,24.75,83.25,1,1.5,8.995,15,growth,edtech,2999,4,0.35,False,1,1,0.016338786,Low
CUST11368,1,9,23,48,0,-0.667,0.667,5.0,-8.667,3.25,19.0,74.0,0,1.708,7.616,29,pro,saas,7999,3,0.9,False,2,5,0.16978776,Low
CUST11369,6,15,31,98,0,0.0,0.333,3.667,4.333,5.25,22.0,67.25,0,0.957,9.832,21,enterprise,logistics,19999,9,0.82,False,0,4,0.023490217,Low
CUST11370,5,3,15,72,0,-0.333,0.333,-9.333,-14.333,5.25,21.25,94.0,2,0.957,14.66,6,growth,healthtech,2999,1,0.46,True,1,3,0.9625458,High
CUST11371,4,8,16,73,1,0.0,-0.333,-2.0,-0.667,4.5,18.25,83.5,1,0.577,2.872,30,pro,fintech,7999,10,0.38,False,2,2,0.12632433,Low
CUST11372,5,2,36,101,0,-0.667,0.0,3.333,-9.0,6.75,27.75,121.75,0,1.708,6.652,19,starter,edtech,999,3,0.9,False,3,1,0.0012190151,Low
CUST11373,5,8,22,92,0,-0.333,0.333,1.333,9.0,5.0,21.0,95.0,0,1.414,5.292,15,pro,logistics,7999,5,0.86,False,2,4,0.037248116,Low
CUST11374,2,1,21,87,0,-1.333,0.333,1.667,-7.0,4.5,17.0,85.75,0,1.915,8.981,13,starter,logistics,999,5,0.64,True,3,4,0.97802734,High
CUST11375,7,2,19,122,0,0.667,0.667,-3.0,-4.667,6.0,21.5,134.0,0,0.816,4.796,8,starter,edtech,999,10,0.37,False,3,1,0.0011475934,Low
CUST11376,4,2,24,101,1,0.0,-0.667,0.0,3.667,5.25,27.5,81.75,1,1.5,7.0,30,starter,ecommerce,999,6,0.51,False,3,0,0.1554455,Low
CUST11377,6,15,19,131,0,1.0,-0.667,5.333,13.667,4.5,18.75,103.25,0,1.291,11.673,8,enterprise,fintech,19999,9,0.97,False,0,2,0.0006627735,Low
CUST11378,6,5,31,82,0,0.667,-0.333,2.0,3.0,5.0,24.75,87.5,1,1.155,8.261,37,growth,ecommerce,2999,7,0.65,False,1,0,0.12466233,Low
CUST11379,2,2,22,39,1,-0.667,0.667,-2.333,-26.0,3.75,25.0,84.0,2,1.258,3.559,34,starter,healthtech,999,2,0.56,True,3,3,0.9769747,High
CUST11380,3,0,35,45,0,-0.333,-1.0,7.0,-10.0,3.25,25.75,87.0,0,0.957,8.732,10,starter,saas,999,8,0.16,False,3,5,0.5322118,Medium
CUST11381,6,10,34,90,0,0.333,0.667,8.333,-12.333,4.0,19.5,104.5,1,1.826,12.124,46,pro,fintech,7999,6,0.58,False,2,2,0.06298429,Low
CUST11382,4,2,12,107,1,1.0,0.667,-7.0,4.333,2.5,29.25,82.25,2,2.38,11.587,43,starter,saas,999,5,0.33,True,3,5,0.9597799,High
CUST11383,4,0,24,54,0,-0.667,-0.333,-3.667,-21.333,5.0,25.75,97.0,0,1.155,10.275,47,starter,fintech,999,7,0.9,False,3,2,0.07082835,Low
CUST11384,4,2,41,124,0,-0.667,-0.667,6.667,16.0,4.75,24.5,102.25,2,0.957,12.477,21,starter,edtech,999,5,0.53,False,3,1,0.007119858,Low
CUST11385,4,17,10,106,0,0.0,0.333,-2.0,5.0,4.25,17.75,68.75,1,0.5,7.5,44,enterprise,edtech,19999,10,0.32,False,0,1,0.056289278,Low
CUST11386,4,2,23,45,0,0.333,0.0,0.333,-11.333,4.75,21.25,78.25,2,1.708,1.708,51,growth,saas,2999,7,0.43,False,1,5,0.14682488,Low
CUST11387,3,0,25,60,0,-0.667,-1.0,2.0,-14.667,4.25,24.0,60.25,0,0.957,9.592,45,starter,fintech,999,8,0.86,True,3,2,0.9770989,High
CUST11388,4,3,3,101,0,-0.667,-0.333,-8.0,5.667,4.5,18.0,85.5,0,1.291,13.216,26,growth,fintech,2999,7,0.63,True,1,2,0.83926296,High
CUST11389,2,1,26,83,0,-1.0,0.333,-0.333,-8.0,4.0,26.0,94.25,1,1.826,16.753,13,starter,ecommerce,999,10,0.78,False,3,0,0.16354483,Low
CUST11390,4,3,37,109,0,0.0,0.0,9.0,-1.667,5.75,20.25,107.0,1,2.062,12.339,44,starter,fintech,999,8,0.32,False,3,2,0.010333306,Low
CUST11391,5,0,15,88,0,0.0,-1.0,2.333,-12.0,4.25,16.0,97.0,1,2.217,12.517,15,starter,healthtech,999,1,0.26,True,3,3,0.9981122,High
CUST11392,5,2,16,61,0,0.0,-3.0,-2.333,-29.667,5.0,24.5,112.75,0,1.633,7.416,39,growth,fintech,2999,5,0.3,False,1,2,0.04597464,Low
CUST11393,2,4,15,112,1,-2.667,-2.0,-1.333,14.667,5.25,16.25,93.75,1,3.948,3.403,31,growth,fintech,2999,2,0.61,True,1,2,0.9249065,High
CUST11394,5,9,17,146,0,-0.667,0.333,-6.0,12.0,5.5,28.25,113.5,0,1.0,8.995,50,pro,fintech,7999,2,0.72,False,2,2,0.0008310553,Low
CUST11395,4,2,30,64,0,-0.667,-0.667,0.0,-25.667,4.75,26.5,104.25,0,0.957,5.745,17,growth,ecommerce,2999,4,0.9,False,1,0,0.008020927,Low
CUST11396,7,0,17,40,0,0.0,-1.333,-4.0,-18.0,5.5,23.0,67.5,0,1.915,5.164,12,starter,logistics,999,4,0.51,True,3,4,0.9305227,High
CUST11397,3,6,36,98,0,-0.667,0.667,3.0,-9.0,4.25,34.0,85.75,0,0.957,4.69,43,growth,logistics,2999,8,0.68,False,1,4,0.006910105,Low
CUST11398,4,1,23,85,0,-1.0,-2.0,1.0,4.0,4.5,25.0,100.25,0,2.082,4.243,41,growth,saas,2999,10,0.72,False,1,5,0.037766594,Low
CUST11399,2,3,19,55,1,-1.0,0.0,-7.0,-27.667,3.0,22.75,98.0,1,1.826,13.301,6,starter,fintech,999,8,0.87,True,3,2,0.9946666,High
CUST11400,3,2,28,125,0,-0.333,0.333,5.667,0.0,4.0,22.5,102.0,1,1.414,9.883,18,starter,edtech,999,10,0.5,False,3,1,0.054031126,Low
CUST11401,7,9,29,111,0,1.333,-1.0,5.0,-6.333,4.0,26.0,107.25,0,3.162,8.832,16,pro,healthtech,7999,9,0.31,False,2,3,0.0023632317,Low
CUST11402,4,4,5,51,0,0.0,0.0,-6.0,-10.667,3.25,18.25,71.0,0,1.5,9.287,19,growth,saas,2999,1,0.21,True,1,5,0.99891317,High
CUST11403,5,5,33,72,0,-0.667,1.0,7.333,-9.667,5.0,21.75,81.25,0,1.414,13.598,14,growth,edtech,2999,7,0.88,True,1,1,0.79389095,High
CUST11404,7,11,9,114,1,1.667,-0.667,-4.0,11.667,4.75,21.0,96.5,1,2.062,9.798,47,enterprise,logistics,19999,7,0.13,False,0,4,0.014795329,Low
CUST11405,6,0,21,94,0,0.0,-1.333,-1.667,6.0,6.25,20.75,97.75,0,0.5,4.5,18,growth,fintech,2999,2,0.98,False,1,2,0.006318046,Low
CUST11406,2,1,25,37,0,-0.333,-1.667,1.667,-22.0,3.25,17.25,88.0,0,1.258,8.057,4,growth,ecommerce,2999,9,0.2,True,1,0,0.9929386,High
CUST11407,7,2,32,103,0,0.333,0.333,-0.333,-10.333,6.25,30.0,109.5,0,0.957,3.162,31,starter,logistics,999,8,0.41,False,3,4,0.00023311251,Low
CUST11408,5,3,32,104,0,0.333,0.0,-1.0,-6.333,4.25,24.75,107.0,1,0.957,12.553,20,growth,edtech,2999,5,0.29,True,1,1,0.32448328,Medium
CUST11409,7,7,26,104,0,0.333,-1.0,1.0,-9.0,5.5,22.25,104.5,0,1.291,5.679,37,pro,fintech,7999,1,0.83,False,2,2,0.0010590107,Low
CUST11410,3,0,25,87,0,-0.333,-1.333,-1.333,-9.0,3.75,23.75,90.5,0,0.5,5.5,20,starter,saas,999,3,0.15,True,3,5,0.97141755,High
CUST11411,6,2,24,109,0,0.333,0.0,-5.0,26.333,4.75,25.25,86.5,0,0.957,9.465,35,starter,saas,999,5,0.31,False,3,5,0.008614575,Low
CUST11412,3,15,14,98,0,-1.0,-1.0,-5.333,-1.333,4.5,22.75,81.25,0,1.732,7.182,26,enterprise,saas,19999,4,0.86,False,0,5,0.06885955,Low
CUST11413,4,17,12,121,0,-0.333,0.0,-3.0,12.667,4.25,22.5,125.5,1,2.5,8.66,50,enterprise,saas,19999,4,0.93,False,0,5,0.0011019165,Low
CUST11414,3,12,21,96,0,0.0,0.667,-1.333,-4.0,4.25,21.75,101.0,0,1.5,4.992,45,enterprise,logistics,19999,9,0.69,False,0,4,0.020857137,Low
CUST11415,4,2,13,54,0,0.333,-0.333,-5.0,-25.0,4.0,20.0,99.0,0,1.414,8.124,50,starter,edtech,999,4,0.22,True,3,1,0.9686794,High
CUST11416,5,3,16,88,0,0.0,0.333,-3.0,5.0,4.75,20.5,82.25,1,0.5,3.697,4,starter,saas,999,10,0.13,True,3,5,0.94162136,High
CUST11417,4,3,17,114,1,-0.667,-1.0,-4.333,6.0,6.0,26.5,103.5,2,1.633,6.658,28,growth,fintech,2999,5,0.34,False,1,2,0.041582942,Low
CUST11418,4,5,23,86,0,-1.0,0.0,-0.667,-8.333,5.5,21.75,79.0,0,1.291,4.573,35,growth,healthtech,2999,9,0.21,True,1,3,0.89650345,High
CUST11419,5,0,24,90,0,1.333,-0.667,3.0,-12.0,3.5,20.5,105.5,1,1.915,4.041,31,starter,ecommerce,999,4,0.51,True,3,0,0.9574077,High
CUST11420,7,8,22,127,1,-0.667,-0.333,-1.667,19.0,6.5,27.0,75.25,2,2.082,3.742,20,pro,logistics,7999,3,0.22,False,2,4,0.0034922694,Low
CUST11421,7,2,33,96,1,0.333,-1.333,4.0,-4.0,5.5,25.0,98.0,1,1.732,7.303,7,growth,saas,2999,1,0.2,False,1,5,0.0101189185,Low
CUST11422,6,7,19,132,0,0.333,2.333,-5.0,17.667,5.5,32.5,99.5,0,1.291,9.469,10,growth,logistics,2999,4,0.93,False,1,4,0.0002452584,Low
CUST11423,6,1,12,74,0,0.667,-1.0,-0.333,-3.667,4.75,17.0,98.0,1,1.5,5.944,34,starter,edtech,999,1,0.41,True,3,1,0.9399628,High
CUST11424,6,8,33,87,0,1.0,0.333,-1.667,2.667,4.75,32.75,84.75,0,1.5,4.5,28,pro,logistics,7999,3,0.52,False,2,4,0.012052224,Low
CUST11425,4,0,43,91,0,-0.667,-2.333,8.333,-1.667,5.0,30.75,106.75,0,0.816,10.34,35,growth,saas,2999,10,0.5,False,1,5,0.0016655789,Low
CUST11426,6,8,19,67,0,-1.333,-0.333,-4.333,-15.667,6.0,22.5,101.25,2,2.944,6.658,41,pro,saas,7999,2,0.16,True,2,5,0.109906666,Low
CUST11427,2,4,31,89,0,-0.667,1.0,0.333,8.667,4.5,24.0,70.75,0,2.517,9.201,12,starter,saas,999,4,0.61,True,3,5,0.9673534,High
CUST11428,6,3,13,89,1,0.667,-1.0,-8.667,-2.667,5.0,23.25,100.0,3,1.826,11.147,12,growth,ecommerce,2999,7,0.19,True,1,0,0.9660836,High
CUST11429,4,10,6,100,1,-1.0,1.0,-5.0,9.667,3.75,18.75,89.25,1,2.5,12.447,44,pro,ecommerce,7999,4,0.52,True,2,0,0.9575502,High
CUST11430,4,6,13,44,0,0.0,-0.333,-4.0,-34.0,3.25,22.0,102.5,0,0.957,10.132,5,pro,fintech,7999,10,0.19,True,2,2,0.94042003,High
CUST11431,8,8,35,113,0,1.0,0.667,4.333,10.333,6.25,27.75,99.25,0,2.062,5.62,38,pro,saas,7999,10,0.8,False,2,5,0.00019725799,Low
CUST11432,4,3,19,93,0,-1.0,0.667,-4.333,-10.0,6.5,29.75,115.5,0,1.732,7.411,35,starter,saas,999,1,0.17,False,3,5,0.004986439,Low
CUST11433,5,3,20,92,0,0.333,-1.0,0.333,-15.667,4.75,20.5,128.75,0,0.957,4.655,14,growth,saas,2999,7,0.61,False,1,5,0.0044041653,Low
CUST11434,5,6,36,87,0,-0.667,-0.333,3.0,1.667,6.0,32.25,101.5,0,1.155,4.5,24,growth,logistics,2999,3,0.34,False,1,4,0.0015931854,Low
CUST11435,7,4,23,41,0,0.667,-0.667,-1.0,-24.0,5.5,24.0,77.0,0,1.291,2.449,5,growth,logistics,2999,9,0.65,False,1,4,0.0066220206,Low
CUST11436,3,3,31,57,0,0.667,-1.0,5.0,-4.0,3.5,19.75,62.25,0,2.517,7.676,15,growth,fintech,2999,1,0.26,True,1,2,0.99393094,High
CUST11437,4,0,11,62,0,0.667,-1.667,-3.333,-14.0,2.5,17.25,85.5,1,1.0,7.5,14,growth,saas,2999,1,0.3,True,1,5,0.99846447,High
CUST11438,6,3,32,87,0,0.0,1.0,3.0,9.333,6.25,26.5,69.0,0,0.5,5.323,4,starter,logistics,999,5,0.95,False,3,4,0.012328202,Low
CUST11439,3,1,28,75,1,-1.0,-0.333,0.667,0.333,4.25,22.0,85.0,1,1.258,7.118,47,starter,edtech,999,3,0.14,True,3,1,0.9603181,High
CUST11440,6,5,28,120,0,0.333,0.667,-2.0,19.0,4.75,30.25,114.0,0,0.957,7.411,18,growth,edtech,2999,1,0.96,False,1,1,8.16013e-05,Low
CUST11441,3,3,16,67,0,-0.667,1.0,-4.333,1.333,3.5,22.0,84.5,0,1.0,5.354,21,starter,logistics,999,6,0.38,True,3,4,0.9748454,High
CUST11442,2,10,30,92,0,-1.0,-0.667,-1.667,8.333,4.5,28.75,82.25,1,1.732,6.85,37,pro,fintech,7999,4,0.22,False,2,2,0.0689798,Low
CUST11443,6,3,34,108,1,-0.333,-1.0,-1.667,6.333,6.25,29.0,100.5,1,0.5,10.36,5,growth,ecommerce,2999,2,0.31,False,1,0,0.0030885597,Low
CUST11444,5,0,19,90,0,-1.0,-0.667,-1.0,-13.333,6.0,23.5,97.0,0,2.449,10.083,12,starter,edtech,999,4,1.0,False,3,1,0.18193434,Low
CUST11445,4,3,17,87,0,0.333,0.667,-1.333,-25.667,4.25,22.75,121.25,2,1.258,4.646,22,starter,logistics,999,9,0.49,False,3,4,0.034067366,Low
CUST11446,6,6,18,80,0,0.667,-0.333,-4.333,0.333,5.5,27.75,98.5,1,1.291,6.702,11,growth,edtech,2999,9,0.63,False,1,1,0.008485677,Low
CUST11447,8,8,19,53,0,0.333,-1.0,3.0,-11.333,6.75,16.0,92.0,0,0.957,4.243,28,pro,healthtech,7999,10,0.68,False,2,3,0.0046240236,Low
CUST11448,6,11,15,46,1,0.333,0.333,-7.667,4.0,5.0,25.5,62.25,1,1.414,12.234,7,pro,healthtech,7999,3,0.79,False,2,3,0.5085326,Medium
CUST11449,4,8,9,60,0,0.333,1.333,-8.667,-15.333,3.5,20.0,83.5,1,1.291,11.136,33,growth,healthtech,2999,4,0.3,True,1,3,0.942506,High
CUST11450,6,9,26,79,0,-0.667,0.667,-1.333,8.0,6.25,27.25,80.0,1,1.258,3.403,19,pro,fintech,7999,10,0.99,False,2,2,0.0006011801,Low
CUST11451,3,7,30,67,0,-1.333,-1.667,3.0,-10.667,5.0,27.5,102.0,0,2.309,11.091,13,pro,logistics,7999,4,0.25,False,2,4,0.11830817,Low
CUST11452,7,5,27,66,1,0.333,0.333,-3.0,-4.333,6.75,33.0,88.5,1,0.957,4.082,9,starter,healthtech,999,4,0.54,False,3,3,0.016179737,Low
CUST11453,2,9,16,100,1,-1.333,1.0,-1.333,5.333,3.25,14.75,92.75,1,2.217,4.272,46,pro,edtech,7999,5,0.19,True,2,1,0.981682,High
CUST11454,0,11,20,78,1,-1.333,-2.0,-5.333,6.333,2.25,29.25,76.75,2,1.708,6.801,19,enterprise,fintech,19999,1,0.95,True,0,2,0.99236006,High
CUST11455,3,8,32,54,0,0.333,-0.333,2.667,-8.0,2.5,19.75,77.0,1,0.577,10.72,45,pro,fintech,7999,8,0.35,True,2,2,0.8983776,High
CUST11456,5,12,40,75,0,-0.333,0.333,6.667,-13.667,5.25,29.0,113.5,2,0.957,8.406,5,pro,ecommerce,7999,8,0.81,False,2,0,0.0027884077,Low
CUST11457,11,11,17,146,0,3.0,3.0,-1.0,18.667,5.5,28.0,112.5,0,3.873,11.916,20,growth,fintech,2999,2,0.67,False,1,2,0.00020794394,Low
CUST11458,6,3,0,48,0,0.333,1.0,-5.667,-11.0,4.75,19.5,77.0,0,1.258,15.416,15,starter,edtech,999,5,0.94,False,3,1,0.0755641,Low
CUST11459,5,18,38,117,0,0.0,1.0,1.333,17.667,4.5,31.25,104.0,1,1.0,5.852,40,enterprise,fintech,19999,1,0.95,False,0,2,0.00022019005,Low
CUST11460,7,14,23,132,0,0.333,-0.333,-1.333,36.667,5.5,24.75,77.25,0,1.291,2.63,30,enterprise,saas,19999,3,0.55,False,0,5,0.00018282852,Low
CUST11461,4,3,14,82,1,0.667,-0.333,-5.333,-6.667,3.25,23.75,78.0,2,1.5,6.946,44,growth,ecommerce,2999,4,0.66,True,1,0,0.99645656,High
CUST11462,5,11,28,115,0,0.0,-2.333,2.0,0.333,5.0,29.75,109.0,0,0.816,8.016,34,enterprise,saas,19999,6,0.64,False,0,5,0.0015066206,Low
CUST11463,5,2,21,61,0,0.0,0.333,-4.667,-1.333,5.25,23.75,81.75,0,0.5,8.057,19,starter,healthtech,999,8,0.97,False,3,3,0.1031271,Low
CUST11464,6,8,25,86,0,0.0,-0.667,-0.667,-12.667,6.75,21.5,92.25,1,1.5,5.26,43,pro,saas,7999,2,0.41,False,2,5,0.019489152,Low
CUST11465,3,0,39,57,0,-0.667,-1.0,6.667,-12.0,4.5,25.75,102.5,0,1.0,9.708,4,starter,fintech,999,10,0.15,False,3,2,0.011145448,Low
CUST11466,3,2,11,153,0,-0.333,0.333,-1.0,14.0,4.25,20.5,127.75,0,0.957,10.017,39,starter,ecommerce,999,7,0.17,False,3,0,0.0030796197,Low
CUST11467,4,6,23,130,0,-0.667,-1.333,-3.667,15.333,4.25,28.25,94.0,0,1.708,5.56,5,pro,healthtech,7999,7,0.36,False,2,3,0.00051377015,Low
CUST11468,2,0,13,85,1,-1.0,-0.667,-2.333,2.667,2.75,19.0,60.5,1,1.5,4.243,43,starter,ecommerce,999,9,0.17,True,3,0,0.9997017,High
CUST11469,6,1,19,79,0,1.333,0.333,1.0,-4.667,4.0,21.25,74.75,0,2.309,8.617,9,starter,logistics,999,3,0.88,True,3,4,0.9841106,High
CUST11470,4,9,26,119,0,-0.667,-1.0,4.333,-9.333,5.25,24.5,121.5,0,0.957,9.037,14,pro,edtech,7999,8,0.74,False,2,1,0.0005590522,Low
CUST11471,3,0,15,43,0,-0.333,0.0,1.667,-10.0,3.0,20.25,58.5,1,2.16,12.842,47,starter,edtech,999,9,0.53,True,3,1,0.9986247,High
CUST11472,5,5,32,115,0,0.333,0.667,5.0,-13.333,4.5,19.5,124.0,0,0.577,13.229,33,starter,logistics,999,1,0.23,False,3,4,0.0063578268,Low
CUST11473,3,1,30,67,1,-0.333,-0.667,5.667,-7.333,3.0,23.75,89.25,2,0.816,8.884,31,starter,fintech,999,5,0.2,True,3,2,0.9898059,High
CUST11474,2,1,30,114,0,-0.667,-1.667,0.333,6.333,4.5,30.75,118.5,0,2.082,9.106,26,starter,ecommerce,999,3,0.93,False,3,0,0.06641677,Low
CUST11475,4,5,25,109,0,0.333,0.667,-4.0,10.0,4.5,24.0,99.0,2,1.291,9.764,15,starter,ecommerce,999,7,0.36,False,3,0,0.10040815,Low
CUST11476,2,5,33,135,0,-1.0,-0.667,1.667,-1.667,4.5,29.25,104.5,0,1.732,2.63,24,growth,fintech,2999,5,0.17,False,1,2,0.019465733,Low
CUST11477,3,6,27,80,1,-0.333,-1.667,1.667,-10.667,4.25,24.0,84.75,2,1.258,3.559,26,pro,edtech,7999,3,0.42,True,2,1,0.96469426,High
CUST11478,3,1,25,69,0,0.0,-0.333,4.667,0.667,3.25,18.0,77.0,2,0.5,5.774,49,growth,fintech,2999,7,0.88,True,1,2,0.98870826,High
CUST11479,6,9,20,111,0,1.0,0.667,-4.333,2.667,4.75,30.0,122.0,0,1.258,7.616,9,pro,ecommerce,7999,5,0.51,False,2,0,0.00035399903,Low
CUST11480,4,3,19,120,0,-0.333,0.667,2.0,10.0,4.25,18.25,98.75,0,0.957,6.397,9,starter,ecommerce,999,10,0.57,False,3,0,0.025337711,Low
CUST11481,3,5,31,75,0,-1.0,-2.0,-1.667,-22.0,4.0,30.5,97.0,1,1.826,8.021,35,pro,healthtech,7999,5,0.43,True,2,3,0.92869043,High
CUST11482,9,1,42,93,0,1.333,-0.333,6.333,3.667,5.75,25.5,86.5,0,2.217,11.79,8,starter,edtech,999,3,0.77,False,3,1,0.008874542,Low
CUST11483,6,5,21,118,0,0.667,0.0,-0.667,11.333,4.75,24.75,110.25,0,0.957,6.946,41,growth,edtech,2999,3,0.31,False,1,1,0.0012400256,Low
CUST11484,7,6,21,113,0,1.0,0.0,4.0,34.333,5.25,14.25,109.0,0,1.5,5.737,34,growth,healthtech,2999,8,0.18,False,1,3,0.001164139,Low
CUST11485,4,0,28,70,0,-0.333,-1.0,1.333,5.667,4.25,19.25,78.5,1,1.708,8.057,29,growth,edtech,2999,3,0.52,True,1,1,0.9897709,High
CUST11486,2,5,7,105,0,-1.333,0.333,0.0,11.0,4.0,12.25,63.0,0,1.826,8.057,9,growth,ecommerce,2999,1,0.66,True,1,0,0.99385613,High
CUST11487,4,1,30,52,0,-0.667,0.333,-1.333,-31.667,4.25,27.25,94.75,0,1.258,5.737,31,starter,saas,999,1,0.99,False,3,5,0.02506911,Low
CUST11488,6,7,29,129,0,1.0,-0.333,1.333,12.667,5.0,21.5,114.25,1,1.826,6.557,43,pro,fintech,7999,9,0.17,False,2,2,0.00022387119,Low
CUST11489,2,3,18,73,0,-1.0,-0.667,-0.667,-5.333,4.0,22.75,72.0,0,1.414,4.856,18,starter,healthtech,999,1,0.84,True,3,3,0.9991135,High
CUST11490,6,11,25,92,1,-0.333,0.667,-1.0,-15.333,6.0,27.75,121.75,2,0.816,2.5,34,pro,logistics,7999,6,0.64,False,2,4,0.00068932807,Low
CUST11491,5,4,31,81,0,0.333,-0.333,6.0,-27.333,5.0,24.5,113.25,0,1.414,7.937,13,growth,saas,2999,8,0.12,False,1,5,0.002981,Low
CUST11492,6,7,27,63,1,0.0,-0.333,-3.667,-10.0,5.0,34.25,81.75,1,1.414,7.544,24,pro,edtech,7999,9,0.46,False,2,1,0.049181715,Low
CUST11493,7,17,25,40,0,1.0,1.333,0.667,-11.333,4.5,25.0,93.0,1,1.732,2.16,8,enterprise,saas,19999,9,0.31,False,0,5,0.007009708,Low
CUST11494,6,8,32,135,0,0.333,1.333,2.0,12.667,5.25,26.0,105.25,0,0.5,12.961,28,starter,edtech,999,10,0.26,False,3,1,8.922945e-05,Low
CUST11495,6,9,22,129,0,0.667,-0.667,-0.667,21.333,4.25,20.75,77.25,0,1.258,4.573,6,pro,healthtech,7999,6,0.6,False,2,3,0.001383935,Low
CUST11496,5,2,30,110,0,-0.667,0.667,-0.333,7.667,5.0,27.5,98.25,1,1.414,6.351,5,starter,saas,999,9,0.39,False,3,5,0.024845593,Low
CUST11497,2,0,9,79,0,-0.333,0.0,-3.333,4.333,3.5,13.5,79.0,2,1.291,5.802,46,starter,ecommerce,999,4,0.86,True,3,0,0.99981683,High
CUST11498,6,4,20,79,0,0.0,1.333,-3.333,0.0,5.0,26.5,90.5,1,1.155,4.509,18,starter,healthtech,999,8,0.15,False,3,3,0.033146754,Low
CUST11499,2,0,38,65,1,-1.0,0.0,2.333,-4.667,3.0,32.5,77.0,1,1.826,3.873,45,starter,saas,999,7,0.38,True,3,5,0.9965184,High
CUST11500,4,10,43,14,0,-0.667,0.667,3.667,-30.333,5.75,31.75,65.75,1,1.708,8.655,7,pro,ecommerce,7999,4,0.98,False,2,0,0.009178786,Low
CUST11501,3,4,11,80,0,-0.333,1.0,-3.667,-16.0,3.5,22.0,80.5,1,0.577,7.874,42,starter,edtech,999,2,0.13,True,3,1,0.9781507,High
CUST11502,3,6,21,118,0,-0.667,1.0,-2.333,6.333,5.5,24.75,104.25,0,2.082,13.376,24,growth,logistics,2999,5,0.16,False,1,4,0.003499008,Low
CUST11503,3,4,30,66,0,-1.0,1.333,0.333,-19.667,4.25,22.0,81.0,0,1.258,11.106,31,starter,edtech,999,2,0.47,False,3,1,0.32493168,Medium
CUST11504,4,10,15,62,1,-0.333,0.667,-6.333,8.333,3.75,16.75,56.0,2,1.893,11.843,41,pro,ecommerce,7999,7,0.69,True,2,0,0.99608314,High
CUST11505,4,1,13,89,1,0.0,-1.333,-6.333,-17.667,4.0,25.5,88.5,1,0.0,9.609,42,growth,ecommerce,2999,4,0.99,True,1,0,0.980003,High
CUST11506,7,3,43,124,1,0.667,1.0,4.667,12.0,4.75,24.5,104.0,2,1.708,16.603,36,starter,edtech,999,6,0.34,False,3,1,0.0025010388,Low
CUST11507,4,4,12,50,0,-0.333,1.0,-5.667,-27.667,4.0,21.75,81.5,0,0.816,8.18,24,growth,fintech,2999,8,0.43,True,1,2,0.97380507,High
CUST11508,4,0,11,73,0,-0.667,-1.667,-5.333,11.333,3.75,18.75,64.0,1,2.062,11.442,6,starter,saas,999,10,0.37,True,3,5,0.99585503,High
CUST11509,6,7,11,72,0,2.0,0.0,-1.667,-8.0,3.0,20.0,89.75,0,2.449,8.981,15,pro,fintech,7999,1,0.31,True,2,2,0.91271466,High
CUST11510,4,7,18,91,0,-0.333,-0.333,3.333,1.333,4.75,14.5,108.0,0,0.5,9.292,13,growth,saas,2999,5,0.73,True,1,5,0.021116309,Low
CUST11511,5,11,32,149,0,0.0,-1.0,0.333,13.0,3.75,30.0,128.75,0,1.893,4.082,28,enterprise,edtech,19999,1,0.83,False,0,1,0.00022259328,Low
CUST11512,6,3,20,96,0,0.667,-1.333,-1.0,-14.667,4.75,23.5,111.5,0,0.957,4.509,41,growth,fintech,2999,1,0.59,False,1,2,0.0016185621,Low
CUST11513,5,6,37,28,0,0.333,0.333,7.333,-5.667,5.0,28.25,67.25,0,0.816,10.046,46,growth,healthtech,2999,10,0.73,False,1,3,0.024297426,Low
CUST11514,6,4,21,118,0,0.0,1.0,-3.333,1.333,5.0,24.75,108.75,0,1.414,4.787,22,starter,edtech,999,8,0.97,False,3,1,0.0011056677,Low
CUST11515,7,0,27,78,0,1.0,-0.667,2.0,1.333,5.0,18.5,78.75,0,2.449,6.807,50,starter,saas,999,10,0.98,False,3,5,0.08895487,Low
CUST11516,7,7,29,131,0,0.333,1.667,-1.333,-2.333,5.5,29.75,126.75,0,1.291,2.5,51,growth,healthtech,2999,4,0.15,False,1,3,7.024617e-05,Low
CUST11517,5,13,23,113,0,0.333,-1.333,0.0,6.667,4.0,24.5,106.5,0,0.816,5.196,48,enterprise,fintech,19999,8,0.41,False,0,2,0.0019497928,Low
CUST11518,5,9,34,108,0,0.667,-0.667,2.667,-12.0,5.0,22.25,118.75,1,1.414,9.605,48,pro,edtech,7999,4,0.84,False,2,1,0.013363407,Low
CUST11519,3,4,33,141,0,-0.333,0.0,-0.333,17.667,4.0,29.75,107.75,0,0.816,4.992,14,growth,edtech,2999,9,0.61,False,1,1,0.0002363748,Low
CUST11520,3,0,12,67,0,-0.667,-1.0,-0.333,-1.667,3.25,16.25,75.75,1,1.708,8.539,31,starter,ecommerce,999,7,0.8,True,3,0,0.99981064,High
CUST11521,2,4,17,39,0,-1.333,0.333,-2.667,-5.667,3.5,14.25,56.0,0,1.915,8.461,21,growth,ecommerce,2999,3,0.65,True,1,0,0.9998796,High
CUST11522,5,2,11,80,0,0.333,0.667,-3.333,5.0,4.5,24.5,80.5,0,0.577,10.909,46,starter,ecommerce,999,6,0.27,False,3,0,0.14598909,Low
CUST11523,1,5,22,106,1,-2.0,-0.333,2.0,4.667,5.0,16.25,87.75,2,2.828,9.465,16,growth,healthtech,2999,5,0.25,False,1,3,0.1464331,Low
CUST11524,6,10,34,118,0,0.333,1.333,2.333,11.0,5.0,25.75,111.75,0,1.414,6.185,22,pro,saas,7999,3,0.91,False,2,5,0.00011642116,Low
CUST11525,5,0,10,78,0,-0.333,-2.0,-1.0,2.0,4.25,21.25,79.5,0,1.708,12.339,27,growth,ecommerce,2999,9,0.35,True,1,0,0.99159557,High
CUST11526,3,19,18,110,0,-0.333,0.333,-5.333,-1.0,4.25,26.25,122.0,0,1.893,7.136,20,enterprise,saas,19999,4,0.16,False,0,5,0.004031193,Low
CUST11527,4,1,20,58,1,-0.667,-0.667,-4.333,-3.667,4.25,21.25,74.0,2,1.258,8.057,51,growth,healthtech,2999,8,0.91,True,1,3,0.92357975,High
CUST11528,3,15,13,107,0,-0.667,-0.333,-3.333,-1.667,3.75,21.75,92.5,0,1.5,5.965,24,enterprise,saas,19999,2,0.33,False,0,5,0.107177645,Low
CUST11529,2,3,23,101,0,-0.667,1.0,0.0,8.667,4.0,26.75,74.25,0,2.16,5.188,10,starter,logistics,999,7,0.95,True,3,4,0.9533043,High
CUST11530,7,7,39,154,0,0.333,1.333,4.333,34.667,5.0,31.5,101.25,0,1.826,5.447,43,growth,healthtech,2999,9,0.47,False,1,3,3.651933e-05,Low
CUST11531,6,3,26,80,0,1.333,0.667,-1.0,-1.333,4.25,29.25,105.0,0,1.708,4.031,23,starter,saas,999,4,0.91,False,3,5,0.0004892859,Low
CUST11532,5,16,31,117,0,-0.667,0.0,4.333,7.0,5.5,26.5,99.25,0,1.0,13.178,32,enterprise,fintech,19999,9,0.67,False,0,2,0.0021736596,Low
CUST11533,3,5,8,62,0,-0.333,-1.0,-6.333,-25.0,4.25,20.5,78.75,1,0.957,8.737,6,pro,ecommerce,7999,4,0.52,True,2,0,0.9981336,High
CUST11534,5,3,27,135,0,0.0,0.0,0.0,3.0,5.0,25.0,107.0,1,0.816,4.69,24,growth,healthtech,2999,9,0.4,False,1,3,0.01884279,Low
CUST11535,2,4,18,82,1,-1.333,0.333,-5.0,21.333,3.5,20.25,77.0,1,1.732,9.912,4,growth,edtech,2999,8,0.95,True,1,1,0.9825455,High
CUST11536,7,5,28,95,0,0.333,1.333,3.0,-18.667,6.5,28.0,105.75,1,0.577,10.033,26,growth,healthtech,2999,9,0.66,False,1,3,0.0032166203,Low
CUST11537,4,3,29,115,1,0.0,-0.667,4.667,-13.667,4.5,27.75,100.0,2,1.0,11.177,6,growth,ecommerce,2999,6,0.83,False,1,0,0.09051267,Low
CUST11538,5,4,23,86,0,-1.0,0.667,3.333,-6.0,6.25,22.25,85.25,0,1.258,6.994,40,starter,ecommerce,999,2,0.9,False,3,0,0.04339274,Low
CUST11539,5,8,19,122,0,0.0,1.0,4.0,-0.333,5.5,15.0,135.25,0,0.577,10.488,48,growth,ecommerce,2999,8,0.86,False,1,0,0.0023693128,Low
CUST11540,6,3,25,95,0,1.0,0.0,1.333,2.0,4.75,24.25,85.0,0,1.5,4.272,34,starter,edtech,999,8,0.37,True,3,1,0.8628478,High
CUST11541,5,3,25,125,0,0.0,-1.333,3.0,-5.0,5.5,26.0,121.5,0,0.577,7.616,5,growth,logistics,2999,8,0.29,False,1,4,0.0002593973,Low
CUST11542,5,16,31,92,0,0.333,-0.333,4.0,9.333,5.25,26.0,76.5,1,1.258,6.0,19,enterprise,saas,19999,5,0.11,False,0,5,0.006255009,Low
CUST11543,3,11,30,40,0,-1.0,0.667,2.0,-44.667,4.75,27.5,106.0,1,1.258,8.544,15,pro,saas,7999,10,0.83,False,2,5,0.0084829815,Low
CUST11544,3,0,29,88,0,-0.333,-1.0,1.667,15.667,3.5,31.0,74.5,0,0.577,5.715,44,starter,logistics,999,2,0.95,True,3,4,0.5033066,Medium
CUST11545,4,1,30,97,0,0.0,-0.333,-1.333,-10.667,4.5,25.0,92.5,0,1.732,10.033,41,starter,edtech,999,2,0.62,False,3,1,0.7429815,High
CUST11546,4,16,16,142,0,-0.333,0.333,-2.0,30.0,4.5,17.75,107.25,0,0.577,3.5,34,enterprise,edtech,19999,10,0.51,False,0,1,0.00014550626,Low
CUST11547,7,7,30,78,0,1.0,1.0,1.0,3.0,3.5,25.5,92.75,0,2.646,10.083,50,growth,healthtech,2999,10,0.44,True,1,3,0.6082892,High
CUST11548,2,6,23,97,0,-1.0,1.0,-0.333,-5.667,2.5,22.5,85.0,0,1.732,3.873,11,growth,saas,2999,8,0.17,True,1,5,0.95886266,High
CUST11549,6,4,25,104,0,0.333,0.0,0.0,23.333,5.0,29.0,78.0,0,1.414,5.228,4,growth,ecommerce,2999,6,0.24,False,1,0,0.009504998,Low
CUST11550,5,0,33,108,0,0.0,-0.333,-2.0,-1.0,4.75,32.25,103.75,0,0.5,5.737,36,starter,healthtech,999,7,0.67,False,3,3,0.00572192,Low
CUST11551,5,3,18,121,0,0.0,-0.667,-1.0,18.667,4.75,15.5,100.75,0,0.5,7.767,34,growth,edtech,2999,3,0.68,False,1,1,0.019555759,Low
CUST11552,5,0,22,75,0,0.0,-0.667,-1.0,-23.333,3.25,22.75,97.25,2,2.062,1.708,40,starter,ecommerce,999,4,0.56,True,3,0,0.97561026,High
CUST11553,5,6,27,68,1,1.0,-0.333,3.0,-6.0,4.0,21.5,74.75,1,1.826,7.234,33,growth,healthtech,2999,4,0.16,False,1,3,0.24156152,Low
CUST11554,9,2,28,112,0,1.0,-1.0,-1.333,12.0,5.75,22.75,93.5,1,2.5,9.639,44,growth,ecommerce,2999,10,0.42,False,1,0,0.0025418121,Low
CUST11555,5,10,25,24,0,-0.333,2.0,0.0,-43.333,5.5,22.25,101.5,1,0.577,7.632,33,pro,logistics,7999,1,0.37,False,2,4,0.011220601,Low
CUST11556,6,5,28,97,0,-0.333,-0.333,-0.667,-2.0,5.0,24.75,109.25,0,1.826,6.185,26,growth,logistics,2999,6,0.64,False,1,4,0.0042537507,Low
CUST11557,4,9,34,80,0,-1.0,0.333,2.667,-7.0,6.0,26.5,99.25,0,1.826,7.141,47,pro,ecommerce,7999,6,0.71,False,2,0,0.017671121,Low
CUST11558,2,2,12,87,1,-1.333,0.667,1.333,9.333,2.75,13.75,69.5,1,2.5,4.787,19,starter,healthtech,999,10,0.23,True,3,3,0.99931777,High
CUST11559,4,10,14,51,0,0.667,0.667,4.0,-8.333,3.75,20.75,67.5,1,1.708,15.945,35,pro,fintech,7999,2,0.26,True,2,2,0.9775259,High
CUST11560,4,4,28,100,0,-0.667,0.0,-2.0,-3.333,5.5,28.0,104.75,1,1.915,6.481,45,growth,healthtech,2999,2,0.82,False,1,3,0.01748218,Low
CUST11561,6,7,22,142,0,2.0,0.667,-1.667,24.667,3.5,23.75,110.5,0,2.517,6.898,52,growth,healthtech,2999,4,0.93,False,1,3,0.00028096323,Low
CUST11562,6,7,19,47,0,0.0,-0.333,-0.667,-5.0,5.5,27.25,49.25,0,1.0,8.421,36,pro,saas,7999,10,0.12,False,2,5,0.021894481,Low
CUST11563,3,0,26,98,0,-0.667,-1.333,3.333,0.667,4.5,19.5,85.0,0,1.0,12.261,12,starter,healthtech,999,4,0.24,False,3,3,0.07641766,Low
CUST11564,3,4,25,128,0,-0.667,-1.667,0.667,23.667,4.75,22.75,115.5,0,1.258,3.304,11,pro,ecommerce,7999,7,0.93,False,2,0,0.00028413735,Low
CUST11565,5,4,3,87,1,-0.667,0.0,-9.0,10.0,4.75,19.75,95.75,1,1.708,11.673,27,growth,ecommerce,2999,10,0.69,True,1,0,0.9242264,High
CUST11566,3,3,27,65,0,-0.333,0.333,3.333,-5.0,3.0,21.5,63.75,0,0.816,6.403,41,starter,logistics,999,4,0.97,True,3,4,0.9846497,High
CUST11567,6,6,1,106,0,0.667,1.333,-8.0,-11.333,5.0,21.0,102.5,0,1.155,13.491,47,starter,ecommerce,999,1,0.93,False,3,0,0.013322553,Low
CUST11568,7,3,18,110,0,1.0,0.333,-3.667,5.667,5.25,26.5,92.0,1,1.5,6.351,9,starter,fintech,999,4,0.73,False,3,2,0.020047005,Low
CUST11569,2,0,25,75,1,-0.667,0.0,-0.333,-21.0,3.75,22.0,100.75,3,1.258,6.055,47,starter,logistics,999,1,0.68,True,3,4,0.99136084,High
CUST11570,4,7,33,120,0,-0.667,0.0,4.667,-3.333,5.25,24.5,110.0,0,0.957,6.455,47,pro,saas,7999,10,0.27,False,2,5,0.00063589995,Low
CUST11571,2,8,26,93,0,-1.0,-0.667,-1.333,-9.333,4.5,28.0,101.25,0,1.732,4.397,5,pro,logistics,7999,10,0.49,False,2,4,0.07136911,Low
CUST11572,5,10,23,160,0,-1.0,-0.667,-4.667,7.333,5.5,30.25,136.75,0,1.732,5.737,19,enterprise,ecommerce,19999,2,0.93,False,0,0,0.0020374379,Low
CUST11573,8,12,26,81,0,1.0,0.667,-0.333,-10.0,6.0,25.5,96.25,2,1.414,1.291,36,pro,healthtech,7999,2,0.58,False,2,3,0.0019620135,Low
CUST11574,3,6,11,105,0,-0.333,0.667,-5.0,-6.333,4.0,24.25,113.0,0,0.816,9.605,17,growth,ecommerce,2999,6,0.83,False,1,0,0.009986442,Low
CUST11575,4,2,18,78,0,-0.667,0.333,-2.667,12.667,5.25,25.75,77.25,0,0.957,6.551,12,starter,saas,999,7,0.16,False,3,5,0.028253632,Low
CUST11576,0,2,16,79,0,-1.667,-0.667,-9.0,-12.667,3.0,24.25,83.0,0,2.16,13.226,28,starter,logistics,999,6,0.74,True,3,4,0.9918343,High
CUST11577,6,0,18,122,0,1.0,-1.667,-5.333,-18.0,5.5,25.75,109.0,0,1.732,12.121,32,starter,logistics,999,8,0.32,False,3,4,0.014526532,Low
CUST11578,6,10,26,117,0,-0.667,0.667,1.667,7.667,6.0,22.0,103.5,0,2.16,3.916,50,pro,ecommerce,7999,3,0.79,False,2,0,0.00077560457,Low
CUST11579,3,2,11,73,1,-0.333,0.333,-1.333,-9.667,2.75,16.75,86.25,3,0.957,5.058,21,growth,logistics,2999,5,0.52,True,1,4,0.9992556,High
CUST11580,3,4,24,58,0,-0.667,1.0,1.333,-2.0,4.5,24.0,71.25,1,1.291,5.657,20,starter,saas,999,9,0.8,False,3,5,0.97834444,High
CUST11581,4,2,28,83,1,-0.667,0.667,0.667,-11.0,3.5,32.0,97.0,1,2.082,8.756,29,growth,fintech,2999,9,0.18,False,1,2,0.84999925,High
CUST11582,2,0,5,45,0,0.0,-1.333,-4.667,-12.333,3.5,12.5,66.5,2,1.915,5.745,44,starter,ecommerce,999,8,0.61,True,3,0,0.99983406,High
CUST11583,4,15,21,69,0,0.333,0.0,-0.667,-12.667,3.25,24.5,98.0,0,1.708,7.937,23,enterprise,saas,19999,9,0.24,False,0,5,0.06869849,Low
CUST11584,4,4,27,94,0,0.0,0.0,-3.0,-5.0,4.0,28.75,97.5,0,0.0,4.924,22,starter,healthtech,999,8,0.57,False,3,3,0.044755943,Low
CUST11585,4,2,21,75,1,-0.667,-0.333,-3.0,-20.667,4.75,26.0,106.75,1,1.5,9.345,18,starter,ecommerce,999,1,0.55,False,3,0,0.11675683,Low
CUST11586,3,3,29,82,1,-0.333,-0.667,2.667,-7.333,4.0,23.75,84.5,2,0.816,4.573,25,growth,logistics,2999,4,0.69,True,1,4,0.98924667,High
CUST11587,2,5,14,65,0,-1.0,-0.667,0.333,-14.333,4.25,18.25,82.25,1,1.5,5.737,39,pro,ecommerce,7999,3,0.38,True,2,0,0.9973788,High
CUST11588,7,3,18,80,0,1.333,0.667,-4.667,-1.333,4.5,28.5,70.75,1,1.915,8.544,11,starter,edtech,999,5,0.43,False,3,1,0.10077418,Low
CUST11589,4,3,12,55,0,-0.333,0.333,-3.0,-13.667,4.0,15.5,71.75,1,0.816,3.873,43,growth,ecommerce,2999,7,0.45,True,1,0,0.9979679,High
CUST11590,5,12,21,118,0,0.0,1.333,-4.333,-1.333,5.25,24.5,112.5,0,2.062,6.351,18,pro,saas,7999,4,0.48,False,2,5,0.00024235688,Low
CUST11591,1,4,29,35,0,-1.667,-0.667,6.333,-21.0,3.75,18.0,73.0,0,2.217,8.756,31,growth,logistics,2999,1,0.89,True,1,4,0.9899963,High
CUST11592,3,11,13,66,0,-0.333,-1.333,-2.667,-15.333,4.0,22.0,97.5,0,0.816,6.831,32,enterprise,edtech,19999,2,0.96,True,0,1,0.96159923,High
CUST11593,5,8,6,115,0,-1.333,0.0,-5.667,2.667,5.75,22.0,89.5,0,2.217,12.302,18,pro,logistics,7999,9,0.95,False,2,4,0.037716,Low
CUST11594,4,10,20,79,0,-0.333,1.0,3.0,-2.667,4.75,14.75,75.25,0,0.957,3.775,37,pro,saas,7999,4,0.59,True,2,5,0.83253324,High
CUST11595,6,9,29,80,0,1.333,-1.333,1.333,-20.667,4.25,27.25,99.0,0,1.708,5.56,11,pro,saas,7999,10,0.22,False,2,5,0.014041522,Low
CUST11596,3,4,20,115,1,-1.0,1.0,-1.0,-5.667,5.5,20.75,112.0,2,1.732,1.5,34,starter,fintech,999,2,0.88,False,3,2,0.014321755,Low
CUST11597,7,14,23,53,0,1.0,0.333,1.333,-20.667,5.0,22.0,80.0,1,1.826,2.0,51,enterprise,saas,19999,7,0.46,False,0,5,0.0028709045,Low
CUST11598,4,6,23,81,0,-0.333,0.667,-3.0,-15.333,5.25,32.75,114.25,1,0.957,8.617,47,growth,logistics,2999,7,0.68,False,1,4,0.0044164467,Low
CUST11599,7,0,39,36,0,-0.333,-0.667,6.667,-22.333,7.0,28.75,77.25,0,1.414,9.323,13,starter,ecommerce,999,6,0.65,False,3,0,0.033146694,Low
CUST11600,7,1,29,92,0,1.333,-1.333,0.667,19.667,5.0,26.75,83.25,1,1.633,1.708,20,starter,logistics,999,3,0.53,False,3,4,0.019114817,Low
CUST11601,4,7,28,128,0,-0.667,-0.667,3.0,-8.667,6.5,27.0,115.5,0,2.082,5.477,33,pro,fintech,7999,9,0.72,False,2,2,0.00020083884,Low
CUST11602,1,0,3,50,0,-0.667,-2.667,-9.0,-8.0,3.25,16.0,72.5,1,1.708,11.106,29,growth,edtech,2999,6,0.11,True,1,1,0.9994752,High
CUST11603,2,0,3,62,1,-1.333,-1.333,-8.0,-9.0,4.75,19.0,89.5,1,1.893,11.888,25,starter,edtech,999,5,0.94,True,3,1,0.979699,High
CUST11604,6,3,20,95,1,1.0,-1.0,-0.333,0.667,5.0,20.75,88.75,3,1.414,1.708,25,growth,ecommerce,2999,1,0.23,False,1,0,0.8100962,High
CUST11605,5,0,14,62,0,0.0,0.0,-5.333,11.333,4.0,27.75,65.5,1,1.155,10.34,7,starter,edtech,999,3,0.74,False,3,1,0.97843516,High
CUST11606,7,10,30,120,0,0.333,0.667,0.0,7.667,6.25,30.75,116.0,0,0.5,6.994,21,pro,healthtech,7999,6,0.1,False,2,3,6.661493e-05,Low
CUST11607,5,0,29,31,0,-0.333,-1.0,0.667,-19.0,4.25,25.5,90.5,1,1.5,8.699,16,starter,logistics,999,9,0.58,True,3,4,0.8495495,High
CUST11608,4,14,26,117,1,-0.333,-1.667,-0.667,-0.667,3.5,27.75,109.25,1,1.291,1.708,4,enterprise,edtech,19999,10,0.9,False,0,1,0.022347836,Low
CUST11609,2,1,28,91,0,-1.667,0.0,4.333,-0.333,3.75,18.25,92.25,0,2.363,8.139,38,starter,fintech,999,10,0.42,True,3,2,0.96347135,High
CUST11610,6,3,27,66,1,-0.333,0.667,1.0,1.333,6.0,30.0,70.25,1,0.816,6.481,52,growth,healthtech,2999,4,0.51,False,1,3,0.05329209,Low
CUST11611,8,5,41,105,1,1.333,-0.333,5.333,17.667,6.0,24.75,97.5,1,1.826,13.475,50,growth,edtech,2999,10,0.43,False,1,1,0.0006289722,Low
CUST11612,3,18,36,116,0,-0.333,1.333,-0.333,-1.0,4.25,31.5,81.0,0,1.258,5.916,10,enterprise,healthtech,19999,9,0.27,False,0,3,0.026883181,Low
CUST11613,4,0,23,57,0,0.0,-0.667,3.333,-21.0,3.25,18.5,82.0,1,0.957,5.802,45,starter,fintech,999,6,0.28,True,3,2,0.9981806,High
CUST11614,5,2,24,133,0,0.333,-0.333,0.667,36.667,5.25,25.0,93.25,0,1.258,4.082,40,starter,logistics,999,3,0.13,False,3,4,0.0018181596,Low
CUST11615,7,15,27,117,0,0.0,-0.667,2.667,1.667,5.75,29.75,105.25,0,1.5,8.694,25,enterprise,logistics,19999,1,0.69,False,0,4,0.0013610434,Low
CUST11616,5,3,23,128,0,-0.333,-0.333,3.333,-7.667,4.75,21.25,117.25,0,1.258,7.676,48,growth,edtech,2999,4,0.37,False,1,1,0.0017377216,Low
CUST11617,4,1,24,94,0,0.0,-0.667,2.0,10.333,4.25,19.0,106.5,0,0.5,5.292,17,starter,ecommerce,999,9,0.76,False,3,0,0.004504247,Low
CUST11618,5,10,25,94,0,0.0,1.667,3.333,-0.667,6.0,23.5,100.5,0,1.414,5.745,13,pro,edtech,7999,7,0.38,False,2,1,0.01106657,Low
CUST11619,4,9,20,107,0,-0.333,0.333,-3.333,19.0,4.5,27.25,114.0,1,1.291,5.252,18,pro,fintech,7999,4,0.87,False,2,2,0.0007209136,Low
CUST11620,6,8,30,100,0,0.667,0.333,0.333,1.667,4.75,30.5,116.75,0,1.5,3.873,24,growth,edtech,2999,3,0.9,False,1,1,0.001551135,Low
CUST11621,5,0,16,53,0,-0.667,0.0,-1.667,-4.333,4.75,19.0,62.0,1,1.708,10.424,22,starter,edtech,999,5,0.93,True,3,1,0.9948501,High
CUST11622,3,6,31,55,0,-1.333,0.667,6.333,-15.667,4.25,22.75,103.75,0,2.217,9.287,28,growth,fintech,2999,3,0.48,False,1,2,0.01898724,Low
CUST11623,4,0,23,67,1,-1.0,-1.0,-3.333,-1.667,5.75,29.25,77.25,1,1.258,6.85,28,starter,logistics,999,3,0.22,True,3,4,0.96057487,High
CUST11624,6,1,15,65,1,0.667,0.0,0.333,8.0,4.75,25.0,62.75,2,0.957,12.675,27,starter,edtech,999,9,0.53,True,3,1,0.9714632,High
CUST11625,5,5,22,80,0,-0.333,1.0,1.0,-12.0,5.5,23.75,121.0,0,0.577,4.272,5,growth,ecommerce,2999,3,0.94,False,1,0,0.0032885252,Low
CUST11626,4,15,40,102,0,-0.667,0.0,4.667,-8.333,5.0,33.25,128.75,0,1.155,7.805,21,enterprise,ecommerce,19999,3,0.43,False,0,0,0.0019259234,Low
CUST11627,4,11,27,135,1,0.0,1.667,3.0,-0.333,5.25,25.5,135.5,1,1.5,7.326,17,pro,fintech,7999,9,0.93,False,2,2,0.00063904433,Low
CUST11628,3,9,19,57,0,-0.333,0.333,1.0,0.667,3.0,16.75,53.25,0,1.414,9.106,11,pro,healthtech,7999,2,0.82,True,2,3,0.99859923,High
CUST11629,3,15,23,142,0,-0.333,0.333,1.333,24.333,3.25,24.25,110.0,0,0.5,5.5,34,enterprise,ecommerce,19999,10,0.81,False,0,0,0.00013524776,Low
CUST11630,4,0,24,83,0,0.0,-0.333,-5.667,-21.667,4.0,28.25,96.5,1,0.816,10.72,32,starter,saas,999,5,0.52,False,3,5,0.17545311,Low
CUST11631,3,2,26,89,0,-0.667,0.667,0.667,-7.667,4.25,29.75,88.75,1,1.5,6.238,19,starter,fintech,999,10,0.96,False,3,2,0.08608249,Low
CUST11632,5,0,16,143,0,0.0,-1.333,1.667,8.667,5.75,18.0,124.0,0,1.5,8.287,19,growth,healthtech,2999,9,0.59,False,1,3,0.002851947,Low
CUST11633,4,4,31,130,0,0.333,-1.0,0.667,1.667,5.5,31.0,138.25,1,2.38,1.414,10,growth,saas,2999,4,0.49,False,1,5,0.00067137217,Low
CUST11634,2,2,20,107,0,-0.667,-1.0,-1.667,16.667,4.0,19.75,92.0,1,1.414,6.85,47,growth,fintech,2999,7,0.1,True,1,2,0.98758984,High
CUST11635,3,5,25,122,0,-1.333,1.333,3.0,28.0,4.5,26.75,97.25,0,1.732,9.069,26,growth,ecommerce,2999,4,0.46,False,1,0,0.00853741,Low
CUST11636,3,2,26,138,1,-2.0,-1.0,-2.333,22.333,6.0,33.25,132.75,1,2.944,5.439,20,growth,logistics,2999,4,0.66,False,1,4,0.0046831695,Low
CUST11637,5,2,27,174,0,-0.667,-0.333,3.333,39.667,5.75,20.25,118.25,0,0.957,8.995,10,starter,edtech,999,9,0.14,False,3,1,0.00021845773,Low
CUST11638,6,3,21,129,0,0.667,-0.333,-5.333,4.0,4.5,32.0,121.0,1,1.0,8.446,38,growth,edtech,2999,4,0.15,False,1,1,0.0026139936,Low
CUST11639,6,16,23,74,0,0.0,0.333,-1.0,-3.333,6.0,19.5,80.25,1,0.0,9.747,39,enterprise,healthtech,19999,5,0.4,False,0,3,0.116542995,Low
CUST11640,4,12,21,109,0,0.333,1.0,-1.333,-6.333,3.5,24.25,101.5,0,0.577,5.737,38,pro,healthtech,7999,4,0.92,False,2,3,0.005747742,Low
CUST11641,5,4,26,156,0,-0.333,0.0,-2.0,12.667,5.25,25.75,117.25,0,0.957,4.5,42,growth,edtech,2999,9,0.58,False,1,1,7.4990545e-05,Low
CUST11642,0,2,29,82,0,-1.667,0.333,4.667,5.333,3.75,21.0,76.0,0,2.63,10.033,51,starter,logistics,999,3,0.33,True,3,4,0.9627082,High
CUST11643,5,1,29,72,0,-0.333,-1.0,-0.333,4.333,5.25,20.75,76.25,0,0.5,10.626,50,starter,logistics,999,10,0.59,False,3,4,0.056940436,Low
CUST11644,6,3,8,85,0,0.667,0.333,-5.667,-18.667,5.5,23.25,105.0,0,1.915,11.529,49,starter,logistics,999,7,0.76,False,3,4,0.07304653,Low
CUST11645,2,7,10,83,0,-0.333,0.667,-5.333,-13.667,3.0,24.0,95.75,0,0.816,9.832,25,pro,ecommerce,7999,4,0.57,True,2,0,0.9859577,High
CUST11646,4,4,12,35,1,0.0,-1.333,-5.667,-15.0,3.5,16.25,70.75,1,0.577,8.655,17,pro,logistics,7999,5,0.14,True,2,4,0.9996382,High
CUST11647,5,6,29,102,0,0.667,0.333,1.333,-5.667,3.75,25.5,96.75,0,0.957,2.517,37,growth,fintech,2999,8,0.88,False,1,2,0.027797831,Low
CUST11648,2,2,29,93,1,-1.0,0.667,-0.333,-5.333,4.5,31.75,95.0,1,1.732,3.096,4,starter,ecommerce,999,4,0.28,True,3,0,0.967794,High
CUST11649,5,12,24,106,0,0.0,-1.667,-1.667,4.667,5.0,23.25,111.0,0,0.0,7.136,33,enterprise,ecommerce,19999,6,0.12,False,0,0,0.00117083,Low
CUST11650,4,14,18,84,0,0.0,1.0,-0.333,10.0,4.5,14.5,82.0,0,1.0,4.796,34,enterprise,healthtech,19999,5,0.58,True,0,3,0.8946118,High
CUST11651,6,13,47,125,0,0.0,-0.667,4.0,10.667,6.0,33.75,98.5,0,1.633,9.912,41,enterprise,edtech,19999,10,0.74,False,0,1,0.00020360123,Low
CUST11652,2,5,11,34,1,-0.667,0.0,-7.667,-28.333,4.0,22.25,74.25,2,1.633,10.243,43,growth,edtech,2999,8,0.43,True,1,1,0.9948049,High
CUST11653,4,2,33,61,0,-1.0,-0.667,-6.333,-6.0,6.0,34.75,81.0,1,2.449,13.937,5,growth,healthtech,2999,5,0.31,False,1,3,0.0683903,Low
CUST11654,4,5,30,60,0,0.0,-0.333,1.333,-8.667,4.25,29.75,103.0,0,0.5,2.872,32,growth,fintech,2999,3,0.49,False,1,2,0.0032187095,Low
CUST11655,3,8,30,88,0,-1.333,-1.0,5.667,15.333,5.0,19.5,82.75,0,1.633,9.037,33,pro,edtech,7999,4,0.7,False,2,1,0.0075703887,Low
CUST11656,6,10,19,84,0,0.333,1.0,3.0,25.667,5.25,24.5,75.5,0,0.5,12.179,7,pro,ecommerce,7999,5,0.58,False,2,0,0.00424721,Low
CUST11657,3,0,24,135,0,-1.0,-0.333,-1.333,22.667,5.25,26.5,100.0,0,1.708,4.435,9,starter,fintech,999,7,0.83,False,3,2,0.0012755024,Low
CUST11658,2,4,12,51,0,-1.667,1.333,-2.667,-14.333,4.25,14.75,68.25,0,2.062,4.573,10,starter,healthtech,999,4,0.8,True,3,3,0.9970726,High
CUST11659,3,3,16,97,0,-0.667,-1.333,4.0,0.333,5.0,14.75,95.0,0,1.633,7.455,36,growth,healthtech,2999,5,0.34,False,1,3,0.069603056,Low
CUST11660,4,15,33,100,0,-0.667,1.0,2.667,4.333,5.25,31.75,85.75,1,1.5,4.992,47,enterprise,ecommerce,19999,8,0.3,False,0,0,0.011323695,Low
CUST11661,10,5,36,117,0,1.667,1.667,0.0,-6.0,6.5,29.25,112.5,1,2.38,10.436,32,starter,fintech,999,5,0.73,False,3,2,0.0013810805,Low
CUST11662,6,4,16,127,1,0.667,-1.0,-2.333,8.0,5.25,21.75,109.0,2,0.957,6.238,11,growth,fintech,2999,1,0.79,False,1,2,0.006456451,Low
CUST11663,5,13,31,89,0,1.333,-0.667,0.667,3.333,3.75,25.75,92.0,1,1.893,7.274,10,enterprise,edtech,19999,10,0.67,True,0,1,0.9056873,High
CUST11664,3,4,28,72,0,-0.667,-1.333,3.0,0.667,5.5,22.25,93.75,0,2.082,4.272,37,growth,healthtech,2999,1,0.9,False,1,3,0.014857165,Low
CUST11665,5,16,32,98,0,0.0,-0.333,-0.333,-4.0,5.25,25.0,115.5,0,0.5,9.764,4,enterprise,edtech,19999,5,0.78,False,0,1,0.005418344,Low
CUST11666,5,0,0,33,0,0.333,-1.0,-6.0,-14.0,3.75,23.5,62.25,0,1.258,19.157,30,starter,ecommerce,999,6,0.21,True,3,0,0.9868815,High
CUST11667,7,19,28,113,0,0.333,1.667,-4.667,-1.667,5.0,32.75,115.75,0,1.826,6.898,38,enterprise,edtech,19999,8,0.95,False,0,1,0.00013108029,Low
CUST11668,4,6,39,109,0,-1.333,0.333,10.0,16.333,6.25,24.5,83.5,1,1.708,12.261,37,growth,saas,2999,5,0.5,False,1,5,0.0018417931,Low
CUST11669,3,3,28,80,0,-0.667,-2.667,-2.0,-6.0,4.75,26.0,104.75,0,1.708,9.055,16,pro,healthtech,7999,1,0.93,False,2,3,0.036408845,Low
CUST11670,6,0,16,33,0,0.667,-0.333,-1.333,-8.0,4.25,20.75,47.5,0,1.258,5.737,41,starter,ecommerce,999,1,0.19,False,3,0,0.29211473,Low
CUST11671,3,3,32,93,0,-0.667,-0.333,0.333,2.0,4.5,29.75,68.5,0,1.291,2.217,36,starter,healthtech,999,1,0.15,True,3,3,0.8480868,High
CUST11672,5,4,16,105,0,0.0,-0.333,-7.0,-10.0,4.5,26.0,101.75,1,1.0,9.345,7,growth,healthtech,2999,2,0.43,False,1,3,0.5812395,Medium
CUST11673,6,3,26,93,1,0.333,-0.667,0.333,-1.667,4.5,27.0,108.0,1,1.291,1.826,29,starter,healthtech,999,9,0.29,False,3,3,0.016334113,Low
CUST11674,3,9,23,94,1,-0.667,-1.333,-4.0,1.0,4.25,28.5,110.25,1,0.957,5.508,22,enterprise,healthtech,19999,5,0.32,True,0,3,0.92900604,High
CUST11675,4,9,9,84,0,-0.333,-1.0,1.667,-8.0,3.5,14.75,88.5,0,1.291,10.046,14,pro,ecommerce,7999,7,0.31,True,2,0,0.9971317,High
CUST11676,5,2,34,37,0,0.333,-0.333,4.0,-8.0,3.5,25.5,58.25,0,2.38,6.557,15,starter,edtech,999,5,0.52,True,3,1,0.9837413,High
CUST11677,4,2,14,72,0,0.0,0.667,-0.333,1.667,3.5,20.25,63.25,1,1.0,10.532,28,starter,edtech,999,7,0.93,True,3,1,0.9968092,High
CUST11678,1,0,20,90,0,-0.667,-0.667,0.0,6.333,3.75,18.0,82.25,1,2.5,2.828,19,starter,logistics,999,8,0.22,True,3,4,0.99329525,High
CUST11679,3,11,22,50,0,-0.667,0.333,3.0,-6.0,4.0,17.5,57.5,1,1.155,6.455,21,pro,logistics,7999,2,0.48,True,2,4,0.97056603,High
CUST11680,3,5,35,133,0,0.0,1.333,4.667,25.333,5.0,28.0,84.0,0,2.449,5.944,32,starter,fintech,999,9,0.3,False,3,2,0.00091237633,Low
CUST11681,2,7,24,54,0,-0.667,-0.667,0.333,-14.667,3.5,21.5,86.0,0,1.0,7.326,24,pro,saas,7999,9,0.92,True,2,5,0.75803643,High
CUST11682,6,6,12,74,0,0.0,-2.0,-7.667,-21.667,5.5,20.5,105.5,1,1.0,10.214,30,pro,edtech,7999,5,0.34,False,2,1,0.39668015,Medium
CUST11683,4,11,18,40,0,0.333,0.333,-2.333,-24.0,4.25,21.0,72.75,1,1.258,3.162,52,pro,healthtech,7999,9,0.17,False,2,3,0.017902792,Low
CUST11684,8,12,26,83,0,1.0,-2.0,2.0,7.667,5.75,22.0,74.75,0,1.708,2.828,28,enterprise,healthtech,19999,1,0.96,False,0,3,0.004624252,Low
CUST11685,5,11,23,90,0,-0.333,0.333,3.333,16.667,5.75,19.5,84.0,0,0.957,10.017,11,pro,fintech,7999,2,0.92,False,2,2,0.0031692781,Low
CUST11686,4,2,26,63,0,0.0,-0.667,1.667,-19.667,3.25,27.0,82.0,1,1.5,6.377,19,starter,saas,999,5,0.4,True,3,5,0.97520125,High
CUST11687,8,0,23,78,1,1.667,0.0,1.0,-12.0,4.75,22.5,79.0,1,2.363,2.646,21,starter,saas,999,1,0.29,True,3,5,0.9637605,High
CUST11688,7,5,24,102,0,-0.667,0.667,0.0,1.667,6.25,22.5,101.5,0,2.217,1.732,10,growth,ecommerce,2999,5,0.78,False,1,0,0.008795523,Low
CUST11689,5,3,19,57,0,0.667,-0.333,-3.333,-23.333,3.25,22.75,95.5,2,1.258,6.85,39,starter,logistics,999,10,0.49,False,3,4,0.96654755,High
CUST11690,3,4,19,74,1,-1.0,0.333,1.0,-8.0,3.5,18.75,81.5,1,1.732,2.062,51,growth,saas,2999,2,0.48,True,1,5,0.9871911,High
CUST11691,9,3,32,125,1,1.667,0.333,3.667,5.0,5.0,26.25,122.5,1,2.708,4.573,36,growth,ecommerce,2999,9,0.65,False,1,0,0.00058640423,Low
CUST11692,3,8,18,140,0,-1.0,0.333,-2.667,29.0,4.75,27.25,87.0,1,1.258,7.182,6,pro,logistics,7999,3,0.77,False,2,4,0.005426884,Low
CUST11693,2,1,23,66,0,0.0,-1.0,-7.333,-3.0,4.0,30.25,95.25,1,2.309,12.148,42,starter,healthtech,999,10,0.34,False,3,3,0.10192292,Low
CUST11694,0,5,25,40,1,-2.333,-0.667,4.0,-25.667,3.5,18.5,74.0,1,2.887,9.539,7,growth,logistics,2999,5,0.13,True,1,4,0.9888953,High
CUST11695,7,6,50,126,0,0.667,1.333,11.667,14.667,5.0,34.5,125.75,0,1.633,14.48,12,growth,healthtech,2999,1,0.66,False,1,3,0.000102687474,Low
CUST11696,4,7,26,99,0,-0.667,1.0,-2.0,15.0,5.0,29.75,102.0,0,0.816,6.652,45,growth,ecommerce,2999,1,0.58,False,1,0,0.00079922413,Low
CUST11697,5,0,20,60,1,-0.667,-1.0,1.333,-4.333,4.75,22.75,63.25,3,1.708,8.995,27,starter,edtech,999,10,0.55,True,3,1,0.9979341,High
CUST11698,7,5,12,115,0,0.0,1.333,-8.0,16.0,6.25,19.0,98.5,0,0.957,11.633,51,starter,edtech,999,8,0.48,False,3,1,0.0031831115,Low
CUST11699,8,8,32,106,1,1.667,1.667,2.0,5.0,6.5,26.75,97.75,1,2.38,4.573,34,growth,logistics,2999,6,0.29,False,1,4,0.0005884436,Low
CUST11700,2,14,35,118,0,-1.333,2.0,3.0,8.0,4.75,25.25,96.25,0,1.893,9.639,42,pro,saas,7999,3,0.4,False,2,5,0.0051176706,Low
CUST11701,2,1,17,90,0,-1.0,0.0,1.333,9.667,3.75,16.75,85.25,0,1.5,2.872,25,starter,fintech,999,3,0.55,True,3,2,0.9936127,High
CUST11702,3,0,26,47,0,0.333,-1.0,-0.667,-16.667,2.75,19.75,77.0,0,0.957,8.421,10,starter,healthtech,999,8,0.58,True,3,3,0.9915815,High
CUST11703,4,1,25,110,1,-0.333,0.0,-1.667,9.333,4.25,21.5,94.0,2,0.5,13.178,14,starter,ecommerce,999,4,0.36,True,3,0,0.9228406,High
CUST11704,7,1,23,113,0,0.0,0.333,1.333,14.667,6.0,21.5,103.75,0,1.414,7.55,4,starter,fintech,999,7,0.53,False,3,2,0.0011048744,Low
CUST11705,3,0,20,52,0,-0.667,-1.333,1.333,-25.333,4.0,19.25,81.5,0,1.826,4.272,36,starter,saas,999,1,0.75,True,3,5,0.9968713,High
CUST11706,7,6,37,65,0,0.333,0.0,1.0,-14.667,5.25,31.75,89.25,0,1.5,4.787,49,growth,ecommerce,2999,5,0.85,False,1,0,0.002624527,Low
CUST11707,2,2,26,104,1,-1.667,-0.333,-4.333,-5.333,4.0,26.0,95.75,1,2.449,9.201,23,growth,saas,2999,3,0.37,True,1,5,0.9445501,High
CUST11708,6,0,36,86,0,0.333,-1.333,4.667,-15.667,5.5,24.25,115.75,1,0.577,8.732,8,starter,saas,999,7,1.0,False,3,5,0.008933187,Low
CUST11709,4,1,14,125,0,-0.667,-0.667,-3.0,-3.667,5.5,19.0,94.25,0,1.291,6.481,47,starter,edtech,999,10,0.8,True,3,1,0.80826765,High
CUST11710,6,7,27,126,0,1.0,2.333,0.667,1.0,4.75,27.25,116.75,1,2.062,1.708,8,starter,fintech,999,6,0.55,False,3,2,0.0014355021,Low
CUST11711,3,2,32,111,0,-1.333,0.667,3.667,-17.0,5.0,25.75,107.75,0,1.826,5.188,19,starter,saas,999,10,0.73,False,3,5,0.0054403148,Low
CUST11712,4,0,13,107,1,-0.333,-2.0,-5.0,-0.667,4.25,22.75,104.5,2,1.708,7.411,8,starter,logistics,999,3,0.53,True,3,4,0.9813628,High
CUST11713,2,0,20,63,0,-1.333,-0.333,-3.0,-8.667,4.25,21.5,72.0,0,1.708,5.802,14,starter,edtech,999,8,0.42,True,3,1,0.9841616,High
CUST11714,3,17,27,130,0,-0.667,1.333,0.667,8.667,5.0,29.0,103.5,0,2.16,6.055,44,enterprise,saas,19999,3,0.28,False,0,5,0.0006955373,Low
CUST11715,3,16,30,103,0,-0.667,1.0,3.333,3.333,5.25,19.0,99.75,0,1.708,9.416,8,enterprise,fintech,19999,5,0.83,False,0,2,0.016967582,Low
CUST11716,6,13,14,144,0,0.0,2.333,-6.333,6.667,4.5,29.75,118.25,0,1.915,11.354,18,pro,ecommerce,7999,6,0.47,False,2,0,0.00032474747,Low
CUST11717,7,7,10,68,0,0.333,1.0,-7.333,-2.0,5.5,26.25,87.0,0,1.291,11.026,14,growth,ecommerce,2999,6,0.86,False,1,0,0.03592507,Low
CUST11718,1,1,10,60,0,-1.667,-1.0,-4.0,-4.333,4.25,19.5,78.25,0,2.754,8.544,35,starter,ecommerce,999,2,0.66,True,3,0,0.9963831,High
CUST11719,5,7,35,152,0,0.0,-1.667,0.0,32.0,5.25,31.75,116.5,0,0.5,6.5,27,pro,ecommerce,7999,10,0.75,False,2,0,2.5516141e-05,Low
CUST11720,2,4,38,119,0,-1.333,0.667,6.333,11.667,4.0,24.25,91.25,1,1.826,9.743,4,growth,saas,2999,5,0.54,True,1,5,0.93686324,High
CUST11721,3,2,18,68,1,0.0,0.667,-2.667,-11.667,3.75,21.75,74.75,1,1.5,6.238,19,starter,ecommerce,999,8,0.75,True,3,0,0.9949405,High
CUST11722,8,0,21,87,0,0.333,-0.333,-1.333,1.333,6.25,24.5,69.0,1,1.708,5.447,25,starter,saas,999,6,0.85,False,3,5,0.65626204,High
CUST11723,7,13,28,116,0,-0.333,-0.667,1.333,2.333,7.0,24.25,111.25,0,0.816,5.188,46,enterprise,healthtech,19999,8,0.88,False,0,3,0.00040011914,Low
CUST11724,3,0,21,109,0,-0.667,-1.667,-1.333,-7.333,4.25,23.0,106.5,0,0.957,8.327,44,starter,edtech,999,8,0.92,False,3,1,0.03105586,Low
CUST11725,5,0,37,96,0,-1.0,0.0,6.333,9.0,6.75,23.25,93.5,0,1.5,14.033,10,starter,ecommerce,999,1,0.82,False,3,0,0.029900964,Low
CUST11726,3,0,17,81,0,-0.333,-2.0,-4.0,2.667,3.5,21.0,90.5,0,0.577,13.392,14,growth,healthtech,2999,3,0.56,True,1,3,0.99532545,High
CUST11727,7,3,0,39,0,1.0,0.0,-8.0,-12.667,4.5,19.75,66.5,0,1.732,13.769,34,growth,ecommerce,2999,5,0.95,False,1,0,0.049740285,Low
CUST11728,6,3,8,69,0,1.333,-0.333,-5.667,-20.667,4.5,22.25,103.5,0,1.915,10.145,17,growth,edtech,2999,2,0.63,False,1,1,0.11607909,Low
CUST11729,4,6,41,135,0,0.0,1.0,7.333,15.333,4.25,25.25,92.0,0,0.5,10.532,19,growth,edtech,2999,7,0.92,False,1,1,0.0007841162,Low
CUST11730,5,8,54,94,0,-0.667,1.0,12.0,-12.0,5.5,34.0,115.0,2,1.915,14.9,25,growth,logistics,2999,2,0.3,False,1,4,0.0063323234,Low
CUST11731,6,2,39,70,0,0.0,0.0,8.0,-6.333,6.25,26.5,104.75,0,0.5,10.116,4,starter,edtech,999,5,0.32,False,3,1,0.0020277288,Low
CUST11732,4,6,28,82,1,0.0,0.667,6.0,0.667,2.75,15.75,92.0,1,1.5,10.782,46,growth,fintech,2999,5,0.29,True,1,2,0.98467326,High
CUST11733,3,3,11,68,1,0.0,0.667,-2.333,2.0,3.5,13.75,73.25,3,1.0,7.182,39,starter,logistics,999,8,0.59,True,3,4,0.9995521,High
CUST11734,2,2,25,101,0,-1.0,-0.333,1.667,-12.667,4.75,28.5,106.0,0,2.5,8.505,36,starter,fintech,999,10,0.24,False,3,2,0.027349554,Low
CUST11735,4,7,31,117,0,0.0,-1.0,3.333,25.333,5.25,23.5,93.25,1,1.5,8.226,41,pro,edtech,7999,3,0.25,False,2,1,0.00060021935,Low
CUST11736,4,2,42,110,0,-1.0,-0.667,11.333,-20.0,4.75,25.25,126.5,0,1.708,13.889,5,growth,edtech,2999,7,0.66,False,1,1,0.011268252,Low
CUST11737,4,0,25,93,0,0.333,0.0,1.333,-6.0,4.0,26.0,90.0,1,0.816,5.598,31,starter,ecommerce,999,8,0.46,True,3,0,0.951824,High
CUST11738,3,1,23,71,0,-1.0,-0.333,4.0,-9.0,4.0,23.25,80.25,0,1.826,9.811,7,starter,edtech,999,7,0.63,True,3,1,0.9845844,High
CUST11739,3,0,11,81,1,-1.0,-1.0,-2.333,-1.667,4.0,16.25,81.0,1,1.414,3.5,6,starter,logistics,999,1,0.79,True,3,4,0.9987036,High
CUST11740,4,1,26,72,0,-0.667,0.333,-1.333,0.333,4.5,28.25,76.25,0,1.0,1.708,41,starter,ecommerce,999,4,0.68,False,3,0,0.06952892,Low
CUST11741,4,4,22,39,0,0.0,1.0,-5.333,-32.667,4.25,26.25,87.5,1,0.5,8.098,24,starter,fintech,999,3,0.19,False,3,2,0.19027542,Low
CUST11742,2,0,41,60,0,-1.333,0.0,5.0,-17.0,4.0,31.25,106.75,1,1.633,7.805,36,starter,healthtech,999,10,0.64,False,3,3,0.08658332,Low
CUST11743,6,0,26,111,0,0.667,0.0,2.667,-1.0,5.0,24.25,112.75,0,1.826,4.193,24,starter,healthtech,999,3,0.7,False,3,3,0.02542901,Low
CUST11744,5,13,21,76,0,0.333,-0.667,3.333,-9.0,4.5,19.75,101.25,1,1.291,7.455,29,enterprise,fintech,19999,2,0.11,False,0,2,0.05812222,Low
CUST11745,3,4,17,64,0,-0.667,0.0,-6.0,-5.333,3.75,29.0,76.0,0,0.957,9.933,9,growth,logistics,2999,5,0.15,False,1,4,0.8192868,High
CUST11746,7,3,28,112,0,0.667,-0.667,-2.0,19.333,5.5,31.5,85.25,0,1.291,4.123,17,growth,logistics,2999,10,0.78,False,1,4,0.00029780055,Low
CUST11747,4,11,9,110,0,0.333,0.667,-3.333,22.667,5.0,15.5,87.5,1,2.16,5.508,27,pro,edtech,7999,2,0.97,False,2,1,0.025771074,Low
CUST11748,3,0,17,46,0,-0.667,0.0,3.0,-10.333,4.0,16.75,72.0,1,1.155,6.344,28,starter,saas,999,1,0.36,True,3,5,0.99679476,High
CUST11749,4,3,35,71,0,0.333,1.0,3.0,-21.0,4.5,31.5,87.5,0,1.291,4.796,5,starter,healthtech,999,7,0.4,False,3,3,0.015669707,Low
CUST11750,4,3,34,77,0,-0.333,1.0,-1.0,-2.0,4.0,26.25,86.0,0,0.816,10.874,38,starter,saas,999,5,0.99,False,3,5,0.049004503,Low
CUST11751,4,4,27,115,0,0.0,-1.333,1.333,13.667,4.75,22.0,105.0,0,1.5,5.598,52,growth,healthtech,2999,3,0.61,False,1,3,0.003349731,Low
CUST11752,6,5,28,58,0,1.333,0.0,4.0,-11.333,4.5,24.0,77.5,0,1.915,7.303,9,growth,edtech,2999,3,0.49,False,1,1,0.076469235,Low
CUST11753,6,3,23,53,0,0.667,-1.333,-0.333,-13.667,4.5,22.75,72.75,0,1.291,1.893,40,growth,saas,2999,4,0.67,False,1,5,0.038656447,Low
CUST11754,4,1,13,57,0,-1.333,-1.0,-4.333,-1.333,3.5,23.5,56.75,0,3.416,7.047,13,starter,logistics,999,5,0.65,True,3,4,0.9950181,High
CUST11755,3,5,6,92,0,-0.333,-1.333,-10.333,-10.333,3.5,24.75,108.75,1,1.291,13.598,10,pro,fintech,7999,5,0.55,True,2,2,0.91695803,High
CUST11756,3,6,23,98,0,-1.0,1.0,2.0,-15.0,4.5,24.5,150.75,0,1.732,5.972,6,growth,saas,2999,2,0.99,False,1,5,0.014273813,Low
CUST11757,5,5,15,81,0,0.333,0.667,-2.0,0.0,3.5,20.5,89.5,1,1.291,5.0,49,growth,logistics,2999,3,0.11,True,1,4,0.90583205,High
CUST11758,6,0,14,116,0,0.667,-1.0,0.667,-6.333,4.5,18.75,103.75,0,1.291,6.994,19,starter,logistics,999,4,0.47,True,3,4,0.77367216,High
CUST11759,1,6,24,74,0,-1.0,0.333,-0.667,-6.333,3.0,24.75,89.5,0,1.414,8.617,18,starter,logistics,999,7,0.94,True,3,4,0.9771277,High
CUST11760,5,2,33,143,0,0.0,-1.333,1.333,23.0,4.75,29.0,109.25,0,0.5,2.828,7,growth,fintech,2999,1,0.84,False,1,2,6.5438675e-05,Low
CUST11761,6,8,28,50,0,1.0,-1.0,5.667,-11.667,4.0,16.25,64.5,0,1.414,9.743,11,pro,healthtech,7999,1,0.25,True,2,3,0.9291811,High
CUST11762,4,0,25,58,1,-0.333,-0.667,3.667,-10.667,4.25,20.5,83.5,2,0.957,10.472,34,starter,logistics,999,1,0.44,True,3,4,0.9969362,High
CUST11763,3,3,9,117,1,0.0,0.667,-4.667,9.0,3.25,18.0,85.5,2,0.5,6.164,9,starter,logistics,999,1,0.17,True,3,4,0.99670756,High
CUST11764,4,0,25,72,0,0.333,0.0,-3.333,-3.0,3.25,25.0,68.0,1,0.957,7.071,45,starter,ecommerce,999,3,0.37,True,3,0,0.9980708,High
CUST11765,5,0,25,51,1,0.333,-0.333,0.667,-25.667,4.25,25.75,86.5,1,0.957,4.272,12,starter,ecommerce,999,9,0.25,True,3,0,0.946205,High
CUST11766,6,16,22,71,0,-1.0,0.333,-2.333,-33.333,6.25,26.0,117.25,0,2.062,7.528,29,enterprise,edtech,19999,10,0.16,False,0,1,0.0015165753,Low
CUST11767,9,9,30,95,1,1.0,0.667,-1.667,1.333,6.5,26.75,94.75,2,1.732,8.5,10,pro,saas,7999,10,0.99,False,2,5,0.0057062563,Low
CUST11768,4,9,19,100,0,-0.333,-0.333,2.333,-3.0,4.25,18.5,100.25,0,0.5,8.963,40,pro,logistics,7999,4,0.15,False,2,4,0.13209814,Low
CUST11769,3,11,40,138,1,0.0,-1.667,5.333,2.0,4.5,26.75,118.75,1,1.732,9.142,41,enterprise,healthtech,19999,3,0.25,False,0,3,0.0011118863,Low
CUST11770,5,3,30,85,0,0.0,-0.333,0.0,-10.0,4.5,27.0,88.5,0,0.577,3.83,16,growth,fintech,2999,2,0.4,False,1,2,0.099991605,Low
CUST11771,2,5,21,111,0,-0.667,0.333,-4.0,13.0,4.5,25.0,87.5,0,1.915,5.477,37,growth,healthtech,2999,8,0.24,True,1,3,0.87333745,High
CUST11772,3,8,25,95,0,0.0,-0.667,0.667,-6.333,3.5,27.5,114.0,0,0.577,4.203,6,pro,logistics,7999,9,0.48,False,2,4,0.007031907,Low
CUST11773,2,7,28,112,0,-1.333,0.0,-2.667,10.333,4.75,29.25,96.0,0,1.893,12.685,34,growth,ecommerce,2999,2,0.26,False,1,0,0.03781191,Low
CUST11774,3,0,16,93,1,0.333,-1.667,-6.667,-5.333,3.5,24.0,101.25,2,1.291,9.092,32,starter,edtech,999,4,0.54,True,3,1,0.995269,High
CUST11775,3,15,27,122,0,0.333,1.0,-0.667,11.0,3.25,30.75,113.5,0,1.258,12.285,25,enterprise,logistics,19999,10,0.9,False,0,4,0.000975514,Low
CUST11776,5,2,24,55,0,-0.333,-0.333,1.667,-26.333,4.75,26.75,99.25,0,1.258,12.393,28,starter,healthtech,999,8,0.32,False,3,3,0.14825085,Low
CUST11777,3,0,15,114,0,-0.333,-1.0,-7.333,4.667,3.75,26.5,104.0,0,0.957,11.619,27,starter,saas,999,8,0.65,False,3,5,0.046665736,Low
CUST11778,3,2,16,111,0,-1.333,0.0,-2.667,11.0,5.75,20.75,103.25,2,2.217,3.594,36,starter,edtech,999,9,0.43,False,3,1,0.060662694,Low
CUST11779,6,18,30,106,0,0.333,0.0,0.667,12.667,5.25,32.0,105.25,0,0.957,4.83,21,enterprise,healthtech,19999,9,0.97,False,0,3,0.00017650986,Low
CUST11780,4,3,33,82,0,0.333,-1.333,3.333,-13.333,4.5,25.5,106.5,1,1.291,5.568,5,growth,ecommerce,2999,1,0.13,False,1,0,0.01230435,Low
CUST11781,7,3,33,43,1,0.667,0.667,3.667,-11.0,5.0,28.5,97.25,2,1.633,4.655,7,starter,logistics,999,8,0.31,False,3,4,0.014676585,Low
CUST11782,7,6,22,40,0,1.0,-0.333,-2.0,-33.667,5.25,22.5,97.25,0,1.258,5.0,52,pro,logistics,7999,7,0.15,False,2,4,0.0012432116,Low
CUST11783,2,6,7,79,0,-0.333,0.333,-8.0,2.667,2.75,19.0,72.5,0,0.957,10.328,19,growth,saas,2999,4,0.81,True,1,5,0.9970927,High
CUST11784,6,9,14,108,0,0.0,0.333,0.0,12.667,4.75,19.75,97.0,1,1.5,10.21,52,pro,edtech,7999,6,0.15,False,2,1,0.013146296,Low
CUST11785,4,5,15,73,0,0.333,0.667,-8.667,-10.667,3.25,27.0,83.0,1,0.5,11.165,24,growth,ecommerce,2999,3,0.18,False,1,0,0.24024265,Low
CUST11786,3,0,23,70,0,-0.333,-1.667,-0.667,-0.333,3.5,25.0,82.5,0,2.082,5.099,4,starter,healthtech,999,10,0.56,True,3,3,0.9896288,High
CUST11787,6,12,23,155,0,-0.333,1.667,-1.0,8.333,5.5,27.75,114.25,2,1.291,5.123,46,pro,healthtech,7999,5,0.53,False,2,3,0.00017488952,Low
CUST11788,3,3,26,54,0,0.333,-1.0,4.0,-18.333,3.5,24.25,85.75,0,2.38,7.228,29,growth,saas,2999,2,0.62,True,1,5,0.9647128,High
CUST11789,6,3,28,106,0,-0.667,0.333,0.667,22.0,6.25,28.75,80.0,0,1.708,5.737,16,growth,edtech,2999,8,0.55,False,1,1,0.001176218,Low
CUST11790,6,7,32,154,0,0.333,0.667,7.333,17.667,5.75,22.5,114.0,0,0.957,9.713,52,growth,ecommerce,2999,2,0.35,False,1,0,0.00010819617,Low
CUST11791,6,3,31,64,0,0.0,1.0,3.667,-20.667,5.5,27.25,84.0,1,0.577,5.188,10,starter,saas,999,5,0.48,False,3,5,0.016389329,Low
CUST11792,6,0,27,63,0,0.0,0.0,4.667,-10.0,5.75,27.25,109.25,0,0.5,11.087,25,starter,fintech,999,6,0.33,False,3,2,0.004548784,Low
CUST11793,6,8,34,111,0,1.0,0.667,1.667,4.0,4.75,26.0,87.75,0,1.5,7.616,52,growth,fintech,2999,10,0.14,False,1,2,0.0023644015,Low
CUST11794,4,0,19,34,1,0.667,0.0,-1.0,-18.0,3.0,20.25,67.0,1,1.155,2.062,13,starter,healthtech,999,3,0.8,True,3,3,0.99763274,High
CUST11795,5,4,34,89,1,0.333,-1.667,8.667,-9.0,4.75,27.75,102.0,1,0.957,13.913,7,growth,edtech,2999,4,0.88,False,1,1,0.04525878,Low
CUST11796,3,8,21,139,0,-0.333,1.333,-2.0,7.333,4.0,23.25,110.0,0,1.414,2.63,45,growth,edtech,2999,1,0.68,False,1,1,0.00029992443,Low
CUST11797,4,9,25,80,0,-0.667,-0.333,2.0,6.667,5.0,22.5,75.25,1,1.155,4.123,24,pro,healthtech,7999,8,0.23,False,2,3,0.10047933,Low
CUST11798,1,2,31,49,0,-1.333,-0.667,-0.333,-15.333,3.5,25.75,64.25,1,1.915,7.411,11,starter,ecommerce,999,6,0.8,True,3,0,0.99894947,High
CUST11799,5,4,37,120,1,-0.667,-1.0,5.0,14.0,6.5,26.75,96.5,1,1.291,8.016,33,growth,ecommerce,2999,10,0.55,False,1,0,0.0010361237,Low
CUST11800,5,9,19,120,0,-0.667,0.0,-3.333,12.0,6.0,23.75,106.5,0,1.155,4.573,5,pro,ecommerce,7999,8,0.48,False,2,0,9.9909645e-05,Low
CUST11801,4,2,18,84,0,-0.667,0.667,-2.333,-3.667,4.75,23.0,75.25,1,0.957,6.976,11,starter,ecommerce,999,5,0.63,True,3,0,0.9814509,High
CUST11802,6,7,21,71,0,1.0,1.0,3.0,-23.667,4.75,22.75,109.25,1,1.258,8.261,28,growth,edtech,2999,6,0.42,False,1,1,0.0014917494,Low
CUST11803,3,9,34,51,0,-0.667,-0.333,3.667,-13.667,3.25,21.25,82.5,1,1.258,9.811,12,pro,logistics,7999,4,0.32,False,2,4,0.15649626,Low
CUST11804,4,5,16,87,0,0.667,0.0,-3.0,-4.0,4.75,21.5,80.5,0,2.217,6.557,16,growth,edtech,2999,3,0.32,True,1,1,0.94868356,High
CUST11805,7,3,31,79,0,1.0,-2.0,5.333,-12.667,6.25,19.75,87.25,0,1.5,10.243,34,growth,logistics,2999,8,0.25,False,1,4,0.010029612,Low
CUST11806,3,8,14,73,0,0.0,1.667,1.0,3.667,2.5,16.5,70.75,1,0.577,5.568,19,growth,saas,2999,6,0.49,True,1,5,0.98912466,High
CUST11807,3,10,35,95,0,-0.667,0.0,4.0,-1.0,4.25,26.25,88.0,0,0.957,5.965,41,pro,fintech,7999,5,0.16,False,2,2,0.027427869,Low
CUST11808,1,16,22,112,1,-1.0,0.333,-1.333,22.0,4.25,19.75,75.5,1,2.872,5.315,21,enterprise,healthtech,19999,10,0.24,False,0,3,0.056243874,Low
CUST11809,4,6,41,82,0,0.0,-1.333,1.667,-17.0,4.5,33.5,79.0,0,1.0,7.594,28,pro,fintech,7999,5,0.8,False,2,2,0.041496444,Low
CUST11810,4,9,24,124,0,0.0,-0.333,3.333,12.333,4.25,25.25,106.75,0,0.5,11.354,48,pro,saas,7999,2,0.88,False,2,5,0.00018776984,Low
CUST11811,2,2,17,96,0,-1.667,-0.667,-3.667,0.0,4.0,19.5,82.5,0,2.16,10.97,50,growth,logistics,2999,7,0.63,True,1,4,0.9898645,High
CUST11812,8,5,15,113,0,0.667,-0.333,-10.333,11.333,5.5,29.75,91.25,0,2.082,12.79,34,growth,healthtech,2999,6,0.31,False,1,3,0.0030183985,Low
CUST11813,1,2,10,54,0,-1.0,0.667,-9.333,-4.667,1.75,22.25,65.5,1,1.708,12.176,11,starter,ecommerce,999,4,0.15,True,3,0,0.9981558,High
CUST11814,7,15,22,131,0,1.0,0.333,-3.667,16.0,4.75,28.25,108.0,2,1.708,4.646,52,enterprise,saas,19999,7,0.36,False,0,5,0.00013236218,Low
CUST11815,5,9,16,76,0,0.0,0.0,-2.0,24.333,4.5,23.25,75.0,0,1.732,13.793,27,pro,fintech,7999,9,0.94,False,2,2,0.03798174,Low
CUST11816,4,5,25,49,0,-0.667,1.333,-1.333,-15.667,4.5,20.5,88.5,1,1.291,9.11,6,starter,saas,999,9,0.13,False,3,5,0.073797815,Low
CUST11817,0,0,25,93,0,-1.333,-0.667,3.333,5.667,3.5,23.0,84.25,0,2.517,5.888,36,starter,healthtech,999,9,0.84,True,3,3,0.9836659,High
CUST11818,7,7,5,96,1,1.0,-0.333,-9.667,-2.667,5.75,21.0,98.25,1,1.258,13.089,29,pro,healthtech,7999,5,0.26,False,2,3,0.016038815,Low
CUST11819,2,0,4,98,0,-1.333,-1.0,-8.0,-4.0,5.25,18.25,93.5,1,2.217,10.532,26,starter,edtech,999,8,0.44,False,3,1,0.22196738,Low
CUST11820,7,14,26,90,1,-0.333,-0.667,0.333,6.0,6.0,20.5,81.0,2,2.16,6.856,43,enterprise,edtech,19999,1,0.83,False,0,1,0.032533266,Low
CUST11821,7,10,15,86,0,0.0,-0.333,-4.667,-14.333,4.5,27.0,113.25,1,3.0,8.287,35,pro,ecommerce,7999,10,0.76,False,2,0,0.012969385,Low
CUST11822,4,0,30,68,0,0.0,0.0,2.333,-13.667,4.25,21.5,68.25,1,0.5,6.455,8,starter,logistics,999,9,0.89,True,3,4,0.99648786,High
CUST11823,8,14,9,63,0,0.667,0.0,-1.667,-23.333,6.5,21.0,94.25,1,1.291,12.028,46,enterprise,ecommerce,19999,5,0.76,False,0,0,0.03147438,Low
CUST11824,4,1,32,56,0,-1.0,0.0,5.667,9.0,4.75,27.75,74.5,0,1.5,12.366,45,starter,fintech,999,6,0.29,False,3,2,0.109953575,Low
CUST11825,3,3,33,86,1,-1.333,0.667,3.0,-7.0,4.75,25.25,103.5,1,1.708,7.182,5,starter,edtech,999,10,0.44,True,3,1,0.8139216,High
CUST11826,6,2,17,64,0,0.0,0.667,-6.0,-10.667,5.5,21.25,78.5,0,1.0,9.394,47,starter,ecommerce,999,7,0.37,True,3,0,0.78824216,High
CUST11827,2,2,13,111,0,-1.0,0.667,-6.333,23.0,3.75,30.25,97.75,0,2.062,12.285,19,starter,ecommerce,999,6,0.6,True,3,0,0.41968364,Medium
CUST11828,5,3,32,56,0,-1.667,-1.333,1.667,-12.0,6.0,25.25,79.0,0,2.708,9.743,22,starter,healthtech,999,8,0.92,False,3,3,0.03855059,Low
CUST11829,4,4,11,84,0,0.667,0.0,-1.333,9.667,3.75,14.5,84.75,1,1.708,4.726,13,growth,fintech,2999,4,0.28,True,1,2,0.994239,High
CUST11830,3,3,22,43,0,-0.667,-0.333,-1.333,-34.0,4.0,21.25,103.25,0,1.155,3.775,50,starter,fintech,999,3,0.98,False,3,2,0.018477416,Low
CUST11831,6,15,21,61,0,0.0,-2.333,-4.333,-13.0,6.25,28.0,61.25,0,1.258,10.1,22,enterprise,logistics,19999,10,0.83,False,0,4,0.025607226,Low
CUST11832,3,3,7,56,0,-0.333,-1.0,-3.333,-12.667,4.0,13.5,69.25,1,0.816,7.895,30,growth,healthtech,2999,9,0.69,True,1,3,0.9992986,High
CUST11833,5,7,24,110,0,0.0,-1.0,-2.0,17.333,4.75,30.0,95.25,1,0.5,4.32,49,pro,ecommerce,7999,3,0.53,False,2,0,0.000729527,Low
CUST11834,6,0,29,102,0,-0.333,-0.667,3.333,12.333,5.5,22.0,93.0,0,1.732,6.218,34,starter,healthtech,999,4,0.89,False,3,3,0.003777184,Low
CUST11835,6,15,45,93,0,0.667,0.333,7.333,31.0,5.0,25.25,61.25,1,1.155,14.841,35,enterprise,logistics,19999,1,0.87,False,0,4,0.021423383,Low
CUST11836,7,3,22,140,0,0.333,0.333,4.333,18.333,6.5,19.5,118.0,1,0.577,7.047,20,starter,fintech,999,8,0.93,False,3,2,0.000106090636,Low
CUST11837,5,8,31,141,0,0.333,0.0,0.667,30.333,4.5,24.75,79.75,0,0.577,9.251,52,pro,edtech,7999,10,0.98,False,2,1,0.00096712325,Low
CUST11838,3,1,31,107,0,-0.333,-0.333,5.0,1.667,3.5,25.0,94.25,0,1.291,6.976,21,starter,edtech,999,2,0.85,False,3,1,0.7673813,High
CUST11839,3,10,24,120,0,0.0,0.0,3.333,34.0,3.5,23.75,76.75,0,0.577,6.85,38,pro,logistics,7999,8,0.19,False,2,4,0.0016325527,Low
CUST11840,8,2,31,72,0,1.0,-0.333,5.0,-13.333,5.0,22.75,98.5,0,2.16,7.89,27,starter,logistics,999,6,0.41,False,3,4,0.013857462,Low
CUST11841,7,5,21,128,0,0.333,1.0,1.0,2.333,6.0,23.75,119.25,0,1.414,9.605,49,growth,healthtech,2999,2,0.42,False,1,3,0.0009909387,Low
CUST11842,5,4,18,103,1,0.0,-0.333,-3.667,10.333,4.25,26.5,89.0,2,0.957,6.028,52,starter,ecommerce,999,9,0.4,True,3,0,0.9286726,High
CUST11843,8,0,23,107,0,1.667,-0.667,0.0,11.333,5.25,19.75,80.25,0,2.062,5.252,9,growth,saas,2999,10,0.91,False,1,5,0.039125726,Low
CUST11844,6,7,35,118,0,-0.333,-0.333,4.0,1.667,5.25,24.25,95.75,0,2.217,7.365,48,pro,fintech,7999,1,0.36,False,2,2,0.0012674122,Low
CUST11845,5,5,34,88,1,-0.333,0.333,3.333,-8.0,4.5,26.75,99.75,1,1.291,7.805,33,growth,logistics,2999,6,0.5,False,1,4,0.02971723,Low
CUST11846,5,3,19,127,0,0.333,1.0,-1.667,8.333,5.0,24.5,102.0,0,0.816,4.041,34,starter,logistics,999,5,0.73,False,3,4,0.0030582587,Low
CUST11847,4,2,29,107,0,-0.667,0.333,3.333,9.667,5.0,28.0,106.25,0,1.155,6.633,10,starter,logistics,999,3,0.15,False,3,4,0.0011267038,Low
CUST11848,4,0,25,129,0,-0.667,-1.333,-1.0,14.333,6.5,27.75,106.25,2,1.915,8.382,45,starter,ecommerce,999,5,0.71,False,3,0,0.0100855725,Low
CUST11849,2,5,25,74,0,-0.333,1.667,-1.0,-29.0,5.5,30.25,110.25,0,3.512,4.573,6,starter,healthtech,999,10,0.35,False,3,3,0.024660112,Low
CUST11850,4,0,25,131,0,-0.333,-1.0,-4.333,19.667,3.5,25.5,92.0,0,1.732,9.469,29,starter,edtech,999,3,0.16,False,3,1,0.06737308,Low
CUST11851,6,9,26,131,0,0.0,0.0,0.667,17.667,4.75,23.0,88.25,1,1.893,2.582,35,pro,fintech,7999,3,0.38,False,2,2,0.00048237568,Low
CUST11852,5,10,21,46,0,-0.333,0.333,-5.667,-10.667,5.25,25.5,86.25,0,0.5,10.344,46,pro,fintech,7999,8,0.61,False,2,2,0.044103052,Low
CUST11853,2,0,17,91,0,-1.667,-0.333,-2.667,12.333,4.75,24.75,69.0,0,2.217,5.439,12,starter,fintech,999,9,0.76,False,3,2,0.22622985,Low
CUST11854,7,7,12,89,1,0.333,-0.667,-6.333,-3.0,5.75,25.5,102.75,1,1.258,9.256,27,growth,logistics,2999,1,0.41,False,1,4,0.044062644,Low
CUST11855,5,5,20,81,0,-1.0,-1.0,0.0,-28.0,6.0,26.0,97.25,1,1.414,6.976,41,growth,edtech,2999,6,0.62,True,1,1,0.75790596,High
CUST11856,5,13,41,132,1,0.333,-0.667,7.667,9.333,4.75,28.0,104.5,1,0.957,11.804,14,enterprise,logistics,19999,4,0.5,False,0,4,0.0005653315,Low
CUST11857,6,10,27,120,0,1.0,0.667,1.0,8.667,4.5,29.75,108.25,0,1.291,6.021,6,pro,logistics,7999,7,0.58,False,2,4,0.00019475,Low
CUST11858,3,9,24,87,0,-1.0,0.333,-3.333,-19.667,4.25,25.75,95.0,1,1.258,5.679,22,pro,edtech,7999,6,0.13,False,2,1,0.12056759,Low
CUST11859,6,6,35,118,0,0.333,-0.333,5.0,15.333,5.5,27.0,88.25,0,1.291,6.272,38,growth,edtech,2999,8,0.8,False,1,1,0.00032284376,Low
CUST11860,5,4,28,112,0,-0.667,0.333,4.0,-4.333,6.75,29.0,115.25,1,1.258,11.489,49,growth,saas,2999,4,0.39,False,1,5,0.00033347678,Low
CUST11861,3,8,22,53,0,-0.667,-0.667,-4.667,-16.0,5.0,30.75,113.75,1,2.16,8.057,8,pro,fintech,7999,7,0.89,False,2,2,0.005573346,Low
CUST11862,5,6,12,51,0,0.333,1.667,-1.0,-19.0,4.75,18.25,87.5,0,0.957,5.852,7,starter,healthtech,999,2,0.86,False,3,3,0.1659472,Low
CUST11863,6,16,32,88,0,-0.333,1.0,2.667,7.0,5.0,24.75,99.25,1,2.708,4.992,29,enterprise,saas,19999,4,0.2,False,0,5,0.0051025576,Low
CUST11864,6,6,23,85,0,0.0,0.0,-5.0,-6.333,6.5,30.75,105.0,0,1.0,6.185,14,growth,ecommerce,2999,7,0.95,False,1,0,0.0013870265,Low
CUST11865,5,1,23,109,0,-0.333,-0.667,0.333,3.667,6.0,28.75,90.25,1,0.816,7.411,35,growth,logistics,2999,3,0.68,False,1,4,0.042798277,Low
CUST11866,6,13,24,64,0,-0.333,1.333,1.667,-25.333,6.0,24.5,96.75,0,1.414,4.203,27,pro,saas,7999,3,0.51,False,2,5,0.0056710453,Low
CUST11867,3,6,26,125,0,-1.333,0.0,2.0,8.333,5.75,29.0,137.5,1,1.893,7.746,43,growth,fintech,2999,5,0.93,False,1,2,0.0020614562,Low
CUST11868,5,9,26,89,0,-0.333,-0.667,-3.0,-9.667,5.0,25.0,100.0,0,0.816,10.1,31,pro,logistics,7999,7,0.65,True,2,4,0.7398452,High
CUST11869,5,5,19,101,0,0.0,-0.333,2.0,15.0,5.5,17.5,105.75,1,0.577,3.416,5,growth,ecommerce,2999,8,0.87,False,1,0,0.0004240652,Low
CUST11870,6,5,19,164,0,0.333,-1.0,-2.333,8.667,4.75,22.5,131.0,0,1.258,5.323,27,growth,saas,2999,3,0.29,False,1,5,0.0005791153,Low
CUST11871,5,11,43,102,0,-0.667,2.0,8.0,12.0,6.0,22.75,109.0,0,0.816,14.151,12,pro,healthtech,7999,5,0.53,False,2,3,0.00030206633,Low
CUST11872,3,13,29,147,1,-1.333,0.0,4.0,-3.333,4.75,24.5,133.5,2,2.63,5.26,17,pro,saas,7999,6,0.2,False,2,5,0.00936841,Low
CUST11873,7,17,26,82,1,0.0,-0.667,-0.333,-6.333,5.5,24.75,93.75,1,1.915,2.217,45,enterprise,edtech,19999,6,0.18,False,0,1,0.007604883,Low
CUST11874,5,19,24,71,0,0.333,0.333,0.0,-21.333,5.25,28.25,111.75,0,1.258,5.315,35,enterprise,logistics,19999,8,0.18,False,0,4,0.0009348116,Low
CUST11875,2,6,16,77,0,-0.333,-1.0,-7.0,-0.333,2.75,23.0,90.0,0,0.957,9.695,41,pro,edtech,7999,1,0.49,True,2,1,0.993802,High
CUST11876,2,7,24,101,0,-1.0,0.333,-0.667,-9.333,3.75,20.25,109.5,0,1.258,8.884,49,pro,logistics,7999,4,0.43,True,2,4,0.80448467,High
CUST11877,6,2,32,66,0,0.333,-0.667,-2.667,-10.667,4.75,27.0,107.5,0,1.258,11.633,41,growth,ecommerce,2999,3,0.45,False,1,0,0.0055100317,Low
CUST11878,4,1,11,42,0,-0.667,-0.333,-0.667,-26.333,4.75,13.25,73.5,0,1.5,6.344,16,starter,ecommerce,999,1,0.7,True,3,0,0.9874467,High
CUST11879,4,4,18,120,0,0.333,-2.0,-2.333,20.0,4.5,24.5,83.5,0,1.291,8.963,27,pro,ecommerce,7999,1,0.35,False,2,0,0.024419399,Low
CUST11880,4,1,40,89,0,-0.333,-0.333,2.667,-10.667,3.75,32.75,92.0,0,1.893,6.702,51,starter,healthtech,999,8,0.52,True,3,3,0.60425854,High
CUST11881,5,5,21,74,0,0.333,0.0,1.0,-25.0,5.25,22.75,122.5,0,0.957,11.325,45,growth,logistics,2999,4,0.56,False,1,4,0.014608818,Low
CUST11882,5,13,6,72,0,-0.333,-0.667,-5.667,-12.0,4.5,19.25,93.75,0,1.291,9.179,11,enterprise,edtech,19999,3,0.5,True,0,1,0.89101523,High
CUST11883,5,10,38,77,0,0.667,0.333,1.667,-8.333,4.75,29.25,99.75,1,2.363,7.544,31,pro,logistics,7999,5,0.84,False,2,4,0.016340297,Low
CUST11884,3,9,27,61,0,-0.333,0.0,1.667,6.667,2.0,21.75,67.25,1,1.826,4.113,30,pro,saas,7999,4,0.66,True,2,5,0.97263765,High
CUST11885,3,6,19,119,1,-2.0,0.667,0.667,-2.333,5.5,19.25,104.0,1,2.646,3.304,39,growth,healthtech,2999,6,0.56,False,1,3,0.02286191,Low
CUST11886,4,10,23,72,0,0.0,0.333,4.333,4.0,3.75,23.75,78.0,1,1.258,10.21,6,pro,fintech,7999,1,0.19,True,2,2,0.6978182,High
CUST11887,5,3,24,98,0,-0.333,0.333,1.333,15.0,5.25,20.5,76.5,0,0.957,2.517,40,growth,edtech,2999,2,0.18,False,1,1,0.042669624,Low
CUST11888,4,0,34,102,0,-0.667,-0.667,2.333,-10.333,4.25,32.75,106.75,1,1.258,6.238,18,starter,logistics,999,3,0.98,True,3,4,0.7598298,High
CUST11889,7,2,27,102,0,1.0,0.667,-1.333,11.667,4.5,31.25,81.5,0,1.732,10.658,7,starter,ecommerce,999,4,0.71,False,3,0,0.01297615,Low
CUST11890,5,6,15,87,0,-1.333,0.667,-3.333,-5.0,5.5,25.75,85.0,0,2.887,8.995,16,growth,ecommerce,2999,3,0.59,False,1,0,0.14751089,Low
CUST11891,7,4,27,104,1,0.333,0.667,2.333,4.667,4.75,24.25,80.0,1,2.062,4.425,7,starter,healthtech,999,1,0.94,True,3,3,0.9089621,High
CUST11892,3,10,17,40,1,-0.667,0.0,-3.0,-23.333,5.25,18.25,91.5,1,2.062,6.185,27,pro,fintech,7999,9,0.72,False,2,2,0.04862535,Low
CUST11893,7,2,29,72,0,0.333,-0.333,2.333,-20.0,6.0,19.5,99.75,0,0.816,7.767,22,starter,saas,999,10,0.2,False,3,5,0.023015168,Low
CUST11894,5,2,26,50,0,-0.667,0.0,3.667,4.667,5.0,23.5,54.75,1,1.633,6.351,27,starter,edtech,999,2,0.57,True,3,1,0.9262597,High
CUST11895,3,15,24,78,0,-0.667,0.667,-1.0,-7.333,4.5,23.5,101.5,1,1.291,2.887,21,enterprise,saas,19999,3,0.55,False,0,5,0.02823071,Low
CUST11896,6,1,26,95,0,1.333,-0.667,-2.667,4.0,4.25,29.5,90.5,0,2.062,3.697,37,starter,logistics,999,3,0.77,False,3,4,0.025609458,Low
CUST11897,6,12,18,80,0,0.0,0.667,1.0,-6.333,5.5,19.5,79.25,0,1.0,3.873,32,pro,saas,7999,3,0.3,False,2,5,0.19813685,Low
CUST11898,4,6,29,154,0,-0.667,1.333,0.0,15.0,5.75,25.5,121.0,1,1.258,4.123,10,starter,ecommerce,999,5,0.87,False,3,0,0.00045701436,Low
CUST11899,3,9,26,37,0,-0.667,0.333,-1.667,-18.333,3.25,26.25,71.25,1,1.258,5.252,8,pro,ecommerce,7999,5,0.83,True,2,0,0.98509455,High
CUST11900,7,16,23,96,0,0.667,0.0,3.667,-0.667,6.0,22.0,93.5,0,1.155,7.165,23,enterprise,healthtech,19999,10,0.16,False,0,3,0.019444184,Low
CUST11901,4,14,23,55,0,-0.667,-0.333,-6.667,-21.333,5.25,32.75,81.5,1,1.5,8.261,8,enterprise,saas,19999,8,0.58,False,0,5,0.045933973,Low
CUST11902,6,13,19,93,0,1.0,-0.667,-1.667,-4.333,4.75,21.25,102.25,0,1.5,6.85,33,enterprise,fintech,19999,10,0.65,False,0,2,0.011364559,Low
CUST11903,2,3,21,68,0,-0.333,-0.333,-5.0,-0.333,2.0,20.5,62.75,0,1.414,15.067,29,growth,healthtech,2999,5,0.18,True,1,3,0.9990589,High
CUST11904,2,0,26,100,0,-1.0,-1.0,-1.333,6.0,4.0,28.5,100.25,0,1.414,2.38,37,starter,ecommerce,999,6,0.28,False,3,0,0.315352,Medium
CUST11905,7,4,15,88,0,0.333,-0.667,-7.333,-17.667,5.5,19.25,119.25,1,1.732,11.955,14,growth,healthtech,2999,5,0.81,True,1,3,0.7576837,High
CUST11906,7,8,19,138,0,1.0,0.333,-0.333,5.0,3.75,20.5,116.5,0,2.5,7.047,35,growth,saas,2999,6,0.55,False,1,5,0.00030239223,Low
CUST11907,2,5,13,59,1,-1.0,1.667,-5.0,-10.0,3.25,19.25,69.5,2,1.258,6.292,6,starter,fintech,999,2,0.38,True,3,2,0.99934334,High
CUST11908,3,6,26,59,0,-0.667,0.333,-2.667,-36.0,4.5,30.25,98.5,0,1.291,4.924,48,growth,healthtech,2999,2,0.84,False,1,3,0.10059329,Low
CUST11909,5,3,16,69,0,0.0,-1.333,-1.0,-19.333,5.0,17.5,92.75,2,0.0,6.245,11,growth,saas,2999,2,0.7,True,1,5,0.98460823,High
CUST11910,4,4,38,108,0,-0.333,-1.333,2.333,19.333,4.25,31.75,105.0,0,0.5,4.573,17,growth,saas,2999,3,0.93,False,1,5,0.00038055566,Low
CUST11911,4,5,41,101,0,0.667,-1.0,7.333,3.0,3.75,29.25,108.0,0,1.708,13.022,51,growth,fintech,2999,1,0.2,False,1,2,0.0024745292,Low
CUST11912,3,0,23,74,0,-1.333,0.0,1.0,-8.333,4.5,24.0,82.25,0,2.38,3.367,8,starter,saas,999,2,0.7,True,3,5,0.961428,High
CUST11913,4,2,17,129,0,0.0,-0.667,-1.333,20.667,5.0,19.5,99.25,0,1.414,2.38,45,starter,logistics,999,6,0.69,False,3,4,0.0015578824,Low
CUST11914,4,6,18,84,0,-1.667,0.333,-5.0,-9.667,6.25,26.0,102.25,0,2.062,6.272,42,growth,healthtech,2999,8,0.57,False,1,3,0.028253801,Low
CUST11915,4,3,17,129,0,-0.333,-1.333,-3.667,16.0,4.5,25.25,112.75,1,1.291,7.932,15,growth,logistics,2999,9,0.72,False,1,4,0.0013200778,Low
CUST11916,6,0,15,78,0,0.333,-0.667,0.667,-14.333,5.5,23.5,88.25,0,0.577,14.731,43,starter,fintech,999,9,0.91,True,3,2,0.11673694,Low
CUST11917,6,5,21,143,0,0.0,0.0,-1.667,1.333,4.75,21.5,126.0,0,1.893,9.883,13,starter,logistics,999,8,0.33,False,3,4,0.006055464,Low
CUST11918,6,4,36,93,0,0.667,1.333,5.333,-1.0,4.25,23.75,100.0,0,1.708,8.655,16,starter,saas,999,3,0.65,False,3,5,0.021315087,Low
CUST11919,5,0,50,111,0,0.333,-0.333,9.333,1.333,4.75,30.75,104.5,0,0.957,12.945,37,starter,logistics,999,5,0.78,False,3,4,0.0024097324,Low
CUST11920,5,7,32,99,0,0.667,1.333,2.667,-1.667,3.75,21.75,91.0,0,0.957,8.732,29,growth,healthtech,2999,3,0.22,True,1,3,0.90607285,High
CUST11921,6,8,27,75,0,0.0,2.667,-2.667,10.667,5.25,27.5,73.0,0,0.957,5.196,48,starter,edtech,999,4,0.86,False,3,1,0.0031702167,Low
CUST11922,4,6,19,108,0,0.667,-0.333,-3.333,5.0,3.5,19.0,89.5,0,1.0,8.165,47,pro,healthtech,7999,8,0.29,True,2,3,0.68829376,High
CUST11923,0,0,15,79,1,-2.0,-0.333,5.0,5.667,4.25,12.75,72.0,2,2.872,9.912,20,starter,healthtech,999,6,0.43,True,3,3,0.99503505,High
CUST11924,5,5,21,62,0,-0.333,1.0,-6.667,-23.0,5.25,27.5,100.0,1,0.5,9.983,20,growth,ecommerce,2999,3,0.32,True,1,0,0.86329365,High
CUST11925,2,4,41,103,0,-0.667,0.0,6.0,8.0,3.75,36.0,93.0,0,1.258,10.392,24,growth,logistics,2999,2,0.47,False,1,4,0.022138758,Low
CUST11926,6,6,15,105,0,1.0,2.0,-5.333,12.667,5.5,23.75,96.5,1,1.732,6.602,32,growth,edtech,2999,2,0.85,False,1,1,0.0009948683,Low
CUST11927,3,0,35,92,0,0.0,-0.667,4.0,12.0,4.5,25.25,93.75,0,1.732,6.652,33,starter,logistics,999,9,0.28,False,3,4,0.014006234,Low
CUST11928,6,15,10,77,0,0.0,0.333,-4.0,-20.333,5.0,18.0,105.75,0,1.155,5.477,21,enterprise,logistics,19999,2,0.99,False,0,4,0.019602127,Low
CUST11929,8,8,10,112,0,0.667,1.667,-0.667,19.667,5.75,22.0,83.25,0,1.708,12.754,52,growth,fintech,2999,1,0.85,False,1,2,0.0017909739,Low
CUST11930,5,4,32,94,0,-0.333,-0.667,2.667,-14.667,4.0,20.25,102.0,0,2.16,10.905,45,growth,ecommerce,2999,5,0.93,True,1,0,0.9441401,High
CUST11931,8,5,35,109,0,1.333,0.333,1.333,-4.667,5.75,27.25,100.0,0,1.708,7.411,36,growth,logistics,2999,3,0.59,False,1,4,0.0017941975,Low
CUST11932,4,2,17,64,0,-1.333,0.667,-2.667,-28.333,5.0,24.0,92.75,0,2.16,8.083,43,starter,ecommerce,999,5,0.13,True,3,0,0.92794245,High
CUST11933,6,8,27,100,0,1.333,-0.333,0.667,-1.333,4.5,21.75,89.75,0,1.732,5.377,6,pro,healthtech,7999,10,0.93,False,2,3,0.043842398,Low
CUST11934,6,14,26,83,0,1.0,-1.0,2.333,-3.333,4.25,23.5,102.25,0,1.5,9.11,12,enterprise,fintech,19999,3,0.12,False,0,2,0.07145896,Low
CUST11935,5,3,22,95,0,-1.0,0.667,2.0,10.0,6.5,24.0,89.25,0,1.291,6.733,44,starter,fintech,999,3,0.35,False,3,2,0.065818466,Low
CUST11936,4,4,22,98,1,-0.333,1.333,5.0,3.0,5.25,15.5,88.5,2,0.957,6.351,19,starter,saas,999,10,0.13,False,3,5,0.12556252,Low
CUST11937,5,0,5,97,1,0.0,-1.0,-10.667,12.333,4.5,19.25,84.0,2,1.0,13.376,31,starter,saas,999,9,0.49,False,3,5,0.14703225,Low
CUST11938,7,15,22,44,0,1.0,0.0,-2.667,-7.667,5.75,25.75,63.25,0,1.258,5.56,23,enterprise,ecommerce,19999,8,0.74,False,0,0,0.0029884968,Low
CUST11939,5,2,36,124,0,-0.333,-0.667,-1.333,4.0,4.75,34.0,97.5,0,1.258,5.164,4,growth,fintech,2999,6,0.14,False,1,2,0.0049613505,Low
CUST11940,6,2,27,115,0,-0.333,-0.333,1.667,8.0,6.25,20.0,118.5,1,1.708,5.598,36,starter,fintech,999,6,0.56,False,3,2,0.0011656727,Low
CUST11941,3,6,21,37,0,-1.0,1.333,-2.0,-24.0,5.25,27.25,80.25,1,1.5,11.899,30,growth,edtech,2999,2,0.34,False,1,1,0.04260697,Low
CUST11942,3,8,28,96,0,0.333,-1.0,-0.333,-9.0,3.5,24.0,99.25,0,1.291,7.439,19,pro,fintech,7999,3,0.31,False,2,2,0.6763352,High
CUST11943,8,7,15,101,0,0.667,-1.0,-7.333,21.333,5.75,26.0,99.5,0,1.708,11.605,7,pro,ecommerce,7999,8,0.31,False,2,0,0.0026930328,Low
CUST11944,6,9,14,93,0,1.0,0.667,-1.333,-11.0,4.5,19.5,102.75,0,1.291,5.0,10,pro,healthtech,7999,6,0.78,False,2,3,0.020207582,Low
CUST11945,5,6,22,89,0,-0.333,0.667,-2.333,3.333,5.75,25.0,92.0,1,0.5,6.782,15,growth,ecommerce,2999,10,0.58,False,1,0,0.05660619,Low
CUST11946,5,3,27,128,0,0.333,1.0,-4.667,18.0,4.75,22.5,106.0,1,1.708,14.821,8,starter,edtech,999,6,0.91,False,3,1,0.0014088288,Low
CUST11947,4,3,29,155,0,-0.333,-0.333,2.333,27.0,5.0,24.0,112.25,1,0.816,4.397,11,growth,saas,2999,1,0.94,False,1,5,0.00045602585,Low
CUST11948,2,0,0,77,0,-0.333,-0.333,-9.0,-7.0,3.25,15.75,82.25,0,0.957,11.325,36,starter,edtech,999,2,0.87,True,3,1,0.99764615,High
CUST11949,2,0,12,43,0,-1.667,-1.333,-2.0,0.333,4.25,15.5,46.25,0,2.63,3.0,41,starter,ecommerce,999,5,0.98,True,3,0,0.99647176,High
CUST11950,2,2,20,52,0,-1.0,0.667,-3.667,-22.667,3.5,25.25,71.5,1,1.732,7.274,52,starter,healthtech,999,7,0.68,True,3,3,0.9995765,High
CUST11951,6,7,38,112,0,1.0,-0.333,3.667,29.0,4.5,29.25,87.0,2,1.732,8.77,15,pro,ecommerce,7999,7,0.76,False,2,0,0.0012085054,Low
CUST11952,0,3,12,72,0,-1.333,-0.333,-6.0,-7.667,3.0,21.75,87.5,0,2.16,7.411,22,growth,ecommerce,2999,6,0.72,True,1,0,0.9963624,High
CUST11953,6,10,12,116,1,0.0,1.0,-11.333,19.0,4.75,25.75,88.0,2,1.893,14.431,28,pro,logistics,7999,4,0.6,False,2,4,0.0026204938,Low
CUST11954,4,8,22,102,0,-0.667,-0.667,-4.667,-5.667,5.75,23.5,94.75,0,1.258,8.583,31,pro,fintech,7999,5,0.92,False,2,2,0.0055567375,Low
CUST11955,5,5,31,143,0,0.333,0.667,4.0,7.333,4.0,27.5,116.0,0,0.816,7.0,5,growth,saas,2999,5,0.6,False,1,5,0.0002707093,Low
CUST11956,2,6,15,81,0,-0.667,1.0,-5.0,-6.667,3.25,19.5,68.75,0,0.957,8.813,23,growth,fintech,2999,2,0.13,True,1,2,0.9933333,High
CUST11957,7,7,28,105,0,0.0,-1.0,6.0,-7.667,6.5,20.75,90.0,0,1.732,9.777,25,pro,edtech,7999,3,0.6,False,2,1,0.0040307986,Low
CUST11958,2,4,26,35,0,-1.0,0.0,-3.0,-21.667,4.25,26.75,87.25,0,1.5,6.551,40,growth,edtech,2999,2,0.75,False,1,1,0.8535096,High
CUST11959,5,8,28,134,1,0.667,0.0,-2.0,6.667,4.0,23.75,87.5,1,1.155,8.808,15,growth,healthtech,2999,6,0.56,False,1,3,0.02881541,Low
CUST11960,8,3,21,127,1,1.0,0.0,-0.667,-3.667,6.25,22.5,115.0,1,1.5,3.416,20,starter,fintech,999,8,0.96,False,3,2,0.0007008884,Low
CUST11961,2,0,16,58,1,-2.0,0.0,-7.333,-24.0,4.75,23.5,96.75,2,2.5,11.387,44,starter,fintech,999,7,0.72,True,3,2,0.99081236,High
CUST11962,3,1,11,82,0,-1.0,-1.333,-4.0,-8.667,3.25,17.75,95.0,0,2.062,15.903,11,growth,logistics,2999,5,0.14,True,1,4,0.9788094,High
CUST11963,4,2,38,102,0,-1.0,0.667,4.0,11.333,5.75,30.25,114.0,0,1.5,6.946,23,starter,logistics,999,2,0.63,False,3,4,0.0010155085,Low
CUST11964,0,4,0,78,1,-1.0,-1.667,-10.0,-14.667,3.75,17.25,89.5,1,2.986,12.685,42,pro,logistics,7999,10,0.81,True,2,4,0.96921855,High
CUST11965,5,0,16,87,0,0.333,0.0,0.0,8.0,5.0,20.25,70.25,0,2.16,5.315,43,starter,edtech,999,4,0.12,True,3,1,0.98132265,High
CUST11966,5,4,30,76,0,0.667,0.0,5.0,-1.667,4.75,20.0,90.5,0,1.258,9.129,19,growth,fintech,2999,7,0.49,False,1,2,0.5363933,Medium
CUST11967,3,0,9,77,0,-1.0,0.0,-8.0,8.667,3.75,17.5,65.25,2,1.708,10.724,49,starter,fintech,999,1,0.31,True,3,2,0.9994011,High
CUST11968,1,8,15,85,0,-1.0,-0.667,-3.0,-11.0,3.0,24.5,115.75,0,1.414,7.767,4,pro,logistics,7999,1,0.4,False,2,4,0.1489637,Low
CUST11969,5,5,4,85,0,-0.333,-0.333,-13.667,-8.333,5.75,31.75,123.5,0,0.957,20.106,38,growth,logistics,2999,4,0.88,False,1,4,0.0070185116,Low
CUST11970,4,7,19,45,0,0.0,0.333,-1.667,-23.0,5.0,27.75,93.5,2,1.414,8.539,23,growth,logistics,2999,9,0.88,True,1,4,0.07658138,Low
CUST11971,7,3,27,143,0,1.333,0.333,-3.667,6.667,4.75,31.0,99.5,1,1.708,4.967,35,starter,saas,999,2,0.37,False,3,5,0.0041689416,Low
CUST11972,5,0,27,81,0,0.333,0.0,-0.667,5.333,4.75,27.0,74.5,0,0.5,2.16,26,starter,edtech,999,2,0.31,False,3,1,0.033693004,Low
CUST11973,3,0,36,62,1,-1.0,-0.333,4.0,-6.667,5.0,23.0,63.75,2,1.414,10.646,33,starter,edtech,999,2,0.67,True,3,1,0.996648,High
CUST11974,3,0,17,71,0,-1.0,0.0,-6.333,-10.333,4.5,23.5,73.75,0,1.732,8.583,15,starter,saas,999,1,0.99,True,3,5,0.9757651,High
CUST11975,4,11,29,70,0,-0.333,0.667,5.333,-16.0,5.25,22.25,96.0,0,0.957,10.243,38,pro,saas,7999,5,0.89,False,2,5,0.0056570778,Low
CUST11976,2,3,10,93,1,-1.333,0.0,-1.667,11.333,4.0,14.5,75.5,3,1.826,4.203,22,growth,edtech,2999,7,0.23,True,1,1,0.99952376,High
CUST11977,3,11,17,74,1,-0.333,-0.333,1.667,-14.0,3.5,17.25,95.0,1,0.577,4.5,27,enterprise,fintech,19999,7,0.65,True,0,2,0.8642712,High
CUST11978,3,0,13,79,0,-1.0,0.0,-6.0,-2.667,3.25,21.5,99.5,1,1.893,7.416,31,starter,fintech,999,1,0.39,True,3,2,0.9986314,High
CUST11979,1,2,29,98,0,-1.333,-0.333,2.0,-4.333,4.0,26.25,85.5,0,2.582,5.123,13,starter,ecommerce,999,2,0.63,True,3,0,0.9407612,High
CUST11980,4,4,29,97,1,-0.333,1.333,-2.667,-2.667,6.0,28.75,111.75,1,2.708,6.238,41,starter,saas,999,9,0.51,False,3,5,0.0012920174,Low
CUST11981,6,1,21,101,0,0.0,-1.0,-1.0,6.333,5.25,21.75,103.0,1,0.957,9.912,18,starter,healthtech,999,1,0.93,False,3,3,0.02961298,Low
CUST11982,1,2,30,84,1,-1.333,0.667,6.0,-7.0,3.0,25.0,84.75,1,1.826,10.392,6,starter,ecommerce,999,2,0.54,True,3,0,0.9983584,High
CUST11983,7,4,26,97,0,1.0,0.0,1.667,-1.667,5.5,21.5,117.0,0,1.291,6.137,14,growth,ecommerce,2999,5,0.44,False,1,0,0.0023090744,Low
CUST11984,4,1,24,109,0,0.0,0.333,-1.333,22.0,5.0,25.75,69.5,1,1.155,3.304,52,starter,fintech,999,9,0.42,False,3,2,0.020782806,Low
CUST11985,2,9,32,91,0,-0.667,-0.333,6.333,4.0,4.25,19.75,90.25,0,2.062,8.421,12,pro,ecommerce,7999,5,0.42,False,2,0,0.046301324,Low
CUST11986,4,2,22,145,0,0.667,0.667,-6.667,10.333,4.25,32.5,119.75,0,1.708,10.472,20,starter,fintech,999,9,0.81,False,3,2,0.0015931193,Low
CUST11987,6,9,19,90,0,0.667,0.0,-6.333,-20.333,5.0,26.5,117.75,0,0.816,9.678,28,pro,fintech,7999,9,0.72,False,2,2,0.008318162,Low
CUST11988,5,5,31,56,0,0.333,0.333,1.667,-6.333,4.75,24.5,100.0,0,0.957,5.066,40,growth,fintech,2999,9,0.34,False,1,2,0.016933104,Low
CUST11989,4,14,5,63,0,0.667,-1.333,-9.333,-11.0,3.5,20.25,79.0,1,1.0,11.871,25,enterprise,ecommerce,19999,5,0.45,True,0,0,0.94452906,High
CUST11990,5,6,19,91,0,0.667,-0.667,1.667,-11.333,4.25,21.5,83.5,1,0.957,6.758,34,pro,fintech,7999,9,0.4,True,2,2,0.9616483,High
CUST11991,5,7,0,59,0,-0.667,-1.333,-6.667,2.0,4.25,15.25,63.5,2,2.986,10.563,31,pro,fintech,7999,1,0.27,True,2,2,0.9986172,High
CUST11992,3,6,26,84,0,-1.0,-0.333,3.333,6.0,4.25,20.75,74.25,1,1.5,4.272,44,growth,ecommerce,2999,1,0.59,True,1,0,0.92089415,High
CUST11993,5,9,30,159,0,0.333,0.333,4.0,24.667,5.75,22.25,98.75,0,1.708,6.449,45,pro,healthtech,7999,5,0.75,False,2,3,0.00017669713,Low
CUST11994,4,0,21,78,0,0.0,-2.0,1.0,-3.333,3.5,20.25,85.75,0,0.577,1.708,18,starter,healthtech,999,1,0.56,True,3,3,0.9892784,High
CUST11995,6,14,23,34,0,1.0,3.0,-7.333,-30.0,5.25,27.75,81.5,1,1.5,13.451,17,pro,saas,7999,4,0.18,False,2,5,0.0073401304,Low
CUST11996,6,3,35,85,0,-0.333,-2.0,3.0,-24.0,4.75,26.75,111.0,0,2.217,10.626,51,growth,ecommerce,2999,7,0.44,False,1,0,0.009667454,Low
CUST11997,3,8,9,84,0,0.0,2.333,-8.333,-4.667,4.5,26.75,77.0,0,1.915,11.899,16,growth,healthtech,2999,10,0.78,True,1,3,0.82996786,High
CUST11998,5,6,28,48,0,0.667,0.0,-0.333,-19.667,5.0,28.5,95.5,1,1.414,7.767,32,growth,logistics,2999,9,0.92,False,1,4,0.005483522,Low
CUST11999,5,11,18,63,0,0.333,0.0,-2.0,-6.667,5.5,20.75,81.75,0,1.291,2.754,30,pro,fintech,7999,2,0.89,False,2,2,0.022773568,Low
