shap_current_logins,shap_current_feature_usage,shap_current_session_mins,shap_current_api_calls,shap_current_support_tickets,shap_login_trend_3w,shap_feature_trend_3w,shap_session_trend_3w,shap_api_trend_3w,shap_avg_logins_4w,shap_avg_session_4w,shap_avg_api_4w,shap_total_tickets_4w,shap_login_volatility,shap_session_volatility,shap_total_weeks,shap_plan_encoded,shap_industry_encoded,shap_monthly_revenue,shap_nps_score,shap_feature_adoption_rate,customer_id,churn_probability,risk_level
-0.11919517,-1.0689929,-0.007934952,-0.67125845,0.39475942,-0.03841704,0.10403879,0.008162386,0.07742042,-0.40435165,0.13896123,-3.1565213,0.4073237,0.0577272,-0.24214147,0.12187034,-0.030925216,-0.073234476,-0.011747064,0.1773859,-0.0638421,CUST10000,0.011588396,Low
0.18117635,1.0324427,-0.19789359,-0.7233697,-0.038355276,-0.13609672,-0.08686951,0.4669033,-2.017089,-0.85776293,0.013158187,-0.530419,-0.5980635,0.17857388,0.039348375,0.018877989,-0.08406628,0.104471765,-0.0073343753,0.17316397,0.19192515,CUST10001,0.051054396,Low
-0.921551,-1.0193343,-0.33491594,-0.20327136,-0.058643147,-0.7197932,0.27536562,-0.059322625,-0.9861586,-0.57973915,-1.1197561,-0.90192866,-0.30595398,0.073569104,0.01542522,-0.108253874,-0.07362676,0.07088951,0.007945939,0.004065992,-0.1596579,CUST10002,0.00078438077,Low
-1.1058198,0.16980937,-0.13381751,-0.83109397,-0.061524913,-0.68093157,-0.06313174,0.16784754,-0.5869807,-1.088004,-0.8386075,-1.6790508,-0.45664907,0.26778027,-0.13616621,0.08313767,-0.019988405,-0.115980566,0.0028700372,-0.13941064,-0.037301086,CUST10003,0.00065632653,Low
-0.046334755,-1.1906686,-0.6872817,-0.23414585,-0.049023937,-0.05134881,-0.5506107,-1.161968,0.26498473,1.0209728,-0.26802993,1.2649843,0.023054015,-0.5726182,-0.10399336,-0.61867774,0.0065654856,0.04393759,-0.012412846,0.07286654,0.03650624,CUST10004,0.05424738,Low
-0.054213274,-0.9175462,-1.0407807,0.16826847,-0.031214539,0.19161345,0.094042376,-0.55296767,0.27949208,-1.3453882,-1.3004019,0.6958463,-0.32944617,-0.57748985,0.13731922,-0.11596967,0.22160946,-0.045714486,0.026162079,-0.03239276,-0.6444101,CUST10005,0.0053848843,Low
-0.88315856,1.1341932,-0.24563685,-1.242586,-0.04615815,-0.43565947,-0.07164183,-0.13309395,-2.133406,-1.4722236,-0.44068038,-2.176575,-0.6016087,-0.21208112,-0.004609259,-0.10219059,-0.08432445,-0.07921599,-0.01071007,0.22750072,0.10093907,CUST10006,0.00012867284,Low
-1.4647669,-0.08525619,0.25871965,-0.10938416,-0.043248974,0.13226597,0.13577744,-0.008852686,0.14355293,-2.6135793,0.036848128,1.1684602,-0.666075,-0.22254106,-0.1531188,-0.0861512,-0.030537086,-0.18714803,0.010992904,0.010901195,-0.122190386,CUST10007,0.019067602,Low
-0.11644611,0.19246352,-0.044553615,0.22611773,-0.12685138,-0.38825458,-0.04817666,-0.2353971,0.3147,-0.6317816,0.28941196,-2.5818462,-0.5926455,-0.05292566,-0.2056422,-0.05659347,-0.052133847,0.1407639,-0.005984745,-0.53975254,0.24569331,CUST10008,0.013190011,Low
-0.02177322,-0.7456251,-0.48685524,0.12355281,-0.06074769,0.070254914,-0.50080025,-1.0222585,0.6308275,-1.2689067,0.5826212,-2.0611694,-0.42882985,-0.46990547,0.53762186,-0.027070744,-0.13536583,-0.046665378,0.0015290156,0.010265162,0.6838249,CUST10009,0.009187702,Low
0.053614106,-1.466919,-0.22530475,0.39177048,-0.0678682,0.22378066,-0.18901308,0.00872843,0.30673495,-0.593696,0.3585267,0.5445621,0.5518265,-0.05128169,-0.22505721,-0.29682297,-0.06714435,0.21775839,-0.02808779,-0.635006,-0.035324164,CUST10010,0.21935906,Low
0.1380965,-1.6117433,-0.36917534,-0.17209549,-0.039982256,0.139734,-0.039386008,-1.1577532,0.23832428,-0.65106076,0.26235738,-0.8302368,0.31890714,-0.0071289022,0.1729385,0.10351397,0.12233771,0.08361455,0.02629793,0.6071021,-0.11368817,CUST10011,0.05602994,Low
0.15565556,0.3750863,-0.31208077,-1.0659343,-0.103856586,0.034853555,0.007669554,0.104921065,-0.091526896,-0.26479447,-0.87121505,-2.7870433,-0.40143096,0.030573646,-0.923607,-0.058873236,-0.022976397,-0.08042077,0.0042718435,-0.24503459,-0.03664673,CUST10012,0.0013617884,Low
1.3301076,-1.0270953,0.035726536,0.36366627,0.44871214,0.42519972,0.11535391,0.20795727,0.45928937,-0.35878915,-0.521436,0.09863922,0.37753123,0.10773317,-0.15555999,0.065005936,-0.073981114,0.06249976,-0.020563329,0.86163443,0.08779257,CUST10013,0.9450202,High
-0.02408253,-1.096423,-0.09563846,-0.73489106,-0.10501516,-0.049166296,-0.24443738,-0.10615316,-1.0747428,-0.40130615,-0.012158323,-1.957459,-0.5862954,-0.5394482,-0.764086,0.34886596,-0.16480207,0.03559854,-0.03626881,-0.6016378,-0.13437983,CUST10014,0.00022727707,Low
-0.01924608,0.7856329,0.63838845,-0.2589229,-0.06340196,-0.5829245,-0.042757846,0.21580662,0.25552765,2.1132767,1.5510635,0.8614784,0.28846863,-0.07240719,-0.12932679,0.14943482,-0.014722245,-0.07260572,-0.00011681672,-0.059024174,0.32680783,CUST10015,0.9970566,High
0.06660706,0.40064806,-0.41702148,0.42204088,-0.04438528,0.17153582,0.13768278,-1.159284,0.34979302,0.51625246,0.49783668,2.3266115,0.38461134,-0.028228266,0.28914323,-0.50217515,0.00834228,-0.2683836,0.0069849393,0.011971269,0.28728843,CUST10016,0.9680988,High
-0.6799419,2.063865,-0.21355228,0.58423716,-0.050498843,-0.47657865,0.41278002,0.15600766,-0.19344863,-1.2394065,-0.77903646,0.67696965,-0.3290657,0.34484127,0.34856576,0.42998388,0.034109242,0.09140356,0.013325222,-0.16860433,-0.123895824,CUST10017,0.7020078,High
1.1194316,-0.029589957,0.44073018,0.37579814,0.3259802,0.26004893,0.14373443,0.16347955,0.08512519,2.2208219,1.1252111,0.95304006,0.21299173,0.023709614,-0.932496,-0.20730767,-0.024467867,0.13736622,-0.0047582476,0.40948117,0.011313776,CUST10018,0.99884725,High
1.391902,-1.0299753,0.54837745,0.45873588,-0.047318373,0.3251743,0.036372405,0.27492306,0.8224527,0.41730887,0.29270813,-0.262699,0.28016815,0.03466879,0.05764753,0.23926209,-0.021941591,0.053325698,-0.0028969115,0.021679312,-0.7402723,CUST10019,0.95707476,High
-0.020614887,1.2028356,0.49224812,0.20080797,0.28228375,-0.41018382,-0.03140854,0.30917436,0.2734795,0.998458,1.5705714,1.0317521,0.391065,-0.2335471,0.005961051,-0.5585764,0.005229022,0.14385355,0.0064589214,0.110147804,0.06819252,CUST10020,0.99696046,High
1.1200286,-1.0418648,-0.41675124,0.28107852,-0.10118975,0.586277,-0.040347937,-0.70374084,0.08038259,-0.45645717,-1.1587199,-0.029940093,0.43358743,-0.073503606,-0.16008157,0.074999,0.2437598,-0.017692905,0.035109125,-0.82014936,-0.6241137,CUST10021,0.055487446,Low
-0.034303963,0.49661812,0.051279396,0.43446174,-0.09001198,-0.16267659,-0.5537514,0.02736862,0.278695,0.9106993,0.57307315,0.707333,0.35020804,0.026187079,0.015134906,0.19334926,-0.06704393,0.10775564,-0.0022856458,0.1528866,0.24236156,CUST10022,0.9737159,High
-0.053026956,0.036176275,-0.31948745,0.46546093,-0.067406096,0.063822426,0.20835645,-1.289168,0.2876796,-0.43541834,0.46520042,-2.5860713,0.40682924,0.04377356,-0.18179636,-0.20258738,0.0013051362,-0.07420327,-0.016109135,0.27510074,-0.071906716,CUST10023,0.04357755,Low
-0.15506719,-0.9686008,-0.7698208,-1.3153298,-0.05764363,0.029139463,-0.3919155,-0.7256845,-2.031762,-1.1913933,-0.9365785,-0.9887438,-0.34459153,0.11521672,-0.091034055,-0.09407814,-0.09017339,-0.01868658,-0.0012988439,0.02801763,-0.14906177,CUST10024,3.7382408e-05,Low
0.22768459,-0.8966852,0.04561609,0.15926,-0.05598569,0.23481077,0.06607953,0.32459703,0.08387336,0.26187745,-0.28296912,-0.88303125,-0.28278404,-0.26938957,0.12705547,-0.34354383,-0.08480492,0.06168218,-0.027794654,-0.44500986,-0.7916448,CUST10025,0.056450274,Low
-0.14308968,0.03286322,-0.39272246,0.19333112,-0.06354587,-0.25553223,-0.31097025,-0.5310213,0.37050226,-1.6929003,-0.041632738,-1.9672234,-0.5290821,0.020351455,-0.07250136,-0.12019496,-0.06642545,-0.05582284,-0.016993951,0.26708522,-0.061288748,CUST10026,0.00414377,Low
-0.71576077,1.1805592,-0.328293,-1.2852595,-0.042526733,-0.26601183,-0.18520164,0.040145863,-0.68879,-1.1872728,-0.8926138,-2.4578245,-0.7181578,-0.63655615,-0.25600582,-0.16601901,-0.02252647,0.09388394,-0.0072292155,0.031487986,0.11125888,CUST10027,0.00021516431,Low
-0.727895,0.57334656,-0.137879,-0.72448415,-0.09201926,-0.33274272,-0.17032401,0.24375695,-0.74562204,-0.25567183,0.4027762,1.1845005,-0.5351769,0.20191179,-0.38237953,-0.03823155,-0.04241336,0.05086708,0.02209441,-0.19705428,-0.035060376,CUST10028,0.14394741,Low
0.93451315,-0.88520724,0.7103738,0.38045666,0.2942988,0.28471357,0.033465005,0.28397486,0.4367777,0.94611585,0.32084644,0.29043254,0.2083012,0.19374536,0.13989864,0.23531516,-0.026713967,-0.29403728,0.0238054,-0.7024446,-0.1817776,CUST10029,0.97292435,High
-0.7964605,1.7739387,0.4559031,-0.31450918,-0.05451263,-0.4254621,0.2787278,0.18339045,0.11427819,-1.9572887,0.074903786,1.1344326,-0.5972548,-0.19501956,0.089628205,-0.103615046,0.005159726,-0.18408415,-0.010560805,-0.209366,-0.54698575,CUST10030,0.20916943,Low
0.033718597,-1.1956294,-0.21037903,-0.49846756,-0.061685417,-0.09646171,0.14095697,0.493906,-0.48002914,0.30331457,-0.7326725,-1.3646683,-0.5458518,0.1294106,0.0040429216,0.17170806,-0.06763186,-0.016779445,-0.037452646,-0.3970055,-0.09807783,CUST10031,0.010242456,Low
-0.18409362,-0.96209127,0.46027946,-0.91991645,-0.040490746,0.18877111,0.09014332,0.37386286,-2.3256822,-1.4197309,-0.544256,-0.17325173,0.6718781,-0.2292123,0.28568548,0.22477116,-0.07907212,0.048527535,-0.0031129587,0.011811997,0.0961742,CUST10032,0.011270993,Low
-0.057290543,-1.9830252,-0.2552644,-0.19207935,0.41423354,-0.27394164,-0.314995,0.30634025,0.14475134,-0.30081472,0.12991259,0.38455462,0.3678714,-0.4024536,-0.284063,0.20065193,0.08163425,0.08228877,0.019184947,-0.013458859,-0.60857147,CUST10033,0.069156595,Low
-1.1300591,0.31073838,0.454358,-1.1403897,-0.06830087,-0.6928621,-0.24988618,0.26154584,-2.3813765,-0.21347502,0.19848199,-0.5357073,0.6684352,-0.08283794,-0.02117943,-0.1612021,-0.01977894,0.055912428,0.0020495811,-0.10633218,-0.4633812,CUST10034,0.0046769055,Low
-0.8846544,-0.8562285,-0.6753899,-0.5086253,-0.045323357,-0.31074682,-0.22544788,-0.7364937,-1.9682263,-1.5540866,-0.5529966,0.10731968,-0.36836722,0.07858107,0.37179935,-0.10110606,-0.20024934,0.10441239,-0.016705822,0.34198284,-0.07207328,CUST10035,0.00029809173,Low
1.0199482,0.40000892,0.046092544,0.049333252,0.26643533,-0.035823617,0.102853775,0.2544635,0.09521136,2.2911386,-0.5542075,2.3962417,0.7565265,0.09956689,0.20921052,-0.21899407,-0.09918034,-0.4096355,-0.004194218,-0.45936617,0.14992224,CUST10036,0.99818593,High
1.335064,-0.8340356,0.43003777,0.2029211,-0.0698914,0.2899076,-0.02466429,0.28665984,0.1832345,1.344704,1.3546104,-0.9727385,0.37470403,0.13993967,-0.25140536,0.10626935,-0.055220332,-0.006307187,-0.00793625,0.33304223,0.11743491,CUST10037,0.9856726,High
0.7394223,0.40728858,0.44892704,0.24474335,0.3103907,0.058243494,0.054428108,0.21989855,0.12986784,2.2839973,0.27496904,0.6909933,0.3962798,-0.015122803,0.24449311,-0.115898944,-0.012079495,0.06405788,-0.00302607,-0.768107,0.14865755,CUST10038,0.9968502,High
-0.9178534,-1.2967223,0.26465353,-0.021606887,-0.056517802,-0.8051094,0.09428631,0.34357464,-0.7179314,0.48212436,0.34285718,-0.4108227,-0.42418516,0.019108195,0.012377432,-0.19238271,0.038831137,-0.45656532,-0.00062827393,-0.3462009,0.27504188,CUST10039,0.021481372,Low
-0.21241508,0.29055458,-0.008749345,0.31725323,-0.103209294,-0.1301124,0.064912416,0.19963554,0.70600647,0.69839716,0.37122992,-4.4951196,-0.34772363,0.08723564,-0.061972577,-0.12290213,-0.021892931,0.055712003,0.00034456886,-0.02925585,-0.22481902,CUST10040,0.04688341,Low
0.055028882,0.59766454,0.3934307,-0.66926986,0.35192803,-0.31082636,-0.062476873,0.16552192,0.34195188,-0.31908816,0.42841014,2.1917162,0.97636074,-0.15964483,0.12815075,0.40696353,0.011127417,-0.14878632,-2.7511735e-05,0.38776815,0.12094591,CUST10041,0.9921679,High
-0.15697408,0.85061705,-0.1938554,-1.715648,-0.07631877,-0.47162744,0.12397373,0.08574851,-2.5031056,0.7619143,-0.6315869,0.31185675,0.6225606,-0.18370864,-0.33535442,0.068673775,0.00052631384,-0.28424948,-0.014653763,-0.05664982,0.016167853,CUST10042,0.021313401,Low
1.1494472,-0.81526506,-0.27719906,0.2416641,-0.073597364,0.32925582,-0.3570783,0.37381393,0.27991605,0.4156935,-1.0590404,2.3391151,0.2997414,0.14098902,0.062273897,-0.0750518,-0.011695318,0.10285641,-0.0024765981,0.018628085,0.17359588,CUST10043,0.96122396,High
0.9355272,0.37505153,-0.24784958,0.5356303,-0.04842801,0.33923388,-0.23258187,-0.8389236,0.6213915,2.6406875,0.46490923,-0.82188356,-0.23795639,0.10402311,0.12346433,0.03661318,0.052243754,0.22574005,-0.014870755,-0.7459699,0.14412138,CUST10044,0.9665923,High
0.015666585,0.37540343,-0.18176858,0.5806911,0.2977593,0.13201371,0.071076445,-1.6794374,0.20882824,2.3082073,1.4388813,-0.33276582,0.8606227,-0.35870203,0.29142967,0.16373727,-0.058931865,0.15534441,-0.0012376588,-0.011698104,0.058935292,CUST10045,0.98646533,High
0.21316138,0.5857842,-0.28301138,0.42610085,-0.08081667,-0.35702077,0.05445778,-0.20844181,0.26911676,2.4533718,-0.1080956,0.62802035,0.31357777,-0.3343542,-0.5908823,0.4484246,-0.01301777,0.23042235,0.0060982183,-0.005088329,0.110432714,CUST10046,0.97617847,High
-0.6643219,1.3198193,-0.24027298,0.30953348,-0.04586005,-0.87888855,0.17866917,0.41718358,0.074118644,2.3562644,-0.17120326,0.8002905,-0.3243946,0.41564977,0.1615579,-0.21779197,0.08162189,0.2374236,0.010783748,0.2296402,0.252328,CUST10047,0.98603266,High
0.6789063,1.2909756,0.014533067,0.23280215,-0.04744954,0.0824052,0.2555927,0.17436095,-0.07271988,2.1000428,1.2017529,0.95544213,0.40567318,0.1351312,0.2086006,0.23048475,-0.016069239,0.27556157,0.0073497826,-0.8059626,0.025609965,CUST10048,0.9993167,High
1.1351688,0.5523202,0.023491163,0.05343538,-0.062040452,0.3297899,-0.013868628,0.28644493,-0.14354417,2.4776628,0.65808004,0.61366713,0.25160086,-0.3018299,-0.5643693,-0.04224321,-0.0063096914,-0.14713979,0.0037535382,0.23817155,0.3251777,CUST10049,0.9963965,High
-0.16821693,0.1831777,-0.10623894,-1.3882904,-0.07322027,0.022020679,0.069916,-0.08538298,-1.785382,-0.29885978,-0.6937247,-2.840243,-0.66473186,-0.27038103,-0.17706934,-0.08216631,-0.06784234,0.025293952,-0.007596444,0.10822016,-0.14338304,CUST10050,0.00020561747,Low
-0.83805674,0.11683052,-0.13557063,-1.0329357,-0.05576991,-0.5798874,0.28030428,-0.5807085,-1.899934,-0.296513,-0.49906737,-2.0283263,-0.312477,0.034146678,0.31924665,-0.16286929,-0.045415968,-0.23229353,-0.0070081945,-0.08413145,0.243496,CUST10051,0.00039267953,Low
-0.03943699,-1.1789324,0.4969661,0.31431767,-0.07340958,-0.43532297,0.007093615,-0.025143681,-0.038245704,-0.99647915,0.38819668,0.75120485,-0.4433221,-0.016503578,-0.3155074,-0.086076304,-0.06214874,-0.18831638,-0.037241735,-0.063617006,0.025047274,CUST10052,0.112839386,Low
0.038202208,0.8666955,-0.36742494,0.41764817,0.39064598,-0.15324022,0.1167227,0.4726047,0.51935405,0.46224692,-0.91962516,2.613607,0.54938424,-0.10269946,0.015060512,0.26228973,0.043888014,-0.046266098,0.0070020757,0.4983415,0.12817663,CUST10053,0.99688196,High
1.0327128,0.49006775,0.43928328,0.39466935,-0.055128954,0.08225051,0.024535196,0.24363324,0.11215958,2.192209,1.3318973,0.8824055,0.290303,0.14962308,0.05601003,-0.17757672,-0.030053116,0.17441681,-0.007324871,0.0945942,0.122766376,CUST10054,0.99958974,High
-0.9134978,-0.055436444,-0.51840097,0.047095653,-0.03844598,-0.31570566,0.009329576,-1.2333603,0.17299232,-2.5350704,0.31519538,0.4142239,-0.4783489,-0.2865302,-0.07820448,-0.16707072,-0.014743924,-0.4132024,-0.0025056098,0.37606594,-0.07170872,CUST10055,0.0029221447,Low
-0.9672772,-0.96269995,-0.12537067,-0.3967192,-0.073744625,-0.27688938,0.027435198,0.102610335,0.47112375,-0.31924027,-0.8797681,-2.853838,-0.26731873,0.1345793,-0.22289073,-0.0969591,0.13451812,0.12874453,0.012295406,0.40250665,0.054048084,CUST10056,0.0024236897,Low
-0.69447434,1.0232116,0.013556045,-1.3139398,-0.02545869,-0.1185779,-0.16389278,0.09981193,-2.036817,-1.496489,-0.025268424,-2.562611,-0.60593444,-0.66618896,-0.062547855,-0.19326125,-0.04557085,0.09797728,-0.014139108,-0.1009119,-0.38554093,CUST10057,8.9404566e-05,Low
1.8093247,1.1170133,-0.29278633,0.6313274,-0.06400488,0.77957314,0.05091788,-0.84061605,0.59071136,-0.24807821,-0.5959465,-1.8207355,-0.54836506,0.5607939,0.3061779,0.037641153,-0.0080229305,-0.120059274,-0.0065470925,0.4692487,0.26308715,CUST10058,0.8834457,High
-0.11776875,1.1016991,0.1883107,-0.03609707,-0.054233614,-0.67068833,0.015819712,0.014041921,0.2864188,1.4937584,0.42648718,0.22557642,-0.56363904,-1.1614819,-0.34546232,-0.6369306,-0.03333094,-0.66115314,0.0031159376,-0.09817257,-0.22977841,CUST10059,0.2893197,Low
-0.02542943,0.32883942,0.8391007,0.5391419,0.25408146,-0.14304398,0.10658662,0.43262738,0.51297325,-1.6017461,1.4001757,-1.1974695,0.7925506,0.06241017,0.6232903,0.11581232,0.02666794,-0.035576653,-0.0076167705,-0.26151165,-0.49896294,CUST10060,0.9018293,High
0.08702421,0.59690505,0.42519605,0.24742551,0.27866343,0.2754118,-0.12254582,0.14327064,0.30807889,1.1538391,0.6309015,0.45920932,0.46354565,-0.3791497,0.22509784,-0.32872123,0.009320696,0.045731638,-0.016423844,-0.038644172,0.07405695,CUST10061,0.9889368,High
0.19440933,0.30341172,0.6837944,0.26537448,0.2763071,0.32015568,0.48012888,0.19248655,0.1989221,-0.38730183,0.39032963,1.3196721,0.7067179,0.26792485,0.08469271,-0.45370632,-0.08366046,-0.010878852,0.005940634,0.18043257,-0.8661458,CUST10062,0.98242986,High
0.1240296,-1.0159414,0.6025102,0.35143334,-0.04302595,0.0820613,-0.33103883,0.23063014,-0.41648135,-2.0679448,0.37876183,0.6340976,-0.35803396,0.16908516,0.38009217,0.013006152,-0.06562085,0.019036764,-0.028310241,0.11588287,0.23624474,CUST10063,0.2621723,Low
-1.2525877,-0.3375279,0.30230623,-1.144028,-0.050500195,-0.520724,0.1614835,0.062101144,0.6245965,-2.0264976,0.36544418,0.20098841,-0.69555444,-0.30125085,-0.15925477,0.14454454,-0.09363212,-0.17991221,0.0035280415,0.090347216,-0.03369014,CUST10064,0.007502407,Low
-0.088216044,1.3668482,0.05699114,0.19096059,-0.044727985,0.20474248,0.19051823,0.15234658,0.28980184,2.758197,-0.12596181,-1.03581,-0.32529238,0.42584404,-0.17730878,0.07814827,0.02088918,0.11589918,-0.0018404017,0.7110085,-0.02852258,CUST10065,0.9908909,High
-0.70409834,0.2152414,-0.96014166,-0.18096314,-0.014199438,-0.13623479,0.10210854,-0.54612094,0.2492273,-2.0276139,-0.11210058,-0.8650484,0.40176043,0.06095866,0.3668952,-0.028510151,0.035963006,0.06276112,0.010041422,-0.081735566,0.122451745,CUST10066,0.016715836,Low
-0.27254897,0.18700758,-0.20114106,-1.1636978,-0.045765087,-0.16203964,-0.08789606,-0.42783582,-0.43661737,-1.4280589,0.08263858,-3.1504972,0.50580955,-0.16061895,-0.4431093,-0.2522137,-0.05463859,-0.34611714,0.00021358393,0.30235893,-0.151567,CUST10067,0.00042990295,Low
-0.23038122,1.3706313,-0.07072349,0.6074511,-0.08015652,-0.28695783,0.28388032,0.28406692,-0.4473619,2.15727,-0.9447092,0.86092216,0.43438214,0.2893386,0.06648625,-0.08248349,-0.009857028,0.1693465,0.009365909,-0.0030557842,0.26773712,CUST10068,0.9900483,High
-0.284009,1.1943218,-0.28839234,-1.206165,-0.06598203,-0.35415465,0.31264737,-0.5807767,-2.1560624,-0.33126587,-1.0264767,-1.0906231,-0.58014935,-0.5262478,0.021781001,0.078971826,-0.072988234,-0.07076955,-7.019099e-05,-0.20363288,-0.026119608,CUST10069,0.00067417417,Low
0.16873404,-2.171535,-0.2104547,0.58215654,-0.08011529,-0.6130477,-0.8231999,-0.10214738,0.12371945,0.9775288,0.27777344,0.60425425,-0.053943936,0.080311686,-0.81903815,-0.62629646,0.08922419,-0.09288412,0.04046928,0.42156807,-0.02726451,CUST10070,0.09117524,Low
0.14630568,-1.0148118,-0.5806923,-1.9158279,0.3425891,0.36302108,0.050010987,-0.01113939,-1.9030116,-0.36602896,-0.64960253,-1.7640088,0.34866938,0.010753565,0.17004965,-0.009177496,-0.109164126,0.10846677,-0.01358355,-0.032903545,-0.062040042,CUST10071,0.0009699364,Low
-0.55973077,0.076419115,-0.8640794,0.06463404,-0.08060437,-0.067497805,-0.25135365,-0.4301079,0.26802483,-0.5514122,-0.6571007,-2.8776462,-0.43188703,-0.26917484,0.44413564,0.03771729,-0.05848263,0.084296726,-0.00498657,0.2526784,-0.0058183265,CUST10072,0.0026589518,Low
-1.1626186,1.4492692,-0.07659204,0.09132863,-0.082761355,-1.1564358,-0.08096366,-0.7419176,0.037290998,-0.668766,-0.16499624,0.7327278,0.4304453,-0.22313611,0.04841736,-0.027592355,-0.032967113,0.28697982,-0.0027515758,-0.54871935,-0.026881572,CUST10073,0.1228383,Low
-0.16456647,0.09633111,-0.038517978,-0.35354307,0.6614576,-0.08855268,-0.10395987,0.11997589,0.611649,0.8178408,-0.81769234,-1.9885916,0.6502129,-0.045306515,0.30645472,0.17702098,-0.07903819,-0.3459884,-0.0082892645,0.0038500982,-1.0312926,CUST10074,0.15899467,Low
-0.05128572,1.3758801,-0.022643993,0.050824974,-0.0617242,0.19466151,0.10153701,0.5239109,-0.9635344,-0.6897634,-1.1493796,2.3521626,0.52199346,0.302744,-0.08214253,0.2252408,-0.010367737,-0.16056342,-0.00068213046,-0.27588218,-0.23574665,CUST10075,0.86989796,High
-0.04876124,-0.7241489,-0.30160704,0.38428345,0.3016667,-0.06637515,0.6560366,0.18796411,0.4297111,0.42328665,-1.012721,2.747446,0.8177456,-0.126695,0.095730595,-0.5558797,0.06761111,-0.28436393,0.027508438,0.57253754,-0.55706054,CUST10076,0.9520624,High
-1.2384533,0.18627276,0.45544872,0.68276715,0.17914318,-0.35136196,-0.07561229,0.47337732,-1.9610128,-2.1518404,0.281163,-0.60573673,0.4156196,-0.039514642,0.18374428,0.1325133,-0.0050348523,-0.04797447,-0.0056021465,-0.12524323,-0.16987522,CUST10077,0.021198628,Low
-0.16154501,0.51270825,-0.053864114,-0.583475,-0.031797316,-0.08628609,-0.3108645,0.2950206,-0.31139097,-2.2224126,0.40980956,0.63564116,0.37430996,-0.24033922,0.032152485,-0.12190153,-0.03548963,-0.4755202,0.0015196158,-0.16372488,0.2992575,CUST10078,0.092509426,Low
-1.4618492,0.19616029,0.021712929,0.50030833,-0.051852293,-0.8331361,-0.0379142,-0.0057258243,-0.52299714,-2.4235854,-0.14340217,0.5196431,-0.46990147,0.25659552,0.016433794,-0.03397328,-0.03481392,-0.07168638,0.020192854,0.0361509,0.17370866,CUST10079,0.012187117,Low
-0.83915925,-1.3904362,0.33023983,-1.1722721,-0.037538234,-0.13992877,-0.052289616,0.40325764,-0.5952596,-0.7122647,-0.06030597,-2.564763,0.23440652,0.013567027,-0.1664605,-0.30428514,-0.14477871,-0.061239257,-0.027107371,-0.06996188,-0.47274354,CUST10080,0.0003801713,Low
1.4008018,0.40366235,-0.17465384,-1.9239739,-0.07985295,0.023115955,-0.040630776,0.039097857,-0.54766214,1.4932232,-0.44416627,-3.3918688,-0.45171112,0.08110246,-0.11629888,-0.0704978,-0.17187484,-0.2148411,-0.013261437,0.21095406,-0.22020897,CUST10081,0.013998209,Low
0.26011166,-1.0061859,0.10104835,0.017046195,-0.06637713,-0.059979737,-0.016471876,0.32711747,0.42259097,2.3462386,0.47602123,2.257087,0.25873062,0.10899591,-0.100457266,0.0067773703,-0.032900203,0.14148869,-0.013316455,-0.59287494,0.24023287,CUST10082,0.99350196,High
-0.13946,-0.8315964,0.13502984,-1.593799,-0.05876364,-0.090183094,-0.041507833,0.101033546,-2.0706005,-1.139482,-0.047539763,-2.2329922,-0.59726256,0.082823284,-0.098147325,-0.26719847,-0.12852691,-0.3186927,-0.0063155587,0.23006567,-0.12721829,CUST10083,9.274938e-05,Low
-0.79776406,-1.4865957,-0.1364154,-1.4570885,-0.049247254,-0.3758563,-0.5477398,-0.051215913,-2.3337727,-0.4842506,0.017819237,1.0785316,-0.29901007,-0.25477704,0.0037457577,-0.07482028,-0.10339378,-0.16159983,0.001825518,-0.15390036,0.0113316905,CUST10084,0.0004529039,Low
0.3474226,-0.8390495,0.5403912,0.6665852,0.34191507,0.2644823,-0.15858933,0.34645796,-0.5694492,0.7233181,0.587729,1.8184847,0.30190307,-0.1768619,0.0020958786,0.14866658,-0.013436145,0.12629005,0.0032686302,0.05099383,0.2360205,CUST10085,0.99101746,High
1.5225703,0.4116008,-0.11924035,0.62960315,-0.066517,0.2880914,-0.035728183,0.0887011,0.3780971,2.4100797,0.27166674,-0.61786556,-0.27493018,0.08836197,-0.5018749,0.14044212,-0.06755623,-0.34410775,-0.029962448,0.27086595,-0.58862805,CUST10086,0.9782996,High
-1.1731097,0.12045563,-0.3939683,0.5554256,-0.100881554,-0.57768214,-0.034670465,0.3636808,0.33612186,-0.543695,-2.075119,0.90517366,0.33199063,-0.012781005,-0.07174426,0.050067145,-0.0089580305,-0.28409657,-0.023663139,-0.092349134,-0.030846072,CUST10087,0.057009906,Low
-0.1622393,-0.7774067,-0.854537,-0.82555175,-0.02804529,-0.032670278,0.12269223,-1.0866548,-2.1616063,-1.6917839,-0.91336036,0.17097893,0.3764869,-0.12410208,-0.0098369755,0.020340228,-0.12615149,-0.25801888,-0.0011049695,0.07332101,-0.14553212,CUST10088,0.00020754225,Low
-0.041159492,-1.1643288,-0.09822027,0.610211,-0.060385797,-0.26105714,-0.92438716,0.14393106,0.31781727,-0.64726627,0.42550778,-0.5216324,-0.40586206,-0.30558568,-0.22769074,-0.12156887,0.07225183,0.0842262,-0.0011244,0.11661525,-0.12774312,CUST10089,0.039824527,Low
-1.0776339,-0.87579304,-0.2304608,-0.8265451,-0.05322281,-0.5721114,0.18815486,0.2068657,0.087317705,-1.3223006,-0.9538281,-2.3182766,0.42310017,0.0016680919,-0.15243998,-0.10322598,0.17153117,0.012256598,-0.0006815265,0.004670758,0.20979857,CUST10090,0.00072665024,Low
-0.8757583,0.33655098,-0.13775997,0.23097992,-0.062765755,-0.07442563,-0.025149237,0.40331244,-0.722785,-1.9911432,-1.2430351,0.58927524,-0.7072799,-0.48797324,0.06367262,0.051769905,-0.001990635,0.023066409,0.012463227,-0.29687905,-0.3424954,CUST10091,0.004949376,Low
0.012943009,0.77675927,0.69742906,0.33912054,0.2534729,0.25557512,-0.1543482,0.42550516,-0.15279748,-0.38903612,0.6223336,1.11908,0.6213149,-0.50038624,0.17706552,-0.123636946,-0.012020868,-0.0968301,0.00251339,-0.056415625,-0.10601239,CUST10092,0.97507024,High
-0.9317777,0.23118049,-0.31908703,-0.16737145,-0.06906257,-0.6018605,0.16723144,-1.0094323,-0.9019397,-0.5242116,0.28182322,-2.4651227,-0.41014683,0.38845813,0.121624395,-0.024442444,-0.018738804,0.09094426,-0.0023766123,-0.07214667,-0.08944697,CUST10093,0.0017073822,Low
0.03836963,-1.1737965,0.0822035,0.7547181,0.3569829,-0.184811,0.21421695,0.4411789,0.12580615,-0.36264557,0.6910606,0.79609394,0.3920816,-0.17670733,0.69237,-0.14210135,0.064665355,0.13577928,0.032075897,-0.07897321,0.1444611,CUST10094,0.9425594,High
0.12248629,0.22529587,-0.18566962,-0.74979866,0.25139722,0.60274416,-0.114888854,-0.45594746,0.13306284,-1.9665327,0.1072474,-2.6772919,0.8472928,0.048983656,-0.13444798,0.07312728,0.032072023,0.11109236,-0.0008568787,-0.33023536,-0.31934568,CUST10095,0.011827925,Low
-1.0721532,-0.009016359,-0.8661482,0.10341448,-0.042014353,-0.6044507,-0.1081368,-0.48406976,0.3947841,-1.902708,-1.0057244,-0.66486526,-0.324051,0.17828369,0.2300696,-0.015108239,-0.024254285,0.19242199,0.0014810879,-0.1273222,0.1597341,CUST10096,0.002387742,Low
-0.096671104,0.05578865,-0.65779513,0.49926874,-0.024347927,-0.08687371,0.28287473,0.032293946,-0.6415225,-2.0581288,-0.19216163,0.9235543,-0.45056278,-0.1780903,-0.016329069,-0.16141254,-0.016518816,-0.017579727,-0.0007062042,-0.026519682,0.16113463,CUST10097,0.06206561,Low
-0.92937624,1.9358593,0.053064957,0.11621137,-0.033985816,0.10254744,-0.07421034,0.2769951,-0.22601952,-1.6451284,0.4546257,1.732372,-0.41563043,0.40224326,0.26788786,0.21586406,0.06604664,0.19777986,0.015297268,0.38684005,-0.041959457,CUST10098,0.9433284,High
0.16343306,1.0716132,0.2782165,0.21794614,0.23496646,0.2549998,0.49347937,0.11635286,0.105289444,2.1858075,-0.22292373,0.668109,0.5233458,-0.061336726,-0.35675192,-0.27081743,0.043917608,-0.03232972,-0.008987759,-0.019130334,-0.7844442,CUST10099,0.98960084,High
0.047100805,-1.0082456,-0.25844106,-0.25437286,0.36848506,0.07395535,-0.5431602,-0.80883694,0.022940103,0.55152684,0.49071813,-1.3451391,0.6617397,-0.08970721,0.16078705,-0.24142817,-0.12202497,0.17395689,-0.03169526,0.0055252877,-0.10946544,CUST10100,0.09104324,Low
-0.23898944,-1.0784912,-0.23615822,-1.631046,0.18110377,-0.21191747,-0.5915841,-0.029832352,-2.4350946,-1.3548816,-1.0848873,0.25800294,0.8654596,-0.43304557,-0.10230422,-0.36540824,0.0016518808,-0.038354322,-0.005832098,0.08047862,-0.0014429246,CUST10101,0.00020388389,Low
-0.9885728,1.2323407,-0.2132658,-0.3723351,-0.04368763,-0.93796784,-0.088643715,-0.11666696,-2.102522,-0.5518971,0.16773237,-2.0848322,0.4809916,0.04573879,-0.0054256343,-0.10393844,-0.022408899,-0.0719683,-0.006461939,0.03840179,0.28627607,CUST10102,0.0040527517,Low
-1.1018158,-1.1653968,-0.30701724,0.1847378,-0.07863652,-0.60160273,-0.15963757,0.022092763,0.31312883,-0.67010635,-1.3367736,0.50089246,0.42737994,-0.075040095,-0.044582114,-0.2503448,-0.09392089,0.10948201,-0.043849044,0.5452895,0.120149784,CUST10103,0.022960458,Low
-0.8983839,-0.90948766,-0.06341939,-0.4032554,-0.04312663,-0.33414716,-0.18789703,-0.14663722,-2.1419888,-1.7470449,-0.61323303,-0.5790021,-0.32480153,0.17585358,-0.0478371,-0.26794833,-0.14188549,0.035254575,-0.00020635687,-0.27808088,0.04172253,CUST10104,0.00013357149,Low
-0.7154093,-0.867294,-0.044628896,-0.21605177,-0.094546005,-0.20737964,0.28720012,-0.10111297,-0.039438374,-0.36672756,-1.0271789,-2.7319326,-0.41628024,0.11286572,-0.3385544,-0.009419491,-0.17555355,0.03079641,-0.037928246,-0.46137148,-0.33434013,CUST10105,0.0004097852,Low
-0.029991224,0.34141174,0.8118647,0.5550849,0.32599044,0.015716244,-0.6301502,0.2610617,0.2174017,0.6103226,0.8463648,-0.47503048,0.6612008,-0.31181085,0.1507854,-0.05074439,-0.036175694,0.08502439,0.0009431271,0.03537455,-0.7705199,CUST10106,0.9288358,High
-0.14391597,-0.14801033,-0.46698,0.29495183,-0.07338138,-0.16236195,0.023457749,-1.039432,0.41640103,-0.44651046,-0.834151,-2.6316142,-0.5145988,-0.34209713,0.3200178,-0.018145656,0.008809098,0.05136566,-0.017629402,0.43232968,-0.03637457,CUST10107,0.004618501,Low
-0.99022067,-1.5739791,-0.09762899,-0.3373207,-0.08431645,-1.0680608,0.21568558,0.026861314,0.93471307,1.8435105,0.03825719,-0.8546487,0.24727571,0.13456818,-0.38341758,-0.03566558,-0.05820308,-0.38718185,-0.016837042,-0.10242404,-0.19415459,CUST10108,0.057955902,Low
-0.22560167,1.0362061,-0.111844726,0.385832,0.41583824,0.16225669,0.29430524,0.06408866,0.25217226,-0.63792676,-0.99595475,-3.1764197,0.7631432,-0.19541629,-0.5714508,-0.0898282,-0.0145695275,0.051657163,-0.00033052592,-0.14113969,0.34132993,CUST10109,0.08025889,Low
-0.06286131,-0.68197286,-0.033115346,0.1710419,0.3720957,0.08073423,0.1141827,0.19137806,0.30266973,-0.73549795,0.37932274,-3.755511,0.42307925,0.042003024,0.10368148,0.23772433,-0.07738001,-0.20322296,-0.009979926,0.13637058,0.026640506,CUST10110,0.04636234,Low
-0.7750854,-0.8516782,-0.27707034,-1.5504726,0.5693736,-0.6261809,-0.2645266,-0.061689887,-1.9827574,0.5391851,-0.51562464,-2.1545644,0.29293293,0.07416567,-0.08076484,0.27948216,-0.10057214,-0.086447895,-0.015913362,0.3659754,-0.41107342,CUST10111,0.00046245678,Low
-0.61661416,-1.3124294,-0.41781127,-1.2253036,-0.06117589,-0.32587436,-0.45485538,-0.66228205,-0.722659,-0.5227934,-1.0913278,-0.84513265,0.21737435,-0.1442524,-0.17496836,-0.3627849,-0.11834305,-0.2964709,-0.037734434,-0.19492227,-0.38225916,CUST10112,5.557037e-05,Low
-0.07559619,-0.041709643,-0.058784943,-1.1723806,-0.047021512,-0.2079212,0.20278333,0.08253436,0.05157163,-0.9519209,0.10110435,-3.2314498,-0.6163275,-0.27915543,-0.010071067,0.1923462,-0.023652365,-0.12689698,-0.0041918727,0.36108282,-0.17492585,CUST10113,0.0022926102,Low
-0.7618728,-0.9056175,-0.16414331,-0.672568,-0.028161837,-0.23540664,-0.093084656,-0.59774697,-2.0150042,-2.2172158,0.13418992,0.25050873,-0.23215978,0.18638505,0.30741867,-0.14398585,0.058448836,0.06303448,-0.011738831,-0.07664733,-0.5942532,CUST10114,0.0004116997,Low
0.16804416,0.4209995,-0.08293278,0.23622437,-0.06030934,0.11565169,-0.037874036,0.3291287,0.37243274,2.461003,0.4975481,2.2997131,0.5833764,0.28565103,-0.0975512,-0.053224165,0.0039770207,0.15501556,0.012153846,-0.7279302,0.16427733,CUST10115,0.9990891,High
-1.0018271,1.0300205,-0.24234512,0.17051776,-0.07739225,-0.8929503,0.04627604,-0.004917667,0.18135658,-0.68877125,-1.2348593,-1.141,-0.45326757,-0.0013204438,0.06854707,-0.32468522,-0.006061822,-0.37502006,0.01529469,-0.34448954,-0.07524805,CUST10116,0.004508241,Low
0.3099947,1.2231578,-0.18445845,0.36084697,-0.05748218,-0.42027336,-0.031756494,0.09932276,0.37626514,2.2395906,-1.1433091,2.1250248,0.18862586,0.55129623,-0.005371161,-0.0637444,-0.01047099,0.12552027,0.010054151,0.60914993,-0.5705628,CUST10117,0.9966191,High
0.07124009,0.3161046,-0.13134429,-1.6107055,-0.0770168,0.40611288,-0.04487971,-0.06349124,-1.8158233,-0.2133779,-0.6485249,-2.0848548,0.4139336,0.1918639,-0.098876625,-0.1432123,-0.03296147,0.07398061,-0.0025879077,-0.18472071,0.1046058,CUST10118,0.0036125414,Low
-0.084966145,0.1579015,0.00070764567,0.37668577,-0.08365643,-0.060586225,0.1737114,-0.06152973,-0.03875889,0.23598379,0.11761106,-0.47414234,-0.64064324,0.085309915,-0.5720259,-0.14000197,-0.012005215,0.16284028,0.00020312378,-0.88937163,-0.17073168,CUST10119,0.123180896,Low
-0.12095812,0.14670604,-0.22706313,0.22696033,-0.09457277,0.1949372,-0.0050185034,0.3058409,-0.1304653,0.17780352,-2.1222286,1.8807548,-0.7539034,-0.194488,-0.016785689,-0.1643328,-0.037787117,-0.20578673,-0.00626435,-0.83853555,0.0033725298,CUST10120,0.116397455,Low
-0.92574215,0.13647541,-0.12728588,-0.938348,-0.02245013,-0.22822371,0.28535268,0.017750304,-0.50878394,-1.2880156,-0.09658052,-1.0722096,-0.40537155,-0.23487929,-0.16916153,-0.19563967,0.02309929,0.008440899,0.0004065337,0.011615646,-0.07441619,CUST10121,0.0028740675,Low
0.26007023,0.101714574,-0.05943768,0.24206579,0.75925905,0.010449751,0.29137605,0.4710521,1.0726094,0.9506779,-0.9564265,-1.4973757,0.33664572,-0.31227177,0.27888465,0.17852718,0.019559868,0.004242003,-0.004509505,0.39754254,0.396148,CUST10122,0.9476295,High
0.055108674,0.39962956,0.57953066,0.12501845,-0.060312994,-0.17751311,0.06872875,0.22373374,-0.10890103,2.417128,1.4799308,0.9620418,-0.46531266,-0.25798145,0.1878326,-0.045483418,0.007869526,0.05542713,0.00088565424,-0.42047215,0.19563526,CUST10123,0.99438864,High
0.054228943,-0.76898277,-0.46965033,0.44434848,-0.023538494,-0.19574001,0.14949252,-1.2908524,0.13468143,-1.9806049,-0.12820952,0.6079479,-0.46576717,-0.24658716,-0.029373212,0.11547673,-0.12919138,0.009168486,-0.01901956,0.47559652,-0.6487315,CUST10124,0.011538157,Low
0.97168446,0.60301536,0.41044986,0.17307708,0.2627321,0.14515372,0.06400081,0.2948702,0.24126817,2.1353426,1.2169043,1.4091637,0.19568294,0.054826345,0.116586514,-0.078648135,0.006861463,0.19231191,-0.0019765282,0.3437459,-0.7063263,CUST10125,0.99966645,High
-0.17023745,-1.2685168,0.05888298,-0.4340366,-0.034986403,-0.13432194,0.2678595,0.089907564,-2.1265213,-1.5932863,-0.42345098,0.495965,1.0089288,-0.5026695,-0.1525163,-0.013224438,0.12776555,-0.37121397,0.017972698,0.43721893,-0.037131492,CUST10126,0.008139983,Low
0.23541403,1.2035682,0.15062524,0.16931605,-0.050571423,0.093977645,0.268268,0.13675909,0.36542854,1.2088742,0.3448727,2.4223335,0.29252473,0.07394561,-0.16759509,-0.33234513,0.0076503544,0.070316024,-0.0068309642,-0.50945747,0.14884382,CUST10127,0.9977187,High
-0.14053483,0.65844214,-0.046776894,0.2950092,-0.07407096,-0.04176273,0.017455429,0.25972438,0.14529803,2.2673445,-1.059547,-0.5694697,0.37354425,0.07663362,-0.020446489,0.4257962,-0.013877108,-0.3099459,-0.0035547707,-0.12490212,-0.005841528,CUST10128,0.8872882,High
-1.0944378,-0.0017704625,-0.34914038,-0.00022890326,-0.06941608,-0.16233185,0.122774735,-0.08787694,0.31384033,-2.034121,-1.3073876,0.9049524,-0.6054821,-0.6186319,-1.0889204,-0.42478403,-0.009799792,0.030758899,-0.02242419,-0.4591551,-0.16307373,CUST10129,0.0007673209,Low
-0.015875725,-0.17845406,-0.097162865,0.67210543,-0.046509862,0.17645547,-0.49520844,0.16281731,0.32312834,-0.6967939,0.4452065,0.7436765,-0.39161462,-0.039482154,-0.091471784,0.05263441,0.10009645,0.116932735,-0.011166347,0.35228956,0.06590141,CUST10130,0.75069505,High
-0.07715198,-0.72155356,-0.39511666,0.5411055,-0.062474467,0.31007934,0.26193398,0.17635085,0.3662911,2.208477,-1.0982572,0.43046352,-0.28817812,0.24798742,0.2576052,0.15696967,0.16875271,-0.28861272,0.054115564,0.418707,0.018083885,CUST10131,0.93341655,High
-0.26968235,1.1146944,-0.12680164,-0.5325765,-0.04014744,0.15866672,-0.19062713,-0.019792866,-2.7768857,-1.8653415,0.10134966,1.2567354,-0.58581126,-0.8747517,-0.59175116,0.37196484,-0.08694831,-0.107499376,-0.0034628352,0.3043533,-0.028354678,CUST10132,0.007861752,Low
1.9009914,0.49903834,-0.48440167,0.34480312,-0.047141347,-0.33079058,-0.044490494,-1.0283954,0.6874644,-0.18346034,0.58467686,-0.5408005,0.5609747,0.27723235,0.27162674,0.16436182,0.030900633,0.08203391,-0.00047863275,0.18440503,-0.018272478,CUST10133,0.94609374,High
-0.23160265,0.22956379,-0.09059726,-1.6989319,-0.09867431,-0.6586222,-0.39978877,0.050904367,-0.81567454,1.3749788,0.22890328,-3.4391313,-0.4364286,-0.056949213,0.30325565,-0.2334676,-0.024022782,-0.3199803,-0.005748459,-0.121342026,0.2292668,CUST10134,0.001908979,Low
-0.6268751,-0.006126276,-0.8989754,-1.2367033,-0.04123015,-0.033154164,-0.18490656,-1.033409,0.05440548,-1.5226725,-0.6974983,-2.5000753,0.59769446,-0.17096451,-0.015791405,-0.00997318,-0.034082323,0.04351724,0.0031716619,0.35054094,0.06789215,CUST10135,0.00035593688,Low
-0.039879333,0.21920396,-0.5169147,-0.42687017,-0.04778952,-0.41225654,-0.09332791,-1.2163589,-0.5343508,-1.7173986,-1.0837986,-0.7430937,0.45926043,0.05861827,-0.052721784,-0.069404535,0.0007084735,-0.0072676246,0.011263115,-0.013941929,-0.0945208,CUST10136,0.0017160263,Low
0.2131672,0.22202598,0.46805364,0.452899,-0.069360256,0.38173345,-0.070345074,0.15308821,-0.1300717,1.2719436,0.34627438,1.0374162,0.4337508,-0.01854596,0.16032574,0.1075132,0.045407712,0.085342795,0.006949733,0.05012899,-0.02317719,CUST10137,0.99381447,High
0.86753184,0.5597482,0.094017,0.5154852,0.2865068,0.22427642,0.25515455,0.12842904,0.33521327,2.1297877,0.2118698,2.0329833,0.35552865,0.17241085,0.030601647,0.032414343,0.022074498,-0.36796755,0.025473192,-0.52172357,0.08365589,CUST10138,0.9994061,High
-0.8587433,0.18281303,-0.24785683,0.22692724,-0.06798328,-0.48106962,-0.34639183,-0.43139437,-0.64895165,-0.83145076,-1.6307642,-0.67967826,-0.3911268,-0.28173098,0.032696616,-0.24682541,-0.044546243,-0.34326753,0.0011172546,-0.096342266,-0.06017736,CUST10139,0.00068190735,Low
-0.9559283,-1.1240299,-0.1987437,-0.8322983,-0.044333994,-0.31006253,-0.453664,-0.8818321,0.75919515,-1.547392,0.14608227,-2.4237754,0.27914864,-0.053821545,-0.16159531,-0.1115298,0.02086062,0.03513306,0.0032253526,-0.062564105,-0.15498662,CUST10140,0.0002980076,Low
0.03212904,-1.3546554,-0.15136997,-0.5807585,-0.020465113,-0.19053394,0.072866976,-0.7811321,1.0023713,-1.8013744,0.27057564,-0.80528885,0.2474678,-0.06085312,0.36089653,-0.058243915,0.05237059,0.16372576,-0.012142263,-0.41499534,-0.07546445,CUST10141,0.015518903,Low
-0.06875389,-0.27179724,-0.15586899,0.1678242,-0.040887307,0.11028299,0.1267319,0.20918456,0.44699377,-0.7054943,-0.057623062,-1.0581478,-0.4590823,-0.25908607,-0.13859515,-0.16645738,-0.0827824,-0.12315742,-0.03320642,-0.46351817,-0.08870464,CUST10142,0.040803593,Low
-0.18549584,-1.3914353,0.4916202,-0.19357061,-0.07344146,-0.31666678,-0.50529253,0.08013168,-2.1172473,-0.6044441,1.2866539,0.5746712,0.33450195,0.05011528,0.01990037,0.2130544,-0.13194734,0.027899623,-0.007321954,0.041600894,-0.022695122,CUST10143,0.07765876,Low
-0.035541356,-0.5762414,-0.22354637,-0.42519468,-0.11261672,0.06893516,-0.36116156,-0.7669141,0.22243623,0.39526197,0.24453385,-2.5273485,0.5017745,-0.04161469,0.5143504,0.4882588,-0.0655835,-0.22235347,-0.015624988,-0.17575055,-0.12989344,CUST10144,0.03594989,Low
-0.1199136,-2.0726147,-0.0051803957,0.007594973,0.28927392,-0.6884686,-0.12321894,0.027286088,0.33732086,1.7747669,-0.20109116,-1.0353993,0.05791699,0.030999763,-0.87755793,-0.21211387,0.06421167,0.16483124,0.011190681,0.21149467,0.07819799,CUST10145,0.089020476,Low
-0.060988087,0.57396966,0.099926725,0.37948683,0.51653916,-0.27161762,0.35259625,0.20102146,0.380622,1.1244924,0.86416614,1.0036864,0.3639597,-0.28800845,-0.83531046,0.37568545,-0.0477426,0.16996819,-0.0036874306,0.60614944,0.21017924,CUST10146,0.99656373,High
0.23194213,1.3388075,-0.15176214,0.043289676,-0.09170444,0.120020576,-0.10702448,0.10432285,0.23674192,0.19485661,0.07733294,-4.52421,-0.60973394,-0.16747968,0.060881924,-0.040951967,0.002764026,-0.086654134,-0.0056924718,0.2725933,-0.062953085,CUST10147,0.038798817,Low
-0.8156544,-0.86784166,0.36881608,-0.2930505,-0.069227904,-0.5746987,0.112880565,-0.050750658,0.04826689,0.5151001,0.75531244,-0.5378785,-0.30265865,-0.086598605,0.33419615,0.122711465,-0.015914476,-0.37543344,0.008065451,-0.26152948,-0.09807213,CUST10148,0.106296495,Low
-0.25322172,-1.5166401,0.04397865,-1.6700495,0.23458315,-0.33316666,-0.102053575,0.0009960947,-1.9228747,-0.2828685,0.4357368,-2.1206079,0.3441282,-0.57354087,-0.11155267,-0.22905265,0.10941783,0.11866613,0.015624065,0.25769848,-0.028451685,CUST10149,0.000486185,Low
-0.28257853,0.3158092,-0.2645984,-0.671144,-0.075352445,0.12749468,-0.026916295,0.19075374,-2.0615242,-1.0776445,-1.328402,0.40348822,-0.6231293,0.13198951,-0.13099189,0.40619135,0.043545708,0.060424592,-0.0038228491,-0.51329154,-0.030277383,CUST10150,0.0042560073,Low
-0.24823274,0.047028396,-0.22269547,-1.3102316,-0.03468976,-0.056199264,-0.09096176,-0.045919336,-2.08594,-1.1038469,-0.5702407,-1.8640884,-0.6311282,-0.7237362,0.11377223,-0.03356435,0.022025604,-0.009891671,-0.032535233,-0.081032515,-0.17216195,CUST10151,0.00010312631,Low
0.14514144,-0.2708621,-0.34417632,0.31912845,-0.088821754,0.387732,-0.14323121,-1.0635376,0.98644054,-0.59528035,-0.8592722,0.25235915,-0.5416657,0.12548831,0.12394398,-0.1783706,-0.032039523,-0.18123442,-0.0031313477,-0.5492254,-0.09863471,CUST10152,0.065716386,Low
0.2139026,0.18187141,0.39589942,0.20631929,-0.081837595,-0.11147368,0.09736941,-0.63875395,0.103491016,0.094151445,-1.1888946,0.74062026,0.34954932,0.15619418,-0.57492346,-0.23615867,-0.036340732,0.071034975,0.0236508,-0.41741943,-1.0687054,CUST10153,0.14608574,Low
-0.109625675,0.22993605,0.73190737,0.10929445,-0.07731721,-0.30807567,0.050449237,-0.016389456,0.2585865,-0.52530545,0.8469491,-0.66741925,-0.6337859,0.010093314,-0.19637486,-0.18070263,-0.042125005,-0.3775785,0.008857419,-0.83366346,0.061670013,CUST10154,0.15370898,Low
0.23204696,0.5784604,0.010824866,0.485886,-0.06086216,-0.47681457,0.13170451,0.027934577,0.14256732,2.5075293,0.40764886,1.1574303,-0.4383485,-0.36843196,-0.14382933,-0.21881938,-0.0149057545,0.14698407,0.0012755343,0.016250195,0.09272297,CUST10155,0.98481387,High
0.100778796,0.4511616,0.33385104,-1.8741792,-0.058908395,0.16269718,-0.10264827,0.31576848,-2.416824,-0.3040026,0.012963111,1.0301602,-0.5322264,-0.14179076,0.044751354,0.027828446,-0.07868202,-0.022496473,-0.013903402,0.29388046,0.06344771,CUST10156,0.05988609,Low
-0.999751,0.3331055,0.038338754,0.46520916,-0.060651172,0.16704084,0.064819865,-0.020397343,0.6358672,-1.6593207,0.38715073,-3.2895045,0.52655387,0.08477893,-0.72484004,0.015475256,-0.07406181,-0.069323026,-0.0049680537,0.4090701,-0.22682838,CUST10157,0.017167566,Low
0.02801285,0.5486838,-0.30710387,-0.5753668,-0.07383997,0.36390904,0.09930563,-0.60562253,0.59509104,-0.5805876,-0.58468837,2.5760071,0.7876758,0.25011525,-0.056647085,0.19099344,0.012000769,-0.012388319,0.0035588623,0.01705856,0.08905842,CUST10158,0.9381991,High
-0.2599836,-1.077748,-0.25925764,-1.5269147,-0.066024564,-0.52760214,-0.055462077,0.10503949,-2.0161502,-0.5246843,-0.9922472,0.75375897,0.9099188,-0.028470146,-0.17109144,-0.1607532,0.003679682,0.1706487,-0.021769948,0.14792378,0.1541958,CUST10159,0.004118336,Low
0.04027047,0.34359303,-1.1765549,-0.5743422,-0.053375255,-0.20299233,-0.22959246,-1.3881358,-0.77032965,-1.8475819,-0.7938653,0.34175357,0.48216805,0.039536953,-0.09414993,-0.05363704,-0.0019911502,0.042419683,0.0002655983,0.09367823,0.14318295,CUST10160,0.003318689,Low
0.2603152,-0.03135812,-0.17345496,0.10752329,-0.12642284,0.022794047,0.067316666,-0.04696293,0.28736427,-0.06454027,-0.65647805,-2.514818,-0.41378364,0.08650722,-0.06396357,-0.079643585,-0.05583843,0.1636283,-0.0058534234,-0.63025457,-0.76440775,CUST10161,0.009216387,Low
-0.9756069,0.11746298,-0.44686764,0.17312297,-0.06311901,0.16667198,-0.33007762,-0.0038280035,0.39700547,-2.2831323,-0.7450503,0.8295749,-0.69452155,-0.74776196,0.26406074,-0.32811704,-0.0875417,0.07702597,0.011358816,-0.020064544,-0.10333228,CUST10162,0.00786125,Low
0.94927704,1.2598522,0.39694774,-0.25363427,-0.03354249,0.31001234,0.036792625,0.33062544,0.60736,1.8939455,1.0237451,1.8652878,0.22950111,0.13022473,0.25087073,0.31642234,0.009749962,0.08140127,0.0026196018,0.39777347,0.15173319,CUST10163,0.9999504,High
-0.017450165,-1.0787158,0.28722543,-0.087424695,-0.11052461,0.21654142,0.028404087,0.43679628,0.73935837,0.9190353,0.06910854,-2.9252255,-0.42288697,-0.020707062,-0.120939724,-0.054251697,0.123027794,0.056343976,0.017943922,-0.054959632,-0.17306878,CUST10164,0.09818549,Low
-0.038311586,1.1780298,-0.11041149,0.52475905,-0.06296413,0.08294311,-0.068294905,0.23231024,0.9581199,0.41402638,0.07842841,-0.26070595,-0.49569917,-0.08688024,0.27084392,0.16347101,-0.035303816,0.13835545,0.0051304083,-0.41631964,0.028488172,CUST10165,0.92091423,High
-0.8732049,2.1534855e-05,-0.41446754,-0.26961178,-0.09884187,-0.28635433,-0.37803707,-0.11972388,0.64209265,-0.49716318,-0.8430534,-2.9142354,-0.42014134,0.21952571,0.19096757,-0.018023511,-0.06531407,0.11952792,-0.00958444,0.06727107,0.20199703,CUST10166,0.0029838928,Low
-0.082821116,-1.3889198,-0.24924865,0.14153205,-0.09886047,-0.5025146,-0.8522696,-0.15040354,0.0879152,-0.42701232,-0.102520116,-1.8693949,-0.13579983,-0.0034946008,-1.2951185,-0.36407405,0.1260687,0.075820945,-0.0007110038,-0.031210594,0.32066527,CUST10167,0.0010609203,Low
-0.09326501,0.4035819,0.5057812,0.2814822,0.29956478,-0.14545937,0.017795209,0.12590005,0.2837792,2.182299,-0.13505048,0.74620485,0.26753855,0.15772025,0.4018218,0.26169476,-0.014907892,0.17048837,0.003561684,0.36368948,0.25851434,CUST10168,0.99816257,High
0.21417198,0.43805897,-0.1842761,0.305846,0.27810016,0.20563884,0.1767113,0.39033335,0.22210112,2.6366062,0.5969709,2.2604377,0.6437486,-0.19218315,0.35573637,-0.014064528,0.052410338,0.100720316,0.028630465,-0.14695811,0.29899067,CUST10169,0.99982005,High
1.3012646,0.4425207,-0.28521714,-0.09350706,0.38482344,0.5135315,0.15770619,0.14764887,0.21980111,2.5516522,-1.0698314,0.40547436,0.41951203,0.19968477,0.10843169,0.25890192,0.029586373,0.055996895,-0.0003028675,0.029726392,0.08787037,CUST10170,0.9970414,High
-0.091301546,1.434977,0.50304127,0.5502248,0.3628333,0.1272467,-0.11648405,0.0657718,0.30835995,0.5313818,0.1870906,0.7981653,0.769952,0.23071407,0.19576694,0.08173531,0.0396196,-0.0008884561,0.024452936,0.04063707,-0.5393689,CUST10171,0.9957592,High
-0.047083434,0.9446621,0.5437837,0.272161,-0.036393445,-0.26765233,0.1563905,-0.1265084,0.6129538,2.0242317,0.44030583,0.43888566,-0.3978248,-0.5472157,0.30700502,-0.4490685,-0.012836052,-0.5318505,-0.0076643573,0.44447488,0.1441874,CUST10172,0.97936195,High
-0.05885074,-1.0348146,-0.85996103,0.19319797,-0.07668851,-0.0070963204,-0.4839699,-0.4579584,0.85290295,-0.43346587,-1.3568842,0.274804,-0.33144903,-0.32566613,0.4080033,0.25896636,0.21486054,-0.16092359,0.0343616,-0.04008598,0.104597524,CUST10173,0.0345128,Low
0.9725386,-0.99434566,0.4680045,-1.7936409,-0.08256766,0.28925842,-0.17860399,0.06046561,-0.33742818,0.13021831,0.9028987,-2.9294353,-0.45810327,0.14553307,0.2825517,-0.22444068,-0.103451654,-0.008917775,-0.008876812,-0.088420995,-0.1556481,CUST10174,0.015404152,Low
-0.13195395,-0.14638951,-0.0574446,0.3568455,-0.042467907,-0.011020974,0.33909443,0.21319017,0.105456516,-1.9210836,-0.10396816,-2.4394703,-0.29609895,0.307155,0.03204797,-0.25016797,-0.017825738,0.11228757,-0.0067537455,0.042668108,0.25735238,CUST10175,0.024039352,Low
0.119497776,-1.3847392,-0.2272845,-1.6666003,-0.082128376,-0.10613094,-0.0037580277,0.0033748127,-2.059748,-0.26009327,-0.1911516,-2.2532332,-0.4510855,0.052571148,-0.42209288,-0.115383714,0.21644111,0.060377806,0.026062587,-0.6100847,-0.050017893,CUST10176,7.8652934e-05,Low
0.98883873,-1.1082019,0.14632554,0.46658587,-0.051175214,0.32995287,0.09443419,0.17721508,0.3943017,1.0843022,0.41984284,0.82077605,0.26420286,0.0814656,0.105803326,0.12265161,0.2172944,0.1382445,0.01549115,0.039588362,0.0983503,CUST10177,0.9918464,High
-0.028731588,0.75203604,0.9484171,-0.13104337,0.3699077,-0.14267357,0.13296315,0.3158283,0.19249055,-0.6661362,0.8485458,0.38680127,0.5654857,-0.21893905,0.0096695945,0.029560208,0.024497814,-0.36447024,0.004094241,-0.24746658,0.41853327,CUST10178,0.95907336,High
-0.03279778,-0.77853775,-0.22004516,0.2929752,-0.07951404,-0.49352837,0.13228945,0.21517104,0.45160252,-0.6873077,-1.644729,0.376747,-0.49369535,-0.0065562823,-0.052771274,-0.0725439,0.16128655,0.063786834,0.064977184,-0.10856587,-0.11301711,CUST10179,0.044363678,Low
-0.09427864,-0.58223814,-0.23567186,-0.41778353,-0.071067356,-0.54812306,-0.14466043,0.15761518,0.7147615,-0.6340635,-0.59719163,-2.5352862,-0.35722157,0.13215163,0.13700093,-0.0509151,-0.013855955,0.14706542,-0.035754204,0.22314668,-0.12040302,CUST10180,0.006881897,Low
-0.79896545,-0.71071285,-0.09104233,-0.97340244,-0.02187431,-0.54515445,-0.09480164,-0.558846,-1.6581297,-1.1468257,-0.085537404,-2.3414633,-0.28646454,0.057997067,-0.1872499,0.10619791,0.14987333,-0.24387431,0.01131396,-0.02965515,-0.06950508,CUST10181,7.025541e-05,Low
-0.8826749,0.22058907,0.6907612,-0.031016812,-0.052129354,-0.45524955,-0.018416371,0.10098765,0.12581299,-1.6515802,0.72318554,1.9425253,-0.548318,0.037426732,0.42422676,0.057906967,-0.0120975645,0.07637193,0.024921026,0.026364984,0.7323199,CUST10182,0.8155876,High
-0.21090506,1.2657512,-0.50816077,-0.3509176,-0.04496956,0.18274216,-0.0012164806,-0.7310008,0.41462907,-0.8692848,-1.0218285,-1.1343102,-0.5432208,-0.14284807,0.10285629,0.34019116,-0.031158153,-0.17945892,-0.01657191,0.7334899,-0.539686,CUST10183,0.034520846,Low
0.028499223,-1.1693286,-0.10984122,0.16904968,-0.06159687,0.27109703,-0.40285754,0.014395574,0.3404385,-1.6901017,0.5455445,0.55303955,-0.38362783,0.06073074,-0.25357375,-0.15220425,0.09200097,0.036041245,-0.013419719,-0.5649155,-0.05089406,CUST10184,0.05804683,Low
0.0044530462,0.78607947,0.03277515,-0.20733315,-0.05675823,0.13913369,-0.012921579,0.3598603,0.4271754,2.2219436,0.610391,2.0811768,0.5130125,-0.54684037,0.07757782,-0.14221537,0.013752266,0.115127906,0.028304636,0.03873486,0.05886864,CUST10185,0.9984945,High
-0.105048425,0.22331244,-0.0844991,0.4931915,-0.07025869,-0.26730067,-0.26293096,-0.52734804,0.091766775,-0.7551124,0.31225556,-2.9619262,-0.5116093,0.10097882,0.47579983,0.23510802,0.040103298,0.03381501,0.00743807,-0.3449678,-0.04397919,CUST10186,0.01858952,Low
-1.1124256,-1.2963332,0.14709882,0.57754135,-0.04963993,-0.82515126,0.2077133,-0.07982096,0.64828956,-1.4417119,0.46811542,-0.33547884,-0.29588398,0.11436435,-0.2498628,-0.036114395,0.090938486,-0.14811045,0.014844105,-0.02259921,0.32387817,CUST10187,0.03404183,Low
0.90243024,0.68929386,0.43272784,0.34050405,0.20612186,0.17087744,0.09449128,0.2038161,-0.07104514,2.0675473,0.34680876,1.0378305,0.58494896,-0.111768685,0.08623258,0.07683713,-0.05961174,-0.3215162,0.0026950939,0.3567869,0.15136641,CUST10188,0.9992095,High
-1.0171449,0.30383024,-0.1691753,0.30102468,-0.08158875,-0.54217714,0.04740202,0.18613972,-0.59898907,-0.9814962,-1.1951387,1.1937785,-0.55845076,-0.09961228,-0.043303803,0.1304744,-0.036394555,-0.23021783,-0.010162288,-0.24959092,-0.4814634,CUST10189,0.015106012,Low
-1.2912573,0.2529031,0.04313157,0.18078087,-0.06717392,-0.85105366,-0.09421695,0.06530413,0.08785009,-2.2825694,-1.1390067,0.8004578,0.37145945,-0.10135983,-0.02990535,0.016252974,-0.0090156235,0.06703473,0.0058357334,0.53295225,-0.097170435,CUST10190,0.027015755,Low
0.052681256,-0.71138906,-0.2972008,0.35852417,-0.08817598,-0.32890478,0.3189971,-1.024157,0.81341326,-0.49935576,-0.62306964,-1.6341347,-0.30232367,-0.04180768,0.16238731,0.12698554,-0.12574153,-0.11043323,-0.009079987,-0.07821089,-0.030800877,CUST10191,0.016032428,Low
-0.23578665,1.0914332,-0.34694284,-0.09055435,-0.10528839,-0.16036172,-0.0026844982,0.11723302,-0.096503034,1.5677054,-0.9331898,0.63041276,0.22380748,0.06202158,-1.8067613,-0.46737662,-0.021589478,-0.5170199,-0.0026945558,-0.948228,0.0660072,CUST10192,0.11695949,Low
-0.86489975,-0.67334116,-0.086733,-1.1377132,-0.043147974,-0.22198004,-0.0850214,0.008732035,-1.8948693,-1.129517,-0.2138287,-2.4481614,-0.37817904,0.14559922,-0.97015744,-0.21485387,0.20665924,0.054023866,0.009691086,-0.21935372,-0.02366534,CUST10193,3.6218564e-05,Low
-0.038012017,-1.4812375,0.1954126,0.28358045,-0.025295157,0.11549273,0.20873027,-0.034244575,-0.41479275,-2.1973743,0.24014813,1.3452783,-0.37651202,-0.22029944,-0.16532925,0.02793477,0.1139527,-0.07393445,-0.0014378284,0.5157253,-0.015069738,CUST10194,0.11481585,Low
-0.18599913,-1.1062768,0.53864133,-1.5065681,-0.032654263,-0.060994267,0.20764053,0.09110611,-1.8029716,-1.3386528,1.125383,-0.8893942,-0.31093845,0.16106771,-0.14177656,0.1760719,-0.1287389,-0.067888334,-0.0065798345,-0.41569954,0.098317005,CUST10195,0.003532927,Low
-0.7515965,-0.98756576,-0.4311367,0.15201828,-0.08921053,-0.2181691,0.079258844,-0.7183768,0.9461366,-0.6356945,-1.1401676,-2.3086,0.23226306,-0.0138591975,-0.3551863,-0.23164624,-0.054204326,-0.074997574,0.001184131,-0.20789658,-0.1974767,CUST10196,0.0008665666,Low
0.26474574,0.16399567,0.41942912,0.040692057,0.37918413,0.3075081,0.06957401,0.26305294,0.19586593,0.86116785,0.3084748,2.2329211,0.30797642,0.074182,0.02193465,0.27180257,-0.02353062,0.09707444,-0.013176964,0.11480859,0.24484733,CUST10197,0.99858236,High
-0.91612506,-0.018885277,-0.36585972,-1.132906,0.21397161,-0.32366532,0.054593734,0.017928876,-0.060965784,-1.620109,-0.49135584,-2.1332028,0.49221936,-0.07881624,0.27103084,-0.41268876,-0.024783837,-0.2894861,0.0028469255,-0.045045357,-0.13146722,CUST10198,0.0008771522,Low
1.5225464,0.7684008,-0.2884903,-0.42467302,-0.038862962,0.0026026694,-0.035557114,-0.8360523,-1.6794925,2.3592927,-0.09710857,-0.7518897,0.40245974,-0.02652735,-0.014560544,-0.024958821,0.008713872,0.013958647,0.0025975406,0.2246733,0.22705363,CUST10199,0.7805621,High
1.1452347,0.07415382,0.32140857,-0.16468753,0.36409387,0.05114607,-0.032951787,0.21289478,0.03681966,1.8967301,1.2519795,1.048497,0.26837766,-0.05514995,-0.32873103,0.23664813,-0.00042605738,-0.100240566,-0.007864004,0.5153468,0.24929604,CUST10200,0.9990301,High
-0.9009865,-1.1884025,-0.24389839,0.16388176,0.3192284,0.071668535,-0.37788016,-0.05711647,-0.6239866,-1.8227885,-1.1157932,-0.74778926,0.41963598,0.19289117,-0.25105536,-0.1634568,-0.16719453,0.061568253,-0.0491306,-0.41984978,0.026282156,CUST10201,0.0009874894,Low
-1.0205262,-1.0436866,-0.0015830295,0.039046362,-0.057728842,-0.101468936,-0.07408707,-0.039517924,0.008733813,-1.9767661,-0.63610643,0.49062368,0.37582803,-0.013155296,-0.39596036,0.33921006,-0.094997175,-0.24347836,-0.057640918,0.0050923466,-0.015625892,CUST10202,0.010364228,Low
0.030052964,1.2669736,-0.28111038,-0.7487724,-0.051086035,0.095907,-0.026951335,-0.28782874,0.71450126,0.9333793,0.441566,2.3735971,-0.36114293,-0.28165716,0.20697075,-0.14605771,-0.047121886,0.08519032,-0.0018139177,-0.39529988,0.23177591,CUST10203,0.9760113,High
-0.056861155,0.9274147,-0.12230865,0.3950228,-0.081299655,-0.005698605,0.13591021,0.2008659,-0.017841779,-0.5699514,0.67748165,0.70609134,-0.71976787,-0.801295,-1.567738,-0.21284673,-0.025575979,0.08020595,-0.0008620182,-0.5580358,-0.10910578,CUST10204,0.14537098,Low
-0.17287003,0.32429484,0.51054955,-2.046515,-0.079561874,-0.033150584,0.08491957,-0.021521743,-2.3544264,1.3573201,1.0822163,-2.3734827,-0.5990023,-0.8444304,-0.09182922,0.055890903,-0.049612243,-0.35670286,-0.001144076,-0.29386455,-0.08433893,CUST10205,0.0023938743,Low
-0.592669,0.38827556,-0.69794315,-1.4037496,-0.054115262,-0.27158493,-0.2796213,-1.0366582,-1.8121488,-1.2738614,-1.4870814,0.41987026,-0.52908254,0.05946126,-0.03135623,0.0063991006,-0.07896078,0.052647986,0.007520348,-0.06470445,0.05304246,CUST10206,0.00017137175,Low
0.16895492,0.721952,0.41475427,-0.031234968,0.3258191,-0.0084553715,-0.4450828,0.16703846,0.7098141,2.2800953,0.4408411,0.5469042,0.5075164,0.2115248,0.22663777,-0.007259885,0.0069725225,-0.04973805,-0.008147696,0.35139766,0.056879945,CUST10207,0.9985605,High
1.0007672,-0.6085774,-0.75260264,0.19076586,-0.073646255,0.45609272,-0.12735377,-0.6665013,-1.7375679,0.61455905,-0.9672813,-0.16819175,-0.31954736,0.07960918,0.075456,0.3034858,-0.12122072,-0.14792453,-0.0048297094,-0.66484404,0.12660874,CUST10208,0.02770821,Low
-0.9342476,-0.9925771,-0.18686861,0.2514566,-0.09786454,-0.52484417,-0.4166116,-0.52301466,0.32823205,0.36594802,-1.1141881,0.28402758,0.20854747,0.03588001,0.02827888,-0.17742936,-0.09793139,-0.48990986,-0.021553222,0.48452485,-0.74160904,CUST10209,0.012407888,Low
-0.7718558,1.5367758,-0.38687807,-0.9356362,-0.032441247,0.020317316,-0.21031502,0.02187854,-0.13518599,-1.8661377,-0.20207582,-3.1041737,-0.53677475,0.17402214,-0.022863213,-0.17145766,0.030253809,0.14106417,0.022870108,0.15674056,0.063206986,CUST10210,0.0019193463,Low
-1.1821188,0.22751713,0.59425825,0.017715337,-0.052615862,-0.7425225,-0.13321789,0.004391008,-0.57978916,-2.3816452,0.16858828,0.6244823,-0.40044358,0.023777561,-0.036620077,-0.12512407,0.003682154,-0.2905023,0.029259961,0.34278682,-0.03146576,CUST10211,0.018618826,Low
0.036213126,0.77317536,-0.510443,-0.31464037,-0.056982823,0.03330295,0.029163968,-1.2895145,-2.7719033,1.249883,0.18040936,0.4559084,-0.69806886,-0.91103333,0.01838896,0.0704716,-0.073655434,0.117098995,-0.017599452,0.071465105,0.06422828,CUST10212,0.026875086,Low
0.047156684,1.2516717,-0.6422309,0.33382085,-0.04176955,0.24089932,0.25921762,-0.9154411,0.30236983,1.9490995,0.15286234,1.0067812,0.6360301,0.22263792,-0.089001745,0.13434291,0.024429964,-0.09717481,-0.011354573,0.5334083,0.24726905,CUST10213,0.9959292,High
-0.05375145,-0.16737781,0.5402417,0.20644215,0.3507489,-0.39583316,0.10637217,0.253343,0.2957986,0.6129577,0.6231258,1.1339113,0.8470535,-0.30554482,0.5773057,-0.1666248,0.006036209,-0.40193635,-0.009499598,-0.07302088,-0.0009827064,CUST10214,0.9808023,High
1.0664886,-0.009301463,0.01886808,-0.6204865,-0.038085658,0.16672342,0.08293249,0.31614307,0.6318185,1.6619143,0.37939382,2.2493188,-0.27536365,-0.1561499,-0.072434306,-0.016872166,-0.070880815,0.083910584,0.017011909,0.1404483,0.18108496,CUST10215,0.99663615,High
-0.004907404,0.090126246,-0.1014049,0.5121383,-0.037245553,0.14120936,0.17844935,0.18851952,0.2084612,-1.9564735,-0.7328449,1.1897967,-0.6366984,-0.77931345,-0.020009572,-0.20300627,0.009878012,0.075894825,-0.004849456,-0.3464807,0.047583755,CUST10216,0.0974084,Low
-0.1779358,-0.09285334,-0.2501184,-1.1244308,0.09644033,0.0051854216,-0.11040918,0.15195395,-2.265125,-1.9919758,-0.05127239,1.2566714,0.39449918,-0.08699681,0.30132097,-0.1781171,0.04087642,-0.081624255,9.9383295e-05,-0.024985747,0.0665771,CUST10217,0.01525607,Low
0.1588492,0.4234991,-0.86473244,-1.6865665,-0.084439844,-0.36155376,0.19583169,-0.28714007,0.35661718,1.6979812,-0.87877715,-3.1275985,-0.29277754,0.029213078,0.46600214,-0.08911036,0.062102564,0.26754257,-0.003310103,0.34060645,0.13759509,CUST10218,0.026978962,Low
0.22068717,0.48510486,0.0060529513,0.08392403,-0.06452385,0.23003353,0.1151975,0.092854396,0.029142786,0.5203379,0.17993201,2.629922,0.768931,0.12040244,-0.20654337,-0.14821507,0.020962771,0.15123418,0.0009512061,0.6094717,0.06913237,CUST10219,0.9971846,High
0.10252599,-0.13564095,-0.19787896,0.34576607,-0.040627062,0.16110313,-0.44406506,0.35999763,0.2397758,-1.3316299,-0.6676854,0.7371136,1.4431115,-0.13490164,0.5690463,0.6042043,-0.022554152,-0.03728564,0.009135755,-0.19032481,0.29117355,CUST10220,0.834129,High
0.055665646,0.48485723,0.36226514,0.24432744,0.27881938,0.20560208,-0.0825901,0.15571138,-0.15395181,2.1058612,1.3509836,1.7511678,0.77396417,0.107375994,0.06971243,0.10377152,-0.0034833404,0.077614225,0.010111783,0.06620426,0.33195284,CUST10221,0.999739,High
-0.7317891,-0.781133,-0.22435048,-0.5673012,-0.03376664,-0.18696606,-0.17667037,-0.011613663,-0.004614811,-1.894838,0.2271923,-2.953214,-0.48541257,-0.19101809,-0.14088885,-0.18809631,-0.023922874,-0.086308956,-0.013502387,-0.02657838,-0.11595632,CUST10222,0.00017406103,Low
0.15479337,0.3177203,0.7651909,0.3753762,0.5134788,0.26137558,-0.32493374,0.10526886,0.65765136,0.89857316,0.7244256,0.45483634,0.37590933,0.09463798,-0.21973418,0.14200862,0.026731918,-0.11118817,-0.0032622297,-0.5920151,-0.041176863,CUST10223,0.9893394,High
-0.08970918,-0.96455824,-0.099032596,-1.2306112,-0.027945844,0.7609346,0.14933084,-0.7276508,-1.6504017,-1.2504456,0.01942508,-2.1152396,0.41483098,-0.013616581,-0.15836973,-0.048304245,0.15397915,-0.05966978,0.0145119205,-0.19958237,-0.3797773,CUST10224,0.0005273683,Low
-0.85958475,-1.0781487,-0.08575694,-0.28599706,-0.045455843,-0.20484576,0.21306218,-0.36602372,-2.353452,-0.7113216,-0.013426092,0.42470744,-0.28781742,0.07950357,-0.10472649,-0.0068708737,0.020745391,0.03225191,-0.01293494,-0.25727123,0.11050056,CUST10225,0.002906058,Low
1.0073798,0.66280735,-0.06355273,0.3431576,0.28479585,0.28293017,0.3183066,0.23773643,-0.27935222,2.2775648,0.33269706,1.1962535,0.65582204,-0.22940609,-0.72123325,-0.35906336,-0.06040877,-0.030871121,0.0032917056,0.01793023,0.07937326,CUST10226,0.9972978,High
-0.03674775,-0.20828655,-0.38932788,0.4757462,-0.094374485,-0.111239456,-0.2216356,-0.7275034,0.03784497,0.19361368,0.44542295,-3.3959303,-0.52078426,-0.60198945,0.37788752,-0.57815695,0.06403624,0.035933785,-0.00039852224,-0.091564596,-0.12743121,CUST10227,0.003989594,Low
1.0030478,1.129233,0.17109792,-0.08788605,-0.06995763,0.19516161,0.37674138,0.19864297,0.0883003,1.9843365,0.44307503,1.923545,0.35494047,0.049830496,-0.6893256,0.070186034,0.027850632,-0.36784777,0.0050444757,-0.4277833,-0.59897584,CUST10228,0.9967765,High
0.15805054,0.47928396,0.41436854,0.19833344,0.32999977,0.41301522,-0.023025148,0.14175339,0.3434498,2.135565,0.57221913,0.5757598,0.8522739,-0.45388916,0.4275633,-0.123061664,-0.007301429,0.21602428,-0.008435437,-0.018302426,0.15200599,CUST10229,0.99880743,High
-0.14633445,0.3603522,-0.6092529,0.37663952,-0.05958301,-0.1864433,0.13257745,0.40735582,0.52065116,2.8164315,-1.3765072,-0.39679724,-0.27926695,0.4294669,0.3106206,-0.08232477,0.0009276883,0.32832056,0.011149885,0.65317076,0.122101985,CUST10230,0.96401745,High
-0.01861267,1.5913713,-0.10037042,0.5874531,-0.035790365,0.10380385,0.028203744,0.38416725,0.52183276,-1.3958974,0.3032034,1.4219433,-0.437753,-0.14302786,0.008695513,-0.12264049,-0.019182205,0.09773165,0.009919336,-0.47012767,0.4814317,CUST10231,0.93997955,High
-0.8641203,0.39528963,-0.14487818,0.2692647,0.7510104,-0.5567305,0.106572166,-0.46642953,0.42777944,-0.42635074,-0.7477316,0.80468315,1.0905677,0.2097158,0.18424849,0.21541528,0.075207375,0.32342878,0.016513526,-0.2281564,0.057126097,CUST10232,0.80957377,High
1.1893406,-1.4349382,0.029771024,-0.8134306,-0.06970419,0.26733255,0.1716423,-0.12154281,0.40390438,-0.51229095,0.19400114,-0.035815187,0.34936565,-0.12038164,-0.35352117,-0.21723764,0.11295712,0.19745208,0.050628632,0.10501146,-0.00860817,CUST10233,0.3404599,Medium
-0.0931369,0.24303225,-0.9312154,0.254583,-0.050473392,0.27500504,-0.0838507,-1.1299717,-0.7380152,-1.907807,-1.3748927,1.3573626,-0.50906897,0.042941503,-0.03252706,-0.18667665,-0.060817707,0.054148722,0.0025331057,0.6509763,0.080783226,CUST10234,0.015034317,Low
0.068605855,0.084710084,-0.44394916,0.53295594,-0.06658234,0.10957216,-0.459024,-0.44932055,0.26717088,0.58738834,0.72786963,1.1193732,-0.320849,0.37390324,0.0804926,0.2125901,0.06467549,0.20767553,0.0032227845,-0.041872796,0.26064545,CUST10235,0.9465498,High
-0.31096214,0.3011487,-0.18461256,-1.4323171,-0.03895384,-0.09841557,-0.3305124,-0.5930178,-2.21018,-1.0691459,-0.10375309,-2.7434053,-0.5915985,-0.016131084,-0.091055475,-0.024089057,-0.017333865,-0.04152157,-0.0012308424,0.01527255,0.36866042,CUST10236,9.530489e-05,Low
-0.28862792,0.2286199,-0.25719988,-0.3976121,-0.054677606,-0.12511805,-0.07216627,-0.9473516,-1.8030291,-0.9302199,-0.105653524,-0.82931566,-0.60581964,0.13726379,-0.15974142,-0.10849915,-0.092281796,0.02275273,-0.0035456514,0.003858071,0.13668193,CUST10237,0.0018386741,Low
1.0993359,0.5019017,0.044241257,0.38354814,-0.046250317,0.07636709,0.20936874,0.41095933,0.17978626,2.416875,0.5677998,0.8798874,-0.29696116,0.10837104,0.010198203,-0.11165957,-0.00939619,0.18512504,0.01611609,0.72556424,0.15060359,CUST10238,0.9994228,High
0.99103916,-1.0960745,0.56194013,0.020980818,-0.053247023,0.06401179,-0.42847514,0.18090567,0.35244915,2.201805,0.517429,0.81032556,0.19291368,-0.047484055,0.06454408,0.15423326,-0.066697896,-0.11915975,0.006947608,0.07350325,0.13575687,CUST10239,0.98870987,High
-0.5805767,0.18292265,-0.15628436,-1.3759471,-0.090255946,-0.18369661,-0.24003069,-0.071477875,0.10651132,-0.6108858,0.2019694,-3.278542,-0.5510912,-0.2508847,-0.19459474,-0.24785426,-0.03724122,0.029737107,-0.002689147,-0.4141122,0.3760058,CUST10240,0.0005903516,Low
-0.7496147,-0.26674783,-0.06582343,-0.31354415,-0.09886967,-0.23233232,0.16823104,-0.108566485,-0.16041988,-0.4318836,-1.0802466,-2.465752,-0.50000465,0.10327235,-0.32119298,0.16858804,-0.0051149144,-0.26969546,-0.01070936,-0.4516396,-0.06296869,CUST10241,0.0007458658,Low
-0.8422889,0.06318067,-0.219958,-1.2643352,-0.06651304,-0.6022841,-0.22788146,-0.58914214,-1.673486,-0.5828589,-0.041609075,-2.237913,0.31079912,0.18908323,0.33267924,-0.15175574,-0.0356365,0.0141421,-0.008006094,0.17139779,-0.19779006,CUST10242,0.00045020354,Low
-1.0581008,0.008094019,-0.05002638,0.08526412,-0.114312276,-0.89008164,-0.40112272,0.41085407,0.039885875,-0.91131663,-1.5603445,0.21971643,0.3302741,0.09317891,0.27704713,-0.1122629,-0.050255798,0.1403966,0.015820075,-0.11550145,0.019406317,CUST10243,0.0248782,Low
0.013768807,-1.1540117,-0.03045416,-0.8932673,-0.06567004,-0.1437396,0.09052773,0.24750534,0.10577405,-0.51995295,0.19862458,-2.0105493,0.5129081,-0.021657068,0.10152109,0.044780903,-0.058362324,0.05359699,-0.013361381,0.100136556,-0.07628452,CUST10244,0.027562594,Low
0.00896938,0.15639032,-0.50574946,0.14032513,-0.03629546,0.26836973,0.20331877,-0.9948968,-0.5700585,-2.6584399,0.30711997,0.6486874,-0.5385177,0.2830299,-0.06008136,0.07430745,-0.07393996,-0.05907836,0.0033628535,0.09043999,-0.01944147,CUST10245,0.033010565,Low
-0.09444467,-0.8533779,-0.32135025,-1.6343337,-0.037811115,0.10535954,0.0046312697,-0.053316314,-2.3840683,-0.55860025,-0.68390614,-0.5904089,-0.35374302,-0.015767079,0.2338139,-0.11203734,-0.077881336,0.118003204,-0.0015274789,0.04308967,-0.090013705,CUST10246,0.0006091267,Low
-0.09822457,1.4883915,-0.20902798,0.37286484,-0.057216488,0.1199413,0.11190081,0.27755818,0.17548545,-1.1691239,-0.89877516,2.469822,0.8505852,-0.23444092,-0.7618684,0.3289413,0.0087937405,-0.09947192,0.011077149,-0.3290587,-0.011775665,CUST10247,0.908976,High
-1.0439368,-0.05217179,-0.372376,-0.4829148,-0.09399991,-1.0726463,0.10231291,-1.147363,0.24849291,-0.6482679,0.23805699,1.9741399,-0.4298173,0.037330203,-0.056304373,-0.01166371,-0.044934817,-0.22652993,0.005023046,0.116701074,-0.41945913,CUST10248,0.03150763,Low
-0.94153,0.23012546,-0.18609281,-1.247201,-0.07247814,-0.45963967,-0.21470234,-0.04142893,-2.0535061,-0.4945253,-1.0679419,-2.1162307,-0.5022393,0.08231994,0.28613585,0.02928577,-0.11921098,0.10207158,-0.007339586,0.27349886,0.2386144,CUST10249,0.00024179052,Low
-0.012121355,-1.215296,0.63929534,0.34043574,0.25144115,0.3244417,0.05670999,0.27630156,0.4424261,-0.3369602,1.4367603,0.8993503,0.4601071,-0.029833607,-0.06071567,0.079921976,-0.079326555,-0.13800314,-0.00653768,0.5868924,0.111140646,CUST10250,0.98167956,High
0.83607745,0.62567085,-0.14888278,0.2228487,-0.055992257,0.17209175,0.080723524,0.08651027,0.24441661,2.2463927,0.44585687,1.1062955,0.27522632,0.08593592,0.107299104,-0.1010571,-0.0348688,-0.2421543,0.0062745484,-0.8236216,0.08601747,CUST10251,0.99438053,High
0.89598745,-0.029597627,0.6325553,-0.43238735,-0.08539902,0.038526606,-0.0389691,0.5384311,-0.38830435,0.1700056,-1.1111321,0.30892998,0.52367806,0.105652824,0.20430882,-0.13224813,0.0062330356,0.03160187,-0.0018345467,-0.70578265,0.109196804,CUST10252,0.6443441,High
-0.0024081739,-1.1312691,-0.0892062,-0.43029904,-0.071147665,-0.06972952,-1.0997809,0.15929817,-0.106567286,0.8519326,0.15229271,-0.7975584,0.26049715,-0.0889287,-0.0043577817,-0.16505235,0.012419851,0.065457664,0.009231234,0.21755527,-0.022249475,CUST10253,0.083550766,Low
-0.007655979,0.17661238,0.0137822395,0.3603322,-0.056357626,-0.35816085,-0.0660623,0.059478395,0.21902984,-2.7530324,-0.6216091,1.1855699,-0.64587927,0.1044568,-0.01297994,-0.29040632,-0.056753024,0.05501566,0.0015595127,-0.012803463,0.10981696,CUST10254,0.06653164,Low
0.0373812,0.39321864,0.4195007,0.34830397,-0.0525088,0.37510464,0.35308874,0.08795856,0.47836262,-0.66263115,0.7262095,1.4631575,-0.60253966,-0.23819241,-0.030108333,-0.321447,-0.044315588,0.049329735,-0.009030874,0.57673484,0.0015552801,CUST10255,0.964564,High
-0.68175817,-0.17019601,-0.22811328,-1.2184297,-0.040310226,-0.049349986,-0.34545603,0.108294465,-1.7977473,-1.2114446,0.24332145,-2.554157,-0.40989766,0.27690533,-0.12354867,-0.19573534,-0.075008735,0.094161965,-0.002113353,-0.037556294,-0.15659423,CUST10256,0.00018044251,Low
0.097653784,1.3069863,0.88097537,-0.15387574,-0.043759685,0.029737547,0.047522422,0.4746499,-0.38160416,-0.42432192,1.5959095,0.74905914,-0.4963083,0.14047396,0.16792071,-0.10225844,0.0006844756,-0.050523877,0.0063224602,0.38246703,0.14557742,CUST10257,0.98697925,High
-0.8055346,0.47681087,-0.20046301,0.558357,-0.085715964,-0.68298733,0.25764647,0.29908943,-2.0034063,0.6192785,-1.4928899,0.59721744,-0.33453745,0.20648645,0.08760665,-0.12434135,-0.05637114,-0.37468684,0.0031277249,-0.2725392,0.0033563345,CUST10258,0.033256605,Low
1.1430231,0.30748641,0.3986772,0.19423267,-0.06138238,0.086951815,-0.028233357,0.12682337,0.13616332,-0.50904423,0.77720517,1.9165462,-0.4973796,0.034855872,0.02635688,-0.19924447,-0.02778369,0.059586104,0.004883334,0.16705285,0.02660384,CUST10259,0.98267615,High
0.07451831,1.01695,0.22160275,0.27967376,-0.087444186,0.23807706,0.38306627,0.22439152,0.21491255,1.9196856,0.6817286,0.39319903,0.41231364,-0.04463259,-0.6456457,0.10046482,-0.00997117,-0.116368085,-0.0011207089,-0.06397208,-0.120982364,CUST10260,0.993473,High
-0.038887307,-1.0667709,-0.492839,0.44907027,0.3218804,0.17028336,0.11423641,-1.3447155,-1.1325176,-0.7795717,-1.2103094,0.4172185,0.28675598,-0.110515736,0.13658497,0.42434952,-0.13496797,-0.027066696,-0.041459583,0.15379016,0.17034505,CUST10261,0.022307156,Low
-0.85094386,-0.85680056,-0.059601434,-1.1038519,-0.08072206,-0.35299158,-0.0923357,-0.45927462,-0.0501708,-0.3291235,-0.08986551,-1.594165,-0.16658622,0.53501743,0.292756,-0.26245096,0.040240865,-0.20906787,0.002086374,0.20990135,0.17785884,CUST10262,0.004747977,Low
-0.024716765,1.2374068,-0.08455067,0.19309255,-0.070632696,-0.061164554,-0.05204338,0.085955165,0.35632798,1.5406842,0.4231645,0.81421375,-0.42916527,-0.32387894,0.30464637,0.00064467895,-0.06523822,0.22533526,-0.010584431,-0.36490977,-0.7111459,CUST10263,0.9497057,High
-0.8506707,-0.855541,-0.24293597,-0.026730038,-0.03395326,-0.19410536,0.34743342,-0.7514654,-2.3454783,-1.873957,-0.5451706,0.42040238,-0.31348416,-0.09267739,0.0072955503,-0.1702057,-0.17717412,0.10526896,-0.0139696915,-0.14269868,-0.08255897,CUST10264,0.00037901333,Low
0.15881562,0.29311728,-0.059061818,0.6957704,-0.081104405,0.14269662,-1.293862,-0.0076829502,-0.72758627,-0.5883893,0.30741587,0.5686961,-0.5659885,0.24015981,-0.28198746,0.19028577,-0.08650991,0.032743514,0.0036038905,0.41555277,-0.07361534,CUST10265,0.31818777,Medium
1.3846053,0.251458,0.40511885,0.27298528,-0.053732254,0.13934772,0.04148384,0.165497,0.2672216,0.37523887,1.3828679,0.38711503,-0.61987567,0.0181689,0.032291833,-0.052423555,-0.0052270913,-0.27025372,-0.004626631,0.3438242,0.07623461,CUST10266,0.98892725,High
-0.97889626,1.2649226,0.0069473432,0.1113738,-0.0746005,-1.094833,-0.032879397,0.3602777,-0.40911672,0.7143661,-1.1541839,1.2784389,-0.49504462,0.3377125,0.14591917,0.059059124,0.013286017,-0.053165816,0.0017571896,-0.110505044,0.25191566,CUST10267,0.52437276,Medium
-0.21550152,0.06601207,-0.22817282,-1.0249002,-0.06723212,-0.29180163,-0.30382395,-0.0661075,-0.052570675,-1.0786275,-0.55663115,-3.1158476,-0.53895557,0.055444002,-0.1237444,-0.102046184,-0.03271782,-0.066903405,0.0022691265,0.20939825,0.0051441584,CUST10268,0.00051413977,Low
-0.7609873,-0.8843317,0.035618737,-1.1847361,-0.06158913,-0.43648225,0.23954998,-0.5187218,-1.9066802,-0.307101,0.21647996,-1.889855,-0.32447648,0.17410547,-0.23225702,0.10657082,0.13735622,-0.09884403,0.013017857,-0.2953326,0.13503875,CUST10269,0.00037476327,Low
0.9838461,-0.8522045,-0.09699873,0.5603287,0.21165708,0.44732603,0.3017215,0.13728729,-0.046873126,2.5508416,-0.95721173,1.9468093,0.77832896,0.22864883,0.029701654,-0.03568261,-0.0064766137,-0.019143753,-0.020726161,0.37009922,0.13026752,CUST10270,0.99863654,High
1.2671943,1.1115941,-0.30098796,0.18967658,-0.08171475,0.21823803,0.13409002,0.10922056,-0.12697636,2.1933784,-1.2238387,0.3477761,-0.39543286,0.23415808,-0.26269025,0.042983536,-0.0104332445,-0.39584452,0.0033690082,0.18858379,-0.0067155445,CUST10271,0.9604731,High
-1.2441235,-1.2298969,-0.022014752,-1.1273994,-0.09114251,-0.92870927,-0.5338929,0.23367187,0.14813845,-0.7869318,0.32165638,0.9049121,-0.29200694,0.059335444,-0.1609665,-0.3497536,-0.08382183,-0.21591173,-0.0455168,-0.39238855,0.050469417,CUST10272,0.002925164,Low
-0.047985114,-1.4135637,-0.04988673,-1.5221881,-0.028671434,-0.090555646,0.21853557,0.041350223,-1.1246543,-0.9659507,0.47913545,-0.66237056,0.3338608,0.06323594,0.109068334,0.122016616,-0.09725385,-0.10553853,-0.029749854,-0.297178,0.4125178,CUST10273,0.009004292,Low
-0.017116968,-1.1021142,0.4366295,-2.2963884,-0.07556855,-0.08593968,-0.13840257,0.5849657,-0.6942495,0.99529934,-0.1554857,-2.85077,0.48004964,-0.4286245,0.25193954,-0.019367347,-0.027978063,0.14304346,-0.010258893,-0.24251115,0.14724472,CUST10274,0.0057614697,Low
0.24426001,0.8106758,0.3910519,-0.44010282,0.37371916,-0.12430716,0.22377372,-0.21540453,0.35457808,0.4998045,-0.7814009,2.104364,0.8886603,-0.102509275,-0.46383,0.1816343,0.034583982,0.03520619,-0.0040183654,0.14963238,-0.6533413,CUST10275,0.96958256,High
0.77978134,-2.9827647,0.21738115,0.31502834,-0.05568235,-0.19881213,0.08012462,-0.023853522,-0.086192936,1.039733,-0.039243083,0.2914369,-0.29109782,-0.14413916,-0.14157566,-0.13998988,0.056250576,-0.18114501,-0.017160958,0.5280011,-0.6699544,CUST10276,0.15328616,Low
-1.1920935,-1.2901728,0.5634366,-0.31164575,-0.04689154,-0.24621294,-0.38812566,0.14969066,0.71168643,-2.0674384,0.18451771,-0.57309705,0.3326904,0.14577554,0.118382424,-0.024558082,-0.11174855,0.13444896,-0.005612524,-0.18739705,0.61314255,CUST10277,0.02829397,Low
-1.1440051,-0.23804492,-0.18660432,-0.54815733,0.22922586,-0.31631622,0.19844097,0.43805715,-1.5909666,-1.6604612,-0.87880343,-1.7971686,0.738143,0.05809148,-0.18407461,0.098472744,-0.042245526,0.10433834,-0.00650789,0.019030973,0.34673703,CUST10278,0.0016456023,Low
-0.8348259,0.27392307,0.2818543,-0.52012026,-0.062917426,-0.06727031,-0.06494604,0.120845616,0.14053963,-0.7640059,0.73594147,-1.261717,-0.52392715,0.14471465,-0.21014737,-0.25922564,-0.05483191,0.0492778,0.0048957653,0.019780608,0.36169896,CUST10279,0.073396794,Low
1.0105824,0.051462024,0.53238344,0.20239058,-0.04081357,0.1196895,-0.28250763,0.27408564,0.2667454,1.9168844,0.4872743,1.8364908,0.2763734,-0.059929986,0.21471412,0.001433779,0.020768587,0.1474461,0.005463494,0.15911676,0.11440813,CUST10280,0.99926084,High
-0.0336901,0.6129293,-0.042072773,-0.1512025,-0.06484767,0.083286874,0.07794102,0.28153285,0.20711307,1.6381823,0.38239536,-0.3192798,0.5928549,-0.18822458,0.09273966,0.31443414,0.05535433,0.09879357,0.010987423,0.22616245,-0.6443462,CUST10281,0.9602987,High
-0.0718928,-1.0710484,-0.28950545,-0.5895991,0.108508416,-0.104824334,0.05989835,-1.062304,-2.4323943,-0.8314011,0.11882081,-0.7696337,0.22730985,0.108745396,0.016276887,-0.20536989,0.03062205,0.04568225,0.002084121,-0.16918825,0.039591633,CUST10282,0.0010221681,Low
0.02808515,0.30607328,-0.27604407,0.4240531,-0.064219624,0.079639144,0.17023039,0.43535542,0.48883775,-0.6345207,-1.7685103,0.6496228,0.5619267,0.22891606,0.68127507,0.14200675,0.030405315,0.093783125,0.0094698835,-0.19658042,0.2621042,CUST10283,0.8329564,High
-0.19438784,0.30950564,-0.2364877,-1.2371585,-0.13067183,-0.19069962,-0.025783723,0.30016604,0.27426857,0.5142471,-0.85360277,-3.3249104,-0.3652373,0.13250993,-0.33335355,0.068922624,0.05032998,0.081896715,0.036585703,-0.0053157182,-0.29231712,CUST10284,0.004207469,Low
0.10647868,-1.175515,-0.81389105,-0.5596119,-0.109963275,0.037023656,-0.58768404,0.118795305,0.5989168,1.4048508,-0.87189704,-3.3144133,-0.25829247,-0.07926166,0.28424057,-0.055186067,-0.16705525,0.21442226,-0.01587264,-0.08452301,-0.00057042856,CUST10285,0.0046132733,Low
0.8184436,1.4767015,0.66548336,0.38145363,0.2706857,0.29727945,0.0029871534,0.24741079,0.14885634,1.0214243,0.40865946,0.9117163,0.64041996,0.21299869,0.18391958,0.33772975,0.030447224,-0.047767747,-0.0012851965,0.51189685,-0.30277953,CUST10286,0.9997174,High
-0.8929046,-0.831195,-0.31080237,-0.87871087,-0.037828293,-0.46394014,-0.12035167,-0.10565205,-1.8449484,-1.07579,-0.52917784,-1.9980463,0.26170304,-0.06273383,-0.1463455,-0.2337611,-0.15614623,-0.27824217,-0.014096649,-0.15875249,-0.2543447,CUST10287,3.8024158e-05,Low
-0.12003627,0.049825978,-0.38571572,0.45070803,0.3060426,-0.12026309,-0.015914638,-0.17024519,-0.1425881,-1.4840355,-1.0010647,-2.6841726,0.5666054,0.043508623,-0.07206868,-0.1470308,-0.04055684,0.04677148,0.0063451603,-0.12511577,0.3953409,CUST10288,0.009113504,Low
0.16724731,-1.2028675,0.09841167,-1.4445552,-0.08672546,-0.16328786,-0.544576,0.24576528,0.1413046,-0.25063673,0.009727223,-0.9908558,-0.3203074,0.14566457,-0.909058,0.085343555,0.15939248,0.07452953,0.019605244,-0.0139253875,0.07081823,CUST10289,0.008542121,Low
-0.123380415,-1.4683096,0.36341885,-1.4580835,-0.026516171,-0.066102,-0.10861586,0.12435208,-2.2388277,-1.0789148,0.20515978,-0.607793,-0.25847322,0.14158595,0.05296275,0.08456314,0.057956908,0.04619631,0.013569981,0.18131563,-0.29398012,CUST10290,0.0014965435,Low
-0.11345088,-0.8628366,-0.018152364,0.13856852,-0.03442611,0.30863813,-0.042242885,0.080597036,0.17427073,-1.8566751,-0.13150209,-0.7310951,-0.49193764,0.005585579,-0.05853061,0.11825419,0.19018312,0.13371342,0.026801461,0.08997078,0.1125768,CUST10291,0.0471164,Low
0.18232842,1.3028618,-0.03833229,0.74487793,-0.04434435,-0.29512176,0.20279397,0.3920614,0.17237468,2.4499707,0.6228484,-0.110476784,-0.32715514,-0.27632058,0.19445868,-0.21841332,0.007662339,0.15784487,0.042400584,-0.0029469817,0.42509466,CUST10292,0.996086,High
-1.2462891,-0.014886075,-0.38603055,0.27044597,-0.11612515,-0.7428724,0.004747388,0.37342286,0.42757934,-0.5748413,-0.8492234,-1.6924247,-0.39175242,0.17122579,0.12472333,-0.08108847,-0.010660629,0.10738593,-0.004867051,-0.3119911,0.07171194,CUST10293,0.0072679026,Low
0.7542505,1.2068511,0.16059864,0.23989952,0.36170265,-0.12126677,0.04352352,0.13174306,0.37366563,1.9920368,0.40360516,0.6038973,0.7284094,0.06834381,-0.12482413,0.0018462569,0.016081667,0.29684734,0.010548898,-0.7606859,-0.04863614,CUST10294,0.9981547,High
-0.5773261,-0.51855826,-0.73290604,-0.5527645,-0.040945537,-0.076249346,-0.064621024,0.16745102,0.094305284,-1.1711742,-1.1624169,-2.5131118,-0.5121956,0.101763085,0.6269363,0.28414762,-0.1118742,0.061096366,-0.02027578,-0.18778373,-0.14212312,CUST10295,0.0008295386,Low
0.01969703,0.4030338,0.5155157,0.4642239,-0.027137684,0.26015493,0.3173844,0.2212748,0.36726257,-2.2047424,0.45371702,1.0781839,0.5833614,0.20196088,0.1595651,-0.0039363974,0.005246757,0.19172597,-0.0002626502,0.062841706,-0.06232223,CUST10296,0.95080733,High
1.2453941,0.169349,-0.29112053,-0.6044734,-0.08961891,0.5429022,0.31280887,0.011427968,0.03862846,-0.38312382,-0.61060363,-2.1257188,-0.6511428,0.14018306,-0.15749721,-0.29009435,0.012699991,-0.14603838,-0.0024335354,-0.56914115,-0.19541547,CUST10297,0.024406178,Low
-0.8258939,-1.5129747,-0.16014509,-1.3913857,-0.030821092,-0.15108956,-0.06183585,0.14609726,-2.317965,-1.0916498,-0.051373497,-0.6532246,-0.29584092,0.1353609,-0.13281788,-0.059095755,0.11634494,0.043268517,0.006573884,-0.05435003,-0.18605414,CUST10298,0.00018891018,Low
-0.11903425,-1.9055439,-0.34473118,0.0973744,-0.0840379,-0.40382278,-0.44812968,0.26465482,-0.9630592,0.5085776,-1.6398007,0.6534597,0.17280196,-0.19176427,-0.016369557,-0.07371259,0.19937536,0.1310436,0.0017377194,-0.11562868,0.13096797,CUST10299,0.014908192,Low
0.030598875,0.27499506,-0.5610527,0.40015483,-0.054516196,-0.10243947,-0.2082606,-0.7856227,0.22267564,0.74523777,0.44226378,1.1085819,1.0242361,-0.10960086,0.26876327,-0.50329214,0.028205369,6.2506646e-05,0.009385342,0.107632115,0.060776617,CUST10300,0.91322,High
-0.20807584,-0.28670165,0.5672384,0.13029176,-0.06773838,-0.23727123,-0.024722848,0.04111252,0.6860924,-1.2211037,0.40250787,-3.2074678,-0.5510277,0.097661786,-0.30510205,-0.14406577,-0.026033511,0.057309624,-0.002887948,0.0043127537,0.49805224,CUST10301,0.020983752,Low
-0.039713524,-0.71464974,-0.8784418,-1.2870818,-0.038549762,-0.06390336,-0.21104597,-1.1308484,-1.0274369,-1.0334599,-1.0008472,-2.3758233,-0.4580583,-0.036795218,0.19554198,0.09293073,-0.14413722,-0.029686872,-0.030650424,0.252315,-0.22423843,CUST10302,3.607895e-05,Low
-0.007897085,-1.2227272,-0.37349167,0.27775946,-0.093164206,0.07440158,0.051218186,-0.49660397,-0.85534966,-0.76643187,-0.23189372,0.5705227,-0.4106292,-0.016057849,-0.26871282,-0.15083757,-0.012001933,0.15262991,-0.018120816,-0.36965272,0.21949573,CUST10303,0.018115122,Low
-0.009846159,1.3291914,0.48927078,0.45683184,0.23768148,0.24050432,0.26299825,0.20916972,0.25379324,2.2116804,0.51007247,0.74717367,0.607688,0.16466045,0.18243678,-0.43140584,0.060511235,-0.007339226,0.0115090795,0.08123443,0.10795788,CUST10304,0.9995339,High
-0.009889042,-1.8947749,0.3002782,-0.41784155,-0.037344817,-0.03406687,-0.22669855,-0.39293215,-0.13762824,0.42158613,0.37040472,1.8369431,0.10290015,-0.2643399,0.10335017,-0.41665938,0.057468776,-0.22613238,-0.018966576,0.40893322,-1.1245451,CUST10305,0.16176726,Low
-1.186074,0.15194924,0.16019772,0.3568692,-0.06922249,-1.0988182,-0.023443488,0.09823857,-0.72806615,-1.0941259,-0.35982585,1.0338635,-0.49457273,0.1962812,0.04680415,0.09745638,-0.015900329,0.07370255,0.0025265496,-0.49264073,0.27190205,CUST10306,0.04236757,Low
-0.90674436,-0.22624,-0.3711903,-0.676305,-0.03652989,-0.30941647,-0.047504902,0.15687019,-0.5138435,-1.1913577,-0.97587544,-2.2748816,0.5114421,-0.35527486,0.1117336,-0.16383,-0.0059181075,0.072035395,0.0050845454,-0.06123129,-0.07834039,CUST10307,0.00062165584,Low
0.020834973,0.22912925,0.6293638,0.09302447,-0.03723161,-0.092136756,-0.37236026,0.083035655,0.14076272,-1.83888,-0.05746374,0.6300232,-0.52869236,0.20785636,0.2159882,-0.25740314,-0.08055735,-0.15433744,-0.004017989,0.0888622,0.07513018,CUST10308,0.25840965,Low
0.17448264,-0.3878664,-0.06482283,-0.43174604,-0.03651645,0.20393875,-0.29427257,0.09017595,0.19711477,-2.2768958,0.12917767,0.40100566,-0.45989653,-0.03652037,-0.1401011,-0.010456374,-0.08682276,0.07806965,-0.033284117,0.5092143,0.068099536,CUST10309,0.07921171,Low
-0.081522934,0.98803365,-0.1424004,-0.15853134,-0.06604929,0.121645235,-0.0149077345,0.07514547,0.3262469,-1.8919712,0.031199437,-2.682893,-0.4670928,0.07414934,-1.1879828,-0.08505786,-0.043334723,0.05114136,-0.0024072751,0.22950406,-0.16568622,CUST10310,0.0058354414,Low
0.88116044,1.3090812,0.18172601,0.2082898,-0.041578762,0.35658023,0.037422325,0.25019884,-0.4288485,2.0872388,1.1419791,1.7140033,0.28115967,0.29773802,0.13045871,-0.004418704,0.052039,0.09435318,0.0052043805,-0.40011746,-0.5473504,CUST10311,0.99948007,High
0.02658244,-0.80282557,-0.04619131,-0.6055723,-0.042116977,0.071781576,-0.2189006,-0.42524546,0.19458339,-1.8181238,-1.2631139,0.5703427,-0.3369588,0.26618406,0.23609972,-0.2075395,0.0362299,0.062960126,-0.005238735,-0.40201423,0.09234651,CUST10312,0.009359952,Low
-0.11088563,-0.03039353,-0.36504608,-0.07384917,-0.042221177,-0.21887231,0.27838355,0.24756543,0.28314757,-1.828228,-1.4653873,-0.7736371,-0.49320662,0.1488781,-0.13973495,0.0072176484,0.016532563,0.043308333,-0.013290487,-0.4201409,-0.10059608,CUST10313,0.006086132,Low
0.31953135,-1.0979481,-0.21338716,0.7606367,-0.03728621,0.2528243,0.269912,0.31778964,0.19415377,-0.5765821,0.28875878,1.6755874,-0.27329808,0.37925822,-0.019146316,0.03709493,-0.044491634,0.1450733,-0.04699578,0.111629404,0.086957365,CUST10314,0.9230758,High
-0.032163393,-0.85608363,0.49737284,0.2756557,-0.07477677,0.13353613,0.08502283,0.08011635,0.9155052,0.44567674,0.7750178,-0.84192544,-0.45163986,0.079416685,0.18668295,0.11164827,-0.06146463,-0.11362328,-0.0048753098,-0.03509724,-0.13854766,CUST10315,0.7171306,High
-1.3347844,0.0034986383,-0.314001,0.30639717,-0.102713585,-0.6003183,0.08242282,-0.13202082,0.7980368,0.71406245,-0.6213198,-2.3381388,-0.31049427,0.053194977,0.105431214,0.02634976,-0.05998753,-0.15701862,-0.0019263234,0.42670348,-0.060972795,CUST10316,0.027577745,Low
-0.13339622,-1.070986,0.4448091,-1.7506748,-0.055359587,-0.11665663,-0.29383916,0.103315234,-1.865452,-0.30739638,1.7107495,-1.7580976,-0.28625336,-0.076359585,-0.07287527,-0.01069477,0.12604925,0.086524725,-0.0033167782,0.20717815,0.30496642,CUST10317,0.0076683853,Low
-0.058541637,-0.9158571,0.073832534,-0.91408163,-0.030999191,0.31473267,-0.47567648,0.088712215,0.61611027,-2.2498124,-0.118107595,-0.75036603,-0.32930708,-0.06857248,0.3236316,-0.13067864,-0.123062804,-0.13784951,-0.02349008,-0.015969802,-0.9145928,CUST10318,0.0027727752,Low
1.5740851,-1.5974562,0.43042895,-1.6164173,-0.027213225,0.3554157,0.26309568,0.13032173,-1.8666253,-0.90968484,0.025331784,-0.39173934,-0.3453354,0.031879343,-0.058951333,0.062542416,0.065245755,0.029549427,0.004333131,0.05028174,-0.13702935,CUST10319,0.018467134,Low
-0.06383453,0.50534266,0.5992506,0.40273097,-0.07558139,0.2807877,0.039561328,0.04565063,0.35426828,2.7249656,0.73230845,-0.56794894,-0.27822676,0.26138452,-0.5969087,0.17180145,-0.0153835565,-0.024395548,0.008544827,0.0012315416,-0.021342926,CUST10320,0.98833036,High
0.16739836,0.1186853,-0.06843803,-0.5654428,-0.03862176,0.32784963,-0.0508672,0.110544235,0.14305519,-2.4747064,0.55037075,1.7981231,0.27341336,0.01696023,-0.68135095,-0.041558646,-0.061161686,-0.024335809,-0.0046259025,-0.52295035,-1.0698582,CUST10321,0.10501527,Low
-0.35399505,0.41834316,-0.259119,-1.1406527,0.09381788,0.28888938,0.2184211,-1.0601206,-2.2409654,-1.9930959,-0.10420235,0.43088374,0.31550446,-0.0053435247,0.035795853,-0.1229309,-0.036177464,-0.06355987,-0.00040869508,0.022491368,-0.3743951,CUST10322,0.0025325166,Low
0.9810648,0.49165055,0.46264744,-0.087287866,0.20753586,0.27032948,0.11289771,0.14177103,0.110097185,2.2758684,0.13412054,1.9783115,0.69907874,0.0711352,0.1313287,-0.09066224,-0.07041595,-0.0035114386,-0.0047157756,-0.26924118,0.33400026,CUST10323,0.99960285,High
0.07486009,-1.3078738,0.12579423,0.51216894,-0.024509722,0.003182271,-0.042502414,0.025776621,0.35946244,-1.4221765,-0.33347556,1.1412581,1.2487928,0.24961385,0.031297203,0.05117716,0.22455133,0.19941805,0.0064635254,0.37272438,0.34639883,CUST10324,0.8578101,High
1.10131,-1.1301454,-0.26934108,-1.2419579,-0.06389453,0.274289,-0.20762886,0.2833656,0.4030245,-0.58255714,-0.82030016,0.45942792,0.25363964,0.1009095,0.07494907,0.11996031,-0.009081675,-0.08356994,0.0045932,-0.4326716,-0.87961066,CUST10325,0.063537866,Low
-0.09886855,1.3246738,-0.46829405,0.22480235,-0.038552005,-0.23000239,-0.028454948,0.20419364,0.3067305,-2.469948,0.27653852,0.95586,-0.6922763,-0.29837334,-0.20283048,-0.17144634,-0.04740274,0.12672982,-0.005833727,-0.054533213,-0.7544106,CUST10326,0.100935,Low
-0.85186166,-1.6951182,0.16641285,-0.76825774,-0.047718253,-0.02887857,-0.03813585,0.1756989,-1.7493967,-1.4778267,0.22187144,2.0413015,-0.3203889,0.103045225,0.014704988,0.3962539,0.016534522,-0.15804636,-0.004422007,-0.3217444,-0.13381344,CUST10327,0.010933089,Low
-0.25775507,0.24602993,0.00046208547,0.14551483,-0.104833096,-0.28184247,0.11748779,0.19104892,0.30174223,1.7262092,-0.18843798,-3.8246398,0.36369494,-0.36985525,0.03601443,-0.054012384,-0.027007429,0.034663938,-0.012646573,-0.034586363,-0.0072238054,CUST10328,0.11454299,Low
1.3125793,0.544689,-0.11848941,0.7327013,-0.06874755,0.35245767,-0.09388874,0.11515792,0.21914287,-0.26810586,0.48525098,-0.39345452,0.7476477,-0.15092568,0.0027550133,-0.052733213,-0.032419384,-0.1353121,0.018104512,-0.8856106,0.4186519,CUST10329,0.937278,High
-0.28539148,1.27812,-0.44930178,-0.5093867,-0.033421118,-0.30696872,0.3201293,-0.7563315,-2.4593358,-1.4043533,-1.248051,-0.7427016,-0.5486417,-0.21737887,-0.010722522,-0.02836092,-0.082071885,-0.11160806,-0.010437634,0.26943403,0.15993194,CUST10330,0.0007297814,Low
0.3773111,0.4625902,-0.026182525,-0.032781452,-0.09222539,0.1689834,-0.25805926,0.13638401,0.25724247,-0.46203235,-0.102805495,1.4300818,0.5810849,0.20911928,0.07309352,0.07108352,-0.01884291,0.08188365,-0.00029455172,-0.62535024,-0.0145576,CUST10331,0.89757305,High
-0.08902684,0.43158647,-0.4715317,0.35954922,0.2896811,-0.06049233,0.08958209,0.4716207,0.06881122,0.8084609,-0.1485454,1.1788222,0.47019377,-0.53332365,0.011791609,-0.5068256,0.012148781,0.097316824,0.0077268984,0.38821095,0.28694984,CUST10332,0.9576099,High
-0.75842214,-0.7580727,-0.07386667,0.8159328,-0.031812742,0.29497308,0.03187657,0.4877232,0.439711,-1.5090162,0.6050922,1.034049,0.46559525,0.20897031,0.6254037,0.6006718,-0.026039282,-0.06274058,-0.056051344,-0.027557302,0.41730806,CUST10333,0.9357488,High
-1.0764192,0.0981373,-0.07521888,0.27576104,-0.05596995,-0.7434821,-0.6708087,0.2711366,0.1393699,-1.6134955,-0.1817412,-0.80978,-0.45013037,0.09378467,0.0007069078,-0.055201817,-0.057741277,0.051544663,0.002113741,-0.28584924,-0.13255797,CUST10334,0.004863961,Low
1.9783831,-0.86490816,0.007857914,0.741129,-0.034173183,-0.111597694,0.33332598,0.3687681,1.2133838,-0.25194868,-0.08692747,-0.42287683,-0.2977915,0.2941828,-0.18296087,-0.025363045,-0.0257478,0.11995722,-0.010441524,0.05187606,0.22245914,CUST10335,0.95126534,High
-0.028398473,0.5796558,0.06899849,0.08294009,-0.07677324,0.370967,0.08076386,0.24883346,0.0013267729,2.6213584,0.6263988,1.5432965,-0.40630257,0.34344178,-0.06314391,0.085130155,-0.004338383,0.116268,0.009251493,-0.4820898,-0.10050649,CUST10336,0.9962112,High
-0.15196934,0.0049081873,-0.0062218807,0.33794326,-0.042547464,-0.122529685,0.3224903,0.016851958,0.49307746,-2.0145452,-0.89317554,-0.8794845,-0.42640015,-0.2676398,-0.22100174,0.12490117,-0.055831723,0.096979395,-0.0069119735,-0.054594874,0.28596956,CUST10337,0.029172728,Low
-0.066537425,-0.72045594,0.43648565,-0.29256615,-0.103263706,0.05858601,-0.4446922,0.5773296,0.75627,-0.4510466,0.26573342,-3.5071652,-0.4373583,0.06022763,0.4696493,0.35249564,-0.044198945,-0.16825843,-0.010971758,0.05663623,-0.06357677,CUST10338,0.034828857,Low
0.067117706,-2.349227,0.336168,0.36122718,-0.047266882,0.34295747,0.012839417,-0.30800858,0.062732674,1.7763277,0.42070243,1.5615133,-0.23339103,0.031466953,0.37522733,0.08510405,0.054893006,-0.05698141,-0.014879512,0.042071313,0.22600517,CUST10339,0.93711025,High
0.19479752,-1.0228071,-0.3912853,-0.48217255,-0.09035872,-0.09399908,-0.57018685,0.16875939,0.7167509,0.16034251,-1.28544,-0.8491268,0.5197231,0.011512336,-0.6681107,-0.26467243,-0.008546907,0.01975193,-0.005772903,0.059431862,-0.064461455,CUST10340,0.01814492,Low
-0.021353116,-0.78324395,0.47202492,-0.76781726,-0.047932312,0.1763387,-0.5925283,0.03616277,0.11317961,-1.0534856,0.055591512,-2.1791148,-0.2241521,0.08885033,-0.10143102,-0.21025047,0.019117447,-0.32827443,-0.0019529033,-0.05764547,-0.5268094,CUST10341,0.002522679,Low
-0.7276642,0.13948156,-0.14052974,-0.15810737,-0.06278043,-0.37920785,-0.17639467,0.22690853,0.4284579,-1.9863064,0.28068784,0.2373221,-0.6132508,-0.44870287,-0.989572,0.53207207,0.054580722,-0.23918594,0.022076705,0.012291147,-0.16024949,CUST10342,0.014872512,Low
0.20770706,1.1462951,-0.16436489,0.09413746,-0.11385976,-0.26782128,0.23136516,0.021888867,0.104709424,-0.5397375,-0.95367205,-0.5269485,-0.6464512,-0.1792,-0.40617278,-0.09395249,-0.057858434,-0.15876979,0.0010035108,-0.5170418,0.21694785,CUST10343,0.06617549,Low
-1.2780575,-0.6304701,-0.059693143,0.64724493,-0.040762603,-0.74160784,0.26946068,0.4012976,0.5569972,-1.5598695,-0.989478,-0.5793745,0.23568843,0.15630582,0.52785146,-0.04164843,-0.064007774,0.048628997,-0.0047537377,-0.22965495,-0.16421193,CUST10344,0.026980296,Low
-0.20042229,1.1293036,-0.17592588,-0.67448014,-0.04761041,-0.24416557,0.11905533,0.04925327,0.14079677,-0.5913427,-0.55984515,-2.9141145,0.6419477,-0.5466262,0.068868384,-0.42215914,-0.0047017727,-0.3948971,-0.005451747,0.33942306,-0.10683072,CUST10345,0.011599723,Low
-0.11889364,-0.74439377,-0.15819462,0.13027129,-0.046689183,-0.13429812,-0.46682313,0.35991162,0.28979585,-1.8433039,-1.2715064,-0.78326917,-0.42495486,0.12211266,0.39078435,-0.046989627,-0.056447946,-0.13961871,-0.0022573462,-0.39312193,-0.09807282,CUST10346,0.004147293,Low
-0.5878795,-0.11230685,-0.30437735,-1.2095045,-0.03664353,-0.06827703,-0.13463695,-1.0506839,0.017500088,-1.4932694,0.2952623,-2.833719,0.75996757,-0.05943137,-0.12751532,0.05612128,-0.1423896,-0.012177402,-0.013026377,-0.11111516,-0.44482034,CUST10347,0.00047197743,Low
-1.2167215,0.32158896,0.13130566,-0.3282934,0.3276114,-0.2945613,0.100561105,0.28713357,0.9201064,0.82330185,0.42465192,1.2009435,0.37876272,0.35581177,0.13967645,-0.032704227,-0.06011195,-0.12185101,0.00183602,0.3933269,0.30086744,CUST10348,0.9821556,High
-0.16789587,-0.08903868,-0.43412068,-1.3870773,-0.037489314,0.06518777,-0.022274267,0.14678876,-0.87186605,-0.514869,-0.54982,-0.74571455,-0.55108345,-0.2082082,-0.060632106,0.024051175,-0.008039973,0.060486205,-0.0025936165,0.1818126,-0.00923161,CUST10349,0.0053419303,Low
0.0028084544,1.2658744,0.2586197,0.19908196,-0.06359285,0.25908843,0.061677523,0.26880884,0.38704088,0.6135682,-0.08658376,1.2151585,0.81653947,0.11067674,0.3984526,0.09651841,-0.019937808,-0.022270069,-0.017665964,-0.5099317,-0.32797644,CUST10350,0.9923151,High
-0.89837176,-1.0083445,-0.30186975,0.60128284,-0.07933032,-0.3150171,-0.5664879,-0.79982644,0.36166725,-0.7087004,0.15700011,0.84552455,-0.31929222,0.09274064,0.0421403,-0.101784065,0.035206467,0.023463702,-0.008023659,-0.030827666,0.05002277,CUST10351,0.048613988,Low
0.31617028,-1.0168428,0.16434416,0.14648335,-0.05275421,0.24345863,0.10871185,-0.7478094,0.33264235,-0.49259263,0.28943664,2.6421394,-0.2845962,0.11772907,-0.15370072,-0.05123913,0.22710578,0.08701616,0.034344405,0.71175176,0.20256948,CUST10352,0.9415407,High
-1.0951734,-1.3023751,0.0153992325,-0.26344913,-0.026211685,-0.90768784,0.17366801,0.15772986,-0.061135378,-1.419209,-0.16586602,-0.5698438,0.25156885,-0.2438855,-0.11272013,-0.35400888,-0.11304504,0.08071598,-0.032083984,0.34354,0.08300634,CUST10353,0.0036613718,Low
1.1862833,-0.67015004,-0.18046579,0.030107655,-0.045027085,-0.32408002,0.3436074,-1.3645164,0.00860077,-0.6659199,0.05673557,-1.9740381,-0.35684505,0.24719201,0.3773175,-0.14305584,-0.055681247,-0.1917065,-0.025585372,0.10210748,0.16421354,CUST10354,0.02857899,Low
-0.20540163,0.12562196,-0.14904013,-1.3841202,-0.07589779,-0.09124531,0.09725321,-0.005313216,-1.5399545,-0.289862,-0.59863484,-2.9203682,-0.6252499,-0.7458283,-0.8630707,-0.1694415,0.005970584,-0.23730895,-0.013827458,-0.34662455,-0.025732866,CUST10355,4.0944215e-05,Low
-0.6444534,1.2951397,-0.29221585,0.69873154,-0.054369103,-0.1028236,-0.1333908,-0.91381705,-0.24913517,-0.3324349,1.560729,1.9180572,-0.46849087,0.061682563,-0.043965347,0.08316562,-0.06958791,0.05099076,0.02567319,0.4459887,-0.37252834,CUST10356,0.91817194,High
-0.67701256,-0.89892745,-0.8005668,-1.2709934,-0.039793737,-0.16990907,-0.07343231,-0.75636166,-0.59823626,-1.2589219,-0.81538504,-2.1264005,0.6859332,0.09285928,0.077319786,0.17363803,-0.055568762,0.14126001,0.002826674,-0.15258665,-0.2556655,CUST10357,0.00014756298,Low
-0.115133576,-0.74969727,-0.39344612,0.16943036,-0.023105707,-0.1870551,-0.24797602,-0.5955079,0.1950198,-1.6665479,-0.07764809,-1.062405,-0.3841112,0.07650437,-0.26940173,-0.24429087,0.043315906,-0.050615534,0.0001809888,0.2898779,-0.01575665,CUST10358,0.0047090184,Low
-0.7535397,-1.0697832,-0.29871762,-1.3477452,0.33960864,-0.10236807,-0.08029521,-0.55390066,-2.1256585,-0.6942753,-0.65080035,-1.6247967,0.32571432,0.20764141,-0.1812556,0.037760325,-0.1017516,0.06533003,-0.013559064,0.019119278,0.05576937,CUST10359,0.0001854226,Low
1.0391461,-0.8917565,-0.1168423,0.81860244,-0.06743102,0.14170486,0.077043176,0.1310854,0.5207145,1.9965736,0.27754253,-0.34277898,0.19343913,-0.08576816,-0.5860324,-0.039230637,-0.079113334,0.09953451,-0.021725317,-0.9024139,0.2102737,CUST10360,0.9111198,High
-0.12834255,-0.046982154,0.13311465,-2.5171573,-0.05376136,0.23445967,0.00015053712,0.07233695,-1.993896,0.7362138,0.20586543,-0.5982749,-0.2618074,0.2506457,-0.048713688,-0.018733965,0.035936534,0.096045606,-0.022900218,0.39572388,-0.10950963,CUST10361,0.024488248,Low
-0.711453,-0.6790118,-0.16390224,-1.3483568,-0.046387207,-0.20111711,-0.13637307,0.57147855,-2.0609922,-1.2010869,-0.79766786,-1.6467637,-0.6023861,-0.23631826,-0.14357327,-0.038017962,0.04313596,-0.2080414,-0.018421354,-0.30593482,0.030006904,CUST10362,4.7898942e-05,Low
-0.9340363,0.2874768,-0.18605563,-1.0764929,-0.03784372,-0.406016,-0.16655792,-0.0068652853,-1.9853759,-1.3730347,-0.16933875,-2.7445292,-0.48420557,0.16909838,-0.184063,-0.03264308,0.022598842,0.075391345,-0.006118079,-0.043233503,-0.09280682,CUST10363,8.109282e-05,Low
1.8197734,0.42147586,-0.012163092,-1.7937775,-0.08690515,-0.02219101,-0.20552982,0.07154158,-1.4394113,0.44580603,0.77636707,-3.1771798,0.6299168,-0.19720422,-0.6064404,0.17960407,-0.026023129,-0.20389114,-0.0153119285,0.1616785,-0.11065172,CUST10364,0.031198215,Low
0.18614638,1.3827915,-0.08190789,0.19832367,-0.068283044,0.010230298,-0.07196421,0.115742154,0.20537487,2.278105,0.28501743,2.3313503,0.25656736,-0.15448548,0.16977273,-0.23142794,0.023272138,-0.0983286,0.0002780247,-0.5509632,0.058932625,CUST10365,0.9979734,High
-0.9107258,-0.9940209,0.32833236,0.71142465,-0.07406146,-0.24781513,-0.39635938,0.15615422,0.022465244,-1.2289805,0.4265496,-2.1677797,-0.3705158,-0.008318161,0.31502432,-0.22143793,-0.082041994,0.028758489,-0.01624186,0.113752194,0.54196393,CUST10366,0.01599967,Low
-0.21259265,-0.117696516,0.5909993,-2.3639462,-0.03258799,-0.2789495,0.018264629,-0.39465904,-2.3945365,0.4618622,1.5997822,-0.78549105,0.16283284,-0.33925113,0.3883027,-0.2854227,0.025123006,0.015159261,-0.006751472,0.05178839,-0.060563717,CUST10367,0.017924177,Low
-0.82332706,-0.91814166,0.48226833,-0.7493912,-0.046831205,-0.02584396,0.015841912,0.17276302,0.0014757346,-1.3652148,0.6009209,-2.465113,0.37835523,0.060778916,0.15750322,-0.13141654,0.060208607,0.04367037,-0.0002354579,0.22118501,0.25613824,CUST10368,0.015991302,Low
-1.0800611,-1.0899085,0.12273286,0.25065163,-0.056221202,0.20158137,-0.34620875,0.046217117,0.31903884,-1.8786529,0.31390667,0.47049114,-0.3680839,-0.012871338,-0.24146965,-0.134069,-0.16194375,-0.1775514,-0.03420956,-0.47028807,0.28623694,CUST10369,0.016530719,Low
-0.23824137,0.17585406,0.66551274,-1.2829092,-0.035395373,-0.18023789,0.06835287,0.100266606,-1.8603635,-1.0639743,1.6296732,-2.485878,0.40987217,0.12679365,0.18103723,-0.10416812,-0.057546217,-0.028637964,-0.010601324,-0.2348326,-0.07190714,CUST10370,0.012836843,Low
0.73662686,1.5372128,-0.2185169,0.4382098,0.22996747,0.37954125,0.0045473324,-1.0507672,0.29974598,-0.3948091,0.21928084,1.8389808,0.77171874,0.0033177736,0.14300337,0.035767633,0.023165636,-0.01953223,-0.002555301,-0.2842229,0.09913664,CUST10371,0.99137676,High
-0.014942434,0.30854034,-0.13111417,-1.7096702,-0.09246326,-0.062536635,-0.076632276,0.5008867,-0.9999185,0.7222203,-0.042804744,-3.3556547,-0.6601873,-0.59026325,0.5284021,0.038279783,-0.048856866,-0.062240317,0.002338117,-0.2656113,-0.16159326,CUST10372,0.0019872729,Low
0.34690374,-0.5001638,0.091961645,0.2818928,-0.080325566,0.3803843,-0.78772646,0.15560737,0.3480932,0.25758433,-1.0619514,0.3395809,0.37148646,0.06087839,0.45971853,0.56831425,0.0393569,-0.16401295,-0.00760475,0.3187334,0.3636744,CUST10373,0.85033154,High
-0.24122097,-0.19127804,-0.38469782,-0.57485163,-0.13598418,-0.72898996,-0.093535654,0.17460844,0.4907217,-0.49325758,-1.0876497,-1.91865,0.8792996,-0.295797,-1.2160658,0.5584048,-0.034148257,-0.11685242,-0.0023228698,-0.07231255,0.056187585,CUST10374,0.004178667,Low
1.1339438,0.3947729,0.44289848,-0.56543,-0.06017164,0.36416847,0.09397404,0.21829575,0.14771952,2.483038,0.9838799,2.107006,-0.3696527,0.18303768,-0.67766434,0.27278414,-0.043397594,0.1424893,-0.007537582,0.1484402,0.044763964,CUST10375,0.9993843,High
-0.029968005,1.4286654,-0.095840834,0.4261743,-0.04057304,-0.2730177,0.28699502,0.27916077,0.7052124,2.7703831,0.54027206,-0.43855244,0.47535983,-0.17263845,0.28170097,0.10649414,0.006825669,0.12740451,-0.0010652812,0.40538907,0.07277527,CUST10376,0.99890506,High
-0.18773608,0.00091713946,-0.19023776,-1.6960868,-0.058823816,-0.07228947,-0.13745178,0.11370971,-2.438293,-0.3815531,-0.8033266,-0.5379856,-0.5906662,-0.40658247,0.3409879,0.09431645,0.03103382,-0.13918823,-0.018580867,-0.36149997,0.0410768,CUST10377,0.000584923,Low
0.10015423,0.21508707,-0.071058035,0.22993849,-0.022957245,0.36736625,0.34243855,0.38779503,0.5315196,-2.1175716,0.47271168,0.82848895,-0.43623024,0.2371927,0.7269258,0.12748785,0.007879174,0.068608545,0.012360523,-0.46223038,-0.028421005,CUST10378,0.8134075,High
0.24517168,0.45173034,0.4989008,0.18068378,-0.05207789,-0.34519613,0.1568745,0.20791309,0.41255215,2.3487675,0.3935534,1.8522035,0.3123942,-0.015843064,0.21220796,0.26717147,-0.03985551,0.21499023,-0.0041366224,-0.41716546,-0.92929196,CUST10379,0.99728537,High
-1.0671636,-1.0609622,0.5146295,0.29622754,0.3924213,-0.40463084,-0.038869776,0.31604528,0.40770778,-0.92192113,0.41215253,0.5990378,0.36423293,0.13077468,0.5335317,0.31592286,-0.09061639,0.05039631,-0.04329271,0.35096946,0.2730362,CUST10380,0.78320557,High
-0.07175934,1.9963636,0.39601347,-0.73675525,-0.03573407,-0.41581464,0.21720001,0.36399183,0.26044932,-1.3575679,-0.7528612,2.2171328,0.40447077,0.22092798,0.22784647,0.13356976,-0.024652474,-0.1570597,-0.003709409,0.0044462606,-0.0051140552,CUST10381,0.94460094,High
-0.74768114,0.3575121,-0.35475525,-1.3204579,-0.046465453,-0.5885174,-0.17447872,-0.10462585,-0.23762073,-1.2386072,-0.5773894,-2.4206226,0.45055,-0.1019907,-0.114119366,-0.014677375,0.021595169,0.1366375,-0.0031676255,-0.02654397,-0.22745568,CUST10382,0.0006244182,Low
-0.19800779,0.1920846,-0.14909582,-1.345346,0.36010987,-0.012162395,-0.13601659,0.27735808,-1.754071,-0.558729,-0.70969117,-2.4111104,0.639067,-0.16776925,-0.062895454,0.020048609,-0.07368035,-0.26523557,-0.011197135,-0.3500775,0.03494855,CUST10383,0.0011971,Low
-0.89938265,-1.0891519,-0.29564753,0.22898719,-0.084683634,-0.4923504,-0.1279861,-0.56125987,-1.009286,-0.78421926,-1.2503738,-1.2742027,0.20242566,-0.0066760406,0.23697709,-0.2559016,-0.027056579,-0.06306485,0.00041284692,-0.12665607,-0.20836999,CUST10384,0.00035870585,Low
0.89404994,-1.2309282,-0.027235616,0.36338457,-0.042408925,0.21719791,-0.024248535,-1.3205386,0.47578052,2.0768907,0.31211966,2.2534914,0.08713413,-0.21773222,0.025229137,0.09791724,-0.05258643,0.013573263,-0.030638501,0.07542382,-0.7712669,CUST10385,0.95809036,High
0.0928633,1.208979,-0.91861266,0.47391543,-0.036423285,0.2940803,-0.0040809633,-1.021235,0.52023065,-0.5393034,-0.13443993,-0.63438576,0.48228356,0.13907954,0.17034206,-0.24947931,0.018356763,-0.48333013,-0.013057563,-0.08546868,0.07297473,CUST10386,0.33361202,Medium
-0.73574513,-0.24124493,-0.11313177,-0.48133913,-0.04447714,-0.51784843,-0.41257247,0.095647335,-0.14661065,-1.39346,0.25078577,-2.204575,-0.36961246,0.08651174,0.30333748,-0.17395252,-0.0140795065,-0.38592422,-0.014286823,0.0523095,0.380704,CUST10387,0.0021832627,Low
0.068734735,-0.8648398,-0.16135299,0.33212504,-0.13617067,0.14450568,0.025904825,0.099109806,0.42451185,0.6615717,1.1691116,-3.5852945,0.20907778,-0.21135668,-0.8644852,0.075282626,-0.08599984,0.12774427,-0.0034337812,-0.06944255,0.35716859,CUST10388,0.088449895,Low
-0.19021009,0.39979362,-0.06196372,-1.6662778,-0.09083239,0.18466637,-0.5134353,0.17079018,-0.39848542,0.29588556,-0.9881167,0.5855643,0.47636884,0.12277573,-0.018077424,-0.21187738,-0.015873501,0.07581712,0.008782421,0.25801262,0.07290742,CUST10389,0.17523523,Low
0.0005189793,1.3655901,-0.3350772,-0.02007083,-0.04565127,-0.31053394,0.20998324,0.19258015,-0.015602171,2.1195714,0.40681753,0.87081987,-0.44973546,-0.12616232,0.20798312,-0.13346,0.0100020915,-0.468102,-0.0017150203,0.37407145,-0.1624531,CUST10390,0.97452354,High
-1.0297308,0.06183223,-0.2436854,0.45371255,-0.034391925,0.2320339,-0.16236228,0.136437,0.4316848,-2.7907827,0.34763032,0.34315598,-0.5229902,-0.058531813,-0.24826328,0.21115074,-0.04696469,0.07954272,-0.03639604,0.065899774,-0.12722073,CUST10391,0.048180487,Low
0.15773244,0.17174439,-0.40508533,-0.42076913,-0.08133801,0.8339244,-0.2328332,-0.86006254,-0.54968953,-0.3043042,-0.35308403,-2.403988,-0.6335957,0.2527502,0.22943833,-0.17242149,-0.016842257,0.09319509,-0.010509916,0.32855842,0.20416865,CUST10392,0.014511535,Low
-1.1405327,0.1484874,-0.2033704,-0.41906965,-0.013935921,-0.14763348,0.36396876,0.0114426045,-2.1362212,-2.3873405,0.16486748,-0.7216389,0.2993683,0.013739933,-0.07214634,-0.12687598,-0.0010028328,0.08465999,-0.0033950717,-0.03464229,-0.006240693,CUST10393,0.0017046388,Low
-0.09897965,-0.64895666,-0.19661775,-1.1496786,-0.04965579,-0.1452597,-0.3483611,0.07741092,0.15569444,-1.0445542,-0.84663683,-2.328119,-0.34022117,0.04445629,0.5649662,0.12754405,0.048887596,0.21577059,0.0070743356,-0.24353333,0.144608,CUST10394,0.002239309,Low
0.10724347,-1.0315986,-0.087625474,0.6022379,0.26492855,-0.21137477,0.12643294,-1.1922413,-0.11245303,2.0713682,0.5500435,1.7454439,0.25314206,-0.13207248,0.5109615,0.06683111,0.12736328,0.09538758,0.0020823446,0.36411566,-0.50508964,CUST10395,0.97261375,High
0.17343356,1.1444348,-0.4190982,0.27403575,-0.07875973,-0.1593219,0.15397532,0.31320167,0.3275422,0.9914635,-0.07314871,1.1258692,0.7676757,0.10183044,-0.76428944,0.07760066,0.012261594,0.041896384,0.0011694236,-0.7481746,-0.5960156,CUST10396,0.93228936,High
0.051102027,0.58468413,0.18145284,0.28737575,0.3396459,0.1715066,0.1274163,0.22700779,0.4080115,1.0530579,0.5822147,1.9724169,0.8544165,0.008820992,0.040207326,0.1554953,-0.05943145,0.10910104,0.0022208751,0.4342457,-0.17432182,CUST10397,0.9993326,High
-0.056734752,-0.348435,-0.3514385,0.41128126,-0.018229859,0.60132337,0.027143408,-1.1385666,0.57553,-2.3192637,0.46527046,-0.85172826,-0.39226872,0.17817193,0.16203293,0.030970996,-0.04251254,0.06809021,-0.002154583,-0.0062618367,0.21549082,CUST10398,0.055332635,Low
-0.13776986,0.3885386,-0.4741083,-0.31754467,-0.07918569,-0.46538985,-0.020555757,-1.136332,-2.0213313,-0.5908165,-1.5668225,0.35934365,-0.47628886,0.032969464,0.02872777,0.0715202,-0.07815052,-0.078052394,0.016113838,0.07678192,-0.09836627,CUST10399,0.0013424654,Low
0.23386332,-0.7228587,-0.39618507,0.75439423,-0.04946508,0.6582055,-0.13984405,-1.227452,-0.14775662,-0.6427237,0.16710521,-1.0464098,-0.47851127,0.21148567,-0.14945269,0.08247354,-0.09306653,0.039355256,-0.01803803,0.48913327,-0.03733174,CUST10400,0.07187348,Low
-0.87951314,-1.4039521,-0.33312127,-0.9130006,0.24858676,0.10077753,-0.050890315,-0.9479645,0.9662703,-1.8742747,-0.07124149,0.77625304,0.21947473,0.053226482,-0.24974887,-0.29166833,-0.12301682,-0.029810593,-0.023075143,-0.49602705,-0.01590771,CUST10401,0.0045693484,Low
-0.8257344,-0.13165174,-0.68425864,0.4570861,-0.0470174,-0.061338615,-0.39275333,-1.1873089,-1.9775121,-1.6639475,-1.0602312,0.6395715,-0.7346569,-0.5311089,-0.15901385,0.09974707,0.037081283,-0.11800898,-0.020605141,-0.36401346,-0.048567142,CUST10402,0.00014781184,Low
-0.20157914,0.42628267,-0.09675914,-1.642732,-0.07123451,0.0868884,0.14355211,-0.018485915,-2.4950657,-0.2674666,0.080954604,-1.0753583,-0.64281005,-0.7781035,-0.6258943,0.09845037,-0.089601934,-0.2635901,-0.004932129,-0.020090638,-0.07141224,CUST10403,0.0005132804,Low
0.051787205,1.2033626,0.31934217,-1.7797083,-0.07999882,0.14636037,0.10325574,0.0928258,-1.9771559,0.20685202,0.09770485,-3.0973072,0.36670673,0.025205249,0.1892196,-0.08739212,-0.03432626,-0.40595004,-0.018227614,-0.06500971,-0.106988385,CUST10404,0.007431084,Low
0.18431322,0.29107332,-0.10389293,-0.11555948,-0.06777274,0.5305665,-0.30820477,-1.1631137,0.014413965,-0.81829804,0.36763677,-2.0732837,-0.44677287,0.15389849,0.081970155,0.021113561,0.023385039,-0.06454222,-0.011537177,0.3918336,0.13282113,CUST10405,0.046303205,Low
-0.16274373,-0.7232267,-0.121920206,0.6197994,-0.08847357,-0.02816319,0.078350246,0.22955617,0.098313,-1.247585,0.284085,-2.829237,-0.38063264,0.05149998,-1.0890753,-0.121479094,-0.026143014,-0.32851684,-0.026696784,-0.56850153,0.14790145,CUST10406,0.0018734916,Low
-0.98782974,-1.0576504,-0.20357561,0.49306273,0.22210582,-0.10978845,-0.19903629,-0.009294586,0.36741894,-1.6682413,-1.0283465,-1.0037639,0.9247935,-0.16021173,-0.27472115,0.11281454,-0.10721183,0.07893109,-0.028592667,-0.24220282,0.2501092,CUST10407,0.009226437,Low
0.21023095,1.7467515,0.53894967,-0.40449,0.2543972,0.2654823,0.20155713,0.210765,0.54439443,-0.24946879,1.2370956,1.2795227,0.40053457,0.1540703,0.21244834,-0.22318827,0.0072273733,0.04661879,-0.0005584848,0.16288666,0.1143935,CUST10408,0.9987262,High
-0.17282104,-0.17764936,0.3635782,0.26449767,-0.073322065,-0.10272883,-0.6701387,-0.043312855,-0.5746932,0.40704006,-1.3398873,0.64368916,0.24967553,0.12815483,0.09909593,-0.47788742,0.03534406,-0.09772044,0.0028925915,-0.10199225,0.16312355,CUST10409,0.17942551,Low
-0.7062174,-0.69990957,-0.16017814,-1.1341476,-0.108044304,-0.3612951,-0.29522577,0.29030433,0.391164,-0.34589174,-0.62653464,-2.7934225,-0.5011612,-0.2539595,-0.31908447,0.14150295,-0.16337748,-0.13556561,-0.00064297835,0.101798356,0.20462081,CUST10410,0.0005415946,Low
0.13395861,0.555187,0.8025512,-0.45494467,-0.054124612,0.23231931,-0.31953517,0.27014965,-0.19400379,-0.73156106,0.4601653,1.5490601,-0.44932306,0.32891133,0.035592753,-0.0024731713,0.010658931,0.0015652534,0.01079571,0.38515484,0.1760356,CUST10411,0.9370831,High
-0.07168349,1.2147197,0.35091558,-0.116056815,0.24165262,-0.32560107,0.13788341,0.07180079,0.6676067,2.1313746,0.6489381,0.96736765,0.32913312,0.19276825,0.16738014,-0.09917827,0.01792398,0.14830749,-0.00609883,-0.05548667,-0.026408989,CUST10412,0.9985606,High
1.0408745,-0.8248946,-0.48045614,-0.56472856,-0.08930184,0.08051438,0.17112423,-0.04704771,0.16251612,0.24041748,-0.26648995,-0.13010961,-0.5849818,0.070939384,-0.9954233,0.11572845,-0.07370202,-0.021432813,-0.019544749,-0.57354134,0.13206014,CUST10413,0.06281643,Low
-0.06573568,-1.514285,-0.2576597,-0.5671699,-0.07227973,0.09868878,0.15491056,0.03521601,-0.97826797,-0.30455542,-1.113539,-1.8714943,0.43634775,-0.12827867,0.37368503,-0.45949942,0.10860063,-0.3026505,0.0023240512,0.07424641,-0.23629192,CUST10414,0.0013146482,Low
-1.0578456,0.10463317,-0.14479598,-0.22129309,-0.0904464,-0.75311565,-0.09728419,-0.13703774,0.2777785,-0.4899338,-0.00081777666,-3.1968415,-0.4430155,0.3025879,-0.22023678,-0.10137416,0.0039172773,-0.16006954,0.014248246,-0.022467967,-0.19808622,CUST10415,0.0012583667,Low
0.075300805,-1.7271395,0.030779665,-2.3045962,-0.042236138,0.06628658,-0.51819813,-0.702894,-2.2642663,0.8619211,-0.15938415,0.99314666,-0.32030442,-0.89016116,0.112129204,0.0022011283,0.1803619,-0.23270576,0.023016797,0.3006687,-0.46615514,CUST10416,0.0008864364,Low
0.14154637,0.58605343,-0.4053172,0.50168365,-0.054991093,-0.04619377,0.16021916,0.4208919,0.32780048,-0.37306872,0.44562143,1.2044915,0.5050181,-0.299976,0.08030957,-0.28581238,-0.0068483977,-0.14518215,0.00018975046,-0.025355352,0.26343402,CUST10417,0.95023185,High
-0.7061999,0.43116528,0.167314,-1.2868605,-0.07854769,-0.3327169,-0.18711826,-0.0924197,-1.9243573,-0.3416628,0.9100285,-1.0631037,-0.50939465,0.13310175,-0.31969178,-0.00822304,-0.088036895,-0.07727223,0.003344906,-0.17351617,0.14889738,CUST10418,0.004318777,Low
-0.029796446,0.20061864,-0.27277508,-0.46719086,0.20440955,0.135897,-0.12114324,0.15961683,0.1590164,-2.4864006,-0.15025273,0.5001519,0.74893737,-0.3194397,-0.02201009,-0.2891206,-0.009009371,-0.11339302,-0.0015970008,-0.4503081,-0.08613525,CUST10419,0.05979884,Low
0.05838245,-1.2698692,0.52830786,0.3069296,-0.0785799,0.02519494,-0.6263876,0.12215079,-0.1394832,-1.1102089,0.2524595,-2.586259,-0.27918988,-0.123629905,0.587717,-0.22670709,0.17576438,0.10564581,0.01812585,-0.28516385,-0.2242623,CUST10420,0.008048055,Low
-0.19321872,-0.15909214,-0.29126182,-1.578851,-0.08481703,0.03267143,-0.546889,0.19751585,-1.9534471,-0.26283517,-1.2892015,0.66189134,0.47715914,-0.19194536,-0.07044577,-0.085703336,-0.07000202,0.08491496,0.020239858,-0.014373471,0.078695886,CUST10421,0.0050455984,Low
-0.71547925,0.14212771,-0.13557906,-0.81905323,-0.053491313,-0.008096285,-0.22443825,0.18024147,-1.9521043,-1.4567536,-0.2009726,-1.834606,-0.41988304,-0.13549429,-0.3116494,-0.07681109,-0.03988917,-0.16513123,-0.0005599987,-0.28013903,-0.48142838,CUST10422,0.000119225326,Low
-1.0260745,0.20002508,-0.34768572,0.25052792,-0.04973378,-0.7112135,0.0045365896,-0.019410897,0.15829647,-1.9691588,-0.60868526,-0.42434186,0.19944035,0.20479237,-0.32643014,-0.3711372,-0.012257865,-0.12119668,0.026448697,0.37725875,0.0013548231,CUST10423,0.00985542,Low
-1.0213405,0.14264478,-0.20848425,0.31960297,-0.069354355,-0.2562129,-0.36441004,0.30135432,0.33267546,-2.3601508,-1.2003771,-0.2581392,0.35907558,-0.013274735,0.07989773,-0.21886085,-0.039054953,0.060536206,0.027076341,-0.21420838,-0.82589984,CUST10424,0.004184858,Low
1.1507243,0.4249311,0.05861987,0.48054352,0.3102393,0.4139309,0.09442737,-1.0487465,0.16217834,0.8437769,0.62401927,-0.42692885,0.24955893,-0.03718296,0.25239345,0.0641536,-0.027296549,-0.2020623,-0.009277213,0.1773017,0.2440588,CUST10425,0.97711617,High
0.12220615,0.8102306,-0.0042338506,0.1917326,-0.08485447,0.32240096,0.2103925,0.21351966,0.6793413,1.407015,0.27442446,-1.1161087,-0.5125146,-0.2791529,-1.316045,0.26285133,-0.02141323,-0.3904655,-0.011815752,-0.13676295,-0.11022303,CUST10426,0.6142811,High
-0.12519604,1.1241543,-0.54621017,-0.075618975,-0.072617605,0.17279607,-0.0052287905,0.05726069,0.026816174,-0.100186124,-1.2799604,0.26331493,0.41341305,-0.42311904,-0.22272733,-0.78286797,-0.01808927,-0.0029089903,-0.0010942435,0.3698618,-0.85154843,CUST10427,0.10669648,Low
0.95387214,0.98264277,0.44074425,0.5451166,-0.041291676,0.004590104,0.14631599,-0.49610266,0.08377852,2.3481216,0.39116123,-0.57716745,0.38647926,0.066746354,-0.29146633,-0.09516982,-0.018732322,0.18211152,-0.008582054,0.16813931,0.2256249,CUST10428,0.9952825,High
0.11214957,1.0095098,0.5392099,-2.117898,-0.050493002,0.11751504,-0.04905843,-0.4126006,-0.6842392,0.31496653,0.4409987,-1.0783846,-0.41028565,0.11461661,-0.15575224,-0.12884559,0.004692698,-0.066690035,0.02109372,-0.16733976,-0.06667754,CUST10429,0.059597537,Low
-0.11066262,0.17440462,-0.5921139,0.05043385,-0.06761935,0.15429525,-0.37840918,-0.4322548,0.24825795,-1.6196401,-1.1549245,-0.44139057,-0.5035778,-0.25470775,-0.005626687,-0.07935023,-0.07325533,0.054441907,-0.0056822584,-0.12281808,-0.06164301,CUST10430,0.005132438,Low
0.3045596,-0.793661,-0.014797259,0.24825281,-0.081433184,0.26894373,-1.2005216,0.19008991,0.5121148,-0.647277,-0.85159594,-0.952804,-0.3338707,0.04478854,-0.031051533,-0.2931003,-0.11405277,-0.33124486,-0.0115762185,0.62178606,0.14749056,CUST10431,0.033435103,Low
-0.121930845,0.15168487,0.11173679,0.34486744,-0.088022076,-0.29995972,0.25689492,-0.08698897,0.02454801,-0.5698765,0.22432,-3.923417,-0.7379285,-0.21041693,-0.17591196,-0.1559592,-0.07718458,0.02399949,-0.001379732,-0.54666686,0.10452281,CUST10432,0.003023688,Low
-0.10990254,-0.7817229,-0.17212415,-0.41182044,-0.03616557,-0.10567744,0.29467535,-0.80699384,-1.9076093,-1.2263467,-0.6639901,-1.8348035,-0.385154,-0.13392222,-0.11336125,-0.01105359,-0.1575677,0.02960422,-1.792889e-05,0.47030368,0.082866,CUST10433,0.00032675616,Low
-0.22924909,1.2006761,0.08399163,-1.2411801,-0.06895482,-0.14451739,0.00029755756,0.08633556,-0.48674423,-0.3343628,0.40876126,-2.8959973,-0.513798,0.11554314,-1.1591967,-0.2039316,-0.03326926,-0.056235563,-0.011613676,-0.38108888,-0.3499247,CUST10434,0.001908284,Low
0.37445703,-0.122221835,0.18273081,0.4930952,-0.07785304,-0.27514112,-0.56338483,0.11566733,-0.17343307,2.2562106,0.08849256,1.2159851,0.35700923,0.3541679,-0.22095814,0.14054954,0.0122693535,-0.3450751,0.0058950786,-0.5479269,0.18181463,CUST10435,0.96792775,High
-0.05707918,1.6204321,-0.32489246,0.29179832,-0.05531505,0.11222391,0.2321109,0.14842378,0.46285936,-1.4951822,-0.055865183,0.9409917,-0.5303448,0.0075324746,-0.278154,0.38009155,-0.047112826,0.18654257,0.007886736,-0.33277974,0.31839266,CUST10436,0.8156846,High
-0.08716861,0.07121468,-0.1957725,0.16860244,-0.07121803,0.31354678,0.2488812,0.041646056,0.1001803,-1.8137443,0.01628947,-3.2003295,0.40905318,-0.030484235,-1.0282475,0.07806401,-0.033957765,0.15612288,-0.002971182,0.1822618,-0.55321807,CUST10437,0.005084649,Low
1.3288028,1.1128869,-0.39953926,0.17588538,-0.063126475,0.38865343,-0.059085384,-0.7710916,0.67383856,1.0575248,0.2108519,-0.967617,-0.32746685,0.37733904,0.15721995,0.07342687,0.033896364,0.06485279,-0.0042566885,0.70597386,-0.51048076,CUST10438,0.9613319,High
0.19476296,0.4063642,-0.5289947,-0.004281579,-0.07122068,-0.24429348,0.2664069,0.017907234,-0.6350646,0.09369229,0.17620835,-0.55683535,-0.7693623,-0.39424813,0.06325056,-0.2097386,-0.060555767,0.07118533,-0.005785904,0.10414368,-0.11368832,CUST10439,0.09575311,Low
0.2213316,1.4070895,-0.3870409,0.43295786,-0.059552997,0.17446177,-0.031086415,0.28656992,0.40909564,-0.48764232,0.39401042,0.77072006,-0.54689604,0.23696385,-0.064024284,0.055149134,-0.0005997147,0.048897333,0.027152896,0.52569646,0.053222053,CUST10440,0.9683634,High
0.25765917,1.1957188,-0.06110012,-0.26432627,-0.086671285,-0.02860614,-0.00037292903,0.033098146,-0.90194273,1.865796,0.47515926,-3.700571,-0.78068346,-0.88079715,0.06146122,-0.026177436,-0.027122566,-0.03786318,0.007187227,0.4189049,-0.079362616,CUST10441,0.06876634,Low
-0.99012595,0.38170728,0.37182704,-1.4541409,-0.026445488,-0.06328515,0.30447173,0.24455492,-2.1940608,-1.6918601,0.076739855,0.09394979,-0.39197928,0.10472852,0.25070637,0.04814955,0.043439932,-0.08514602,-0.005867375,-0.008876177,0.065832414,CUST10442,0.0068893502,Low
1.1379708,0.37107384,-0.46537647,-0.42382035,-0.0632523,0.41327235,-0.17171915,-0.21570815,0.10312056,-0.624594,-0.7469491,-0.6064826,-0.5350776,-0.08911888,-0.7063581,-0.41849917,-0.058761176,0.017575385,-0.008853275,0.4407891,-0.03767036,CUST10443,0.06101836,Low
-0.008747036,-0.8953239,-0.13290417,-0.08157088,-0.04733895,0.2035201,0.1954377,0.095915124,0.5732682,2.4238098,0.52768975,1.2563893,-0.36134964,0.18963324,-0.056606118,0.09898959,0.01060037,0.12955877,-0.04330528,-0.25628892,0.106795065,CUST10444,0.9798263,High
-0.89807314,-1.5362587,0.30299783,0.39760774,0.33482796,-0.24204193,-0.30037045,-0.06352445,0.47128695,-1.5264558,0.38743684,-2.7260766,0.41287687,-0.24231748,-0.3229755,0.13368337,0.1590433,0.07023493,0.01232269,0.037718344,-0.18468699,CUST10445,0.0046421345,Low
0.11589745,-1.5746675,-0.3034277,-2.1016452,-0.0681684,-0.06512449,0.057070203,0.05805359,-0.16298649,1.1556891,-0.16895401,-2.554774,-0.33999795,0.04217905,0.1782728,-0.07999658,0.05825384,0.07645945,-0.012927091,-0.3010883,0.23439077,CUST10446,0.0030103708,Low
0.23112716,-1.9606489,-0.137523,0.36776707,-0.06874974,0.2109675,-0.58643854,0.45401102,0.08658035,1.731343,-0.13806868,2.3522818,0.7969231,-0.078922555,-0.27736127,0.21364525,-0.006529595,-0.016750237,-0.04742889,-0.38986468,0.034335166,CUST10447,0.9385155,High
-0.11636486,-1.1715308,-0.17523235,-0.7442033,0.38730836,0.060675215,-0.08724308,-0.66162896,-0.6272352,-0.57117254,0.51875013,-1.7395937,0.32914343,0.16195466,-0.037405007,-0.08578716,-0.054235928,0.11871862,-0.017178318,-0.011599288,0.3078756,CUST10448,0.013909637,Low
2.1012912,-0.7043775,-0.22221106,0.9271003,-0.044686366,0.2842041,0.09889691,0.21980591,0.71297383,-0.26672116,-0.20379838,-0.6619753,-0.36218104,0.20187958,-0.16050774,-0.103060305,0.21274662,0.06145189,0.057281792,0.687945,-0.022154823,CUST10449,0.9409621,High
0.85493493,-1.5985845,-0.029101765,0.22285764,-0.050011434,0.30583814,-0.035815906,-0.97108006,-1.0431279,-0.7735983,0.1899311,1.5564132,0.25245914,-0.091855,-0.0875658,-0.18237685,-0.092946485,0.0012133699,-0.032459017,0.059302807,0.07556036,CUST10450,0.18017034,Low
0.036187984,-1.6133366,-0.056377582,-0.6447192,-0.030144943,0.13466306,0.12426635,0.036770344,0.060037144,-1.7290604,0.0030080266,-0.46482646,-0.3643533,0.21289647,-0.19401282,-0.1510743,0.1241149,0.064628616,0.0016767777,-0.00084190984,0.0116186645,CUST10451,0.011161473,Low
0.69785255,1.2381674,-0.11270038,0.18598312,-0.046561092,0.058823425,0.32882354,0.08227885,0.21672429,2.3392315,0.5434251,0.7969119,0.51018524,-0.3786077,0.039237935,-0.20329268,0.01832175,0.31157959,-5.7022087e-05,-0.61773163,-0.08046514,CUST10452,0.99722123,High
-0.3435915,0.2961544,-0.2341953,-0.53897977,-0.04691002,-0.07718905,-0.10981064,0.012811645,-2.1520119,-2.440896,-0.049047265,0.523491,-0.5117676,0.29527172,-0.67282915,0.037753664,-0.11302445,0.12368077,0.0035112295,-0.2540656,-0.044819765,CUST10453,0.0017583006,Low
-0.25101256,-1.1966962,-0.22063087,-0.94058543,-0.072633356,-0.45267412,-0.04511601,0.012786359,-2.0091398,-0.34120238,-1.17775,-1.3882649,-0.46940964,-0.08433449,-0.11336251,-0.030082652,0.19047502,-0.047219086,0.03813078,-0.06450216,0.052556686,CUST10454,0.0001740758,Low
-0.8739954,-0.66447437,-0.11792315,0.44662496,-0.05091259,-0.09136157,-0.15834849,0.19681665,0.21226235,-1.5100477,0.26523963,-2.3791096,-0.44896626,0.06059178,-0.35549802,-0.07532702,-0.12101774,-0.10018248,-0.066009104,-0.33798727,-0.05149135,CUST10455,0.0018956403,Low
0.8769369,-0.02484892,-0.14320296,0.19103888,-0.111383095,0.10557613,-0.21114819,-0.04347069,0.1946446,-0.7456877,-1.0401752,0.52277106,-0.5679795,-0.12307071,-0.025114011,-0.17853409,-0.060041554,-0.0044316454,-0.007177756,-0.94656324,0.030407127,CUST10456,0.086539716,Low
-0.07125417,0.45086485,-0.10872383,0.37418815,-0.06342595,0.19442442,0.02047712,0.28793368,0.1596364,1.4544716,0.93902105,0.37652636,0.2440475,0.06127221,-0.12565345,-0.081150144,0.030578135,-0.42700738,-0.0076087704,0.019975051,-0.11905924,CUST10457,0.9724644,High
0.047943696,0.25828612,0.52202773,0.37225407,0.30620548,0.38764608,0.08655482,0.2595229,0.8349637,0.9354372,0.46879998,0.7040985,0.46413794,0.09098337,0.13708042,0.26770306,-0.015694406,-0.2672854,-0.0022307392,0.3797809,0.09845329,CUST10458,0.99815136,High
-0.13476878,-0.064321294,-0.29508153,0.26672187,-0.11694728,0.15746339,-0.06521651,0.20919327,0.234821,-0.55849314,-1.1485819,-2.579917,-0.67514926,-0.5518918,-0.31130138,0.07191278,-0.003677191,-0.120026104,0.0042183353,0.084660515,-0.08932219,CUST10459,0.0032337091,Low
0.1892978,-0.9953757,-0.31383833,-1.4193218,-0.06382852,0.57757133,-0.20963326,0.23367108,0.11124678,-1.3772544,-0.9095667,-0.77163917,-0.37133604,0.11106858,-0.28037673,0.025593793,-0.11356814,0.07648083,-0.03232612,0.13831756,-0.33645466,CUST10460,0.0030901062,Low
-0.7655089,-1.0179378,-0.17054951,-1.1205721,-0.033105128,-0.048061263,-0.29368034,-0.48118517,0.17816429,-1.435043,0.598185,-2.7841053,0.41640556,0.023032894,-0.24773867,-0.019206753,0.0121670505,-0.021350503,-0.011128277,-0.03224468,0.046958216,CUST10461,0.0007084743,Low
0.8007145,0.99408025,-1.1139362,0.38608918,-0.04390683,0.28128853,0.014213208,-1.2016674,-0.28739953,0.93667257,0.36593533,1.6760283,0.25768355,0.26751545,-0.110125005,0.21286052,-0.022922272,0.09051337,-0.0053457646,0.061632905,0.077087566,CUST10462,0.9731907,High
-0.107091755,-1.0128192,-0.80153936,-0.48063618,-0.0726641,-0.39201874,0.17800352,0.14379801,-0.056860324,-0.35968935,-1.1344581,-2.4772394,0.45098808,-0.3138823,0.06425107,-0.3297588,-0.065147445,0.09782152,-0.01526311,-0.057815496,0.18845557,CUST10463,0.0013602192,Low
1.1745912,0.007156368,0.39189178,0.22621603,-0.040006164,0.19402167,0.17994757,0.3118574,0.7761509,2.0452175,0.25429785,0.34496117,-0.21921854,0.17347464,0.239892,-0.022634707,-0.035666864,-0.3139049,-0.0018750122,0.7071095,-0.76110685,CUST10464,0.9962684,High
0.02116937,-0.98901075,-0.20418185,0.12165166,0.33373222,0.1702459,0.37025785,0.27670324,0.51724666,0.6984531,0.5474342,1.11254,0.53464633,-0.112559475,0.19978215,-0.032705586,-0.06580561,-0.27272242,0.010356531,-0.39490923,0.08219375,CUST10465,0.9468155,High
-0.117893875,0.3436151,-0.23163949,-0.48832178,-0.06608703,-0.22513717,-0.16540068,0.0668938,-2.0579622,-0.5395525,0.24510115,-1.7110431,-0.7969366,-0.2833396,0.26128355,0.0032815658,-0.019224757,0.08020289,-0.016785426,0.028989812,0.1750543,CUST10466,0.0038336853,Low
0.06622762,-1.4597199,-0.073559724,0.2347262,-0.073103085,0.20133649,-0.0918117,0.10176108,0.1750313,-0.48570737,-0.27639845,2.4152064,-0.39640024,-0.40975302,-0.15244259,0.10573428,0.15140173,0.075065605,-0.0017056034,-0.72314936,0.15970895,CUST10467,0.37689847,Medium
-0.82813096,-1.351695,0.6116646,-0.76636547,-0.040045377,0.13089809,-0.71228737,0.12167692,-0.7249069,-1.4538479,0.13582899,-1.1726989,-0.31772107,-0.098457545,-0.18583138,-0.0737461,-0.15091844,0.050844446,-0.0335705,0.053352498,0.34305516,CUST10468,0.0014891103,Low
-0.028928887,-0.062339325,-0.1015373,0.54045004,0.43774217,0.20788406,0.65062916,0.27748737,0.07301839,-0.61709857,-0.18276167,0.98888505,0.5878947,0.0071497923,-0.99279547,0.24118666,0.029216062,0.29376465,0.004607536,-0.2343683,-0.44989938,CUST10469,0.8354841,High
-0.0015248446,-0.18297778,-0.8087222,-0.5378679,0.20724954,0.0012310212,0.09986001,-1.1846585,0.10747793,1.0906504,-0.0046855984,-0.76435953,0.33449414,-0.45929793,0.23212281,-0.4757984,-0.07249916,0.069648124,0.007576601,0.06978288,-0.013379405,CUST10470,0.08859938,Low
-0.9974841,0.08761238,-0.08585206,-0.3644231,-0.05719261,-0.074920185,-0.078896716,0.5831561,-0.0890152,-1.7989349,-0.8422304,-2.328049,-0.5860036,-0.08758479,0.20016378,-0.09784009,-0.016996553,0.13135155,-0.0025197174,0.27121365,0.49636656,CUST10471,0.0030692022,Low
-0.13349435,0.16862307,-0.013287069,0.39254978,-0.056616325,-0.2967964,-0.18413419,0.023782495,0.020275813,-1.5003217,1.1729459,-3.4212465,-0.58934814,-0.069527365,0.17833959,-0.14319749,-0.020146726,0.056273717,-0.0023778668,0.039513495,0.4139736,CUST10472,0.017820958,Low
-0.106336355,1.6176574,0.17407802,0.38117343,-0.06305096,0.51374817,0.04353203,0.71760225,0.3800142,-0.5315414,-0.81219876,-1.9570631,0.5434956,0.15183732,0.43120846,0.47335908,-0.043653667,0.19849147,-0.011255905,-0.4872825,0.11175986,CUST10473,0.84295636,High
1.0081459,0.7433324,0.43849313,0.11887607,-0.046767473,-0.01274121,0.12567312,0.30686373,0.24845569,1.7132547,0.51058304,1.8376406,0.25045118,-0.27520144,0.060468167,0.14820336,-0.024663124,-0.21674147,-0.0021832027,0.12229113,-0.4029536,CUST10474,0.99865,High
-0.094113775,0.39964867,-0.4572731,0.6207229,-0.06693853,-0.5388942,-0.012380862,-0.8515961,0.29902077,3.017992,-0.98972934,-0.5933136,-0.322944,0.4528821,0.08439662,0.056206025,-0.02170393,0.3378374,0.011342507,0.28978142,0.28956446,CUST10475,0.8659164,High
0.07205529,-0.98824483,-0.3064139,0.5835015,-0.04754691,0.06161376,-0.48026228,-1.501415,0.07279783,1.292723,0.31101015,0.3524091,-0.32030356,-0.46704194,-0.09527284,-0.22643577,0.05908497,0.036263302,0.0019658017,0.09011924,-0.8048197,CUST10476,0.08711385,Low
-0.23672315,0.3342786,-0.34799471,0.2702002,-0.07544896,-0.5415854,-0.10747464,0.02670101,0.38847256,-0.71156776,-1.07814,-1.158866,0.63499,-0.12898485,-0.6348715,0.19578108,-0.05147438,0.09351392,-0.001385746,-0.1318232,0.05315324,CUST10477,0.037167966,Low
0.3709815,-1.6630294,0.21331203,0.66940564,-0.04488091,0.3126168,-0.018077625,0.1252299,0.25032637,-0.21173908,1.0128849,1.9379022,-0.1681898,0.3081527,-0.38196558,0.22369534,0.13527943,0.03414709,-0.005495567,0.6104569,0.25223953,CUST10478,0.980508,High
-0.76211274,-1.1311549,-0.064199224,-1.3090988,-0.057681073,-0.4003214,-0.42859498,0.19361873,-2.293107,-0.642395,-0.573366,0.35870644,-0.33961004,-0.23580092,-0.030502524,-0.1229553,-0.1343781,0.06860949,-0.0048061875,0.32821715,-0.12794465,CUST10479,0.00042881197,Low
0.038864955,0.42122838,0.007893331,0.52316225,-0.02460687,0.3183006,-0.015686467,-0.49542016,0.52831954,-2.0520892,0.13598786,0.6577229,0.4437099,0.13372332,0.40740484,0.36058146,-0.038890976,0.06623461,-0.007335959,0.4056762,0.26272035,CUST10480,0.88414884,High
-0.28582072,0.28803095,0.35413456,-0.88694686,-0.053705458,-0.075131014,-0.19559924,0.7119902,-2.3672898,-1.1676956,0.32154924,-2.434279,0.5822883,-0.15501153,0.24030314,0.0353229,-0.0024841893,0.047291998,0.0027430942,-0.00325469,0.42875704,CUST10481,0.009377757,Low
-0.11204171,-1.4502147,-0.024073409,-1.1340896,-0.054476835,0.25242764,-0.07241285,-0.07007205,-1.6750147,-0.8650495,-0.18072493,-2.4355814,0.27070895,0.30750352,-0.26118326,-0.08393441,0.15218607,0.03589004,0.018992934,0.42211944,-0.3210243,CUST10482,0.0006582616,Low
0.9079161,-0.8192765,0.1760678,0.10890097,-0.03518418,-0.08533514,0.11544172,0.16116363,-0.16560775,2.6583607,0.49542552,0.68954504,-0.29657722,-0.13551868,-0.12275864,-0.11118425,-0.035783444,0.032937326,-0.03128037,0.020351281,0.11487452,CUST10483,0.9733329,High
-0.74681807,-0.9725158,0.38950482,-0.31391254,-0.054175466,-0.15980284,0.17245,0.1550816,-0.0612268,-1.0254636,-0.84487367,-1.626057,-0.40291953,-0.21824208,0.08515221,-0.14240602,-0.122427434,-0.10235954,-0.014012676,-0.30215272,-0.5550022,CUST10484,0.0009993946,Low
-1.0976887,0.49366462,0.6611707,-0.6326911,-0.070880026,-0.55099297,0.17938381,0.3367268,0.70392084,-0.75828415,0.7495327,1.0038229,0.62576914,0.11041631,0.19050902,0.16506234,-0.012480933,-0.18259425,0.017221617,0.13147534,-0.030107042,CUST10485,0.8795075,High
-0.05670811,0.351604,-0.57339454,-0.39463344,0.30165252,-0.1578694,0.025082733,-1.0831827,0.085241474,0.716979,-0.11454955,-0.55998397,0.45082176,0.09360619,0.042482562,0.21103373,-0.05372314,0.046813097,-0.0062298514,0.11687365,0.08692774,CUST10486,0.3737088,Medium
-0.9581425,-0.03868865,-0.44948602,0.25764233,0.5761351,-0.34276474,-0.12015197,-1.0680468,0.2997167,-0.45501226,-1.5071911,-0.6316535,0.40712863,0.10595325,-0.05370656,0.14464532,-0.0018124117,-0.07740763,-0.006932068,-0.43884963,-0.14531684,CUST10487,0.010465782,Low
0.8434525,-0.5821058,0.1270784,0.3072735,-0.07031894,0.15033329,-0.41201973,0.074470475,0.36101425,2.0359807,-0.13922292,0.9157619,0.24379063,-0.12001272,0.12986284,0.15673451,0.008054737,0.06347323,-0.002878887,-0.79622364,0.3435021,CUST10488,0.9732165,High
0.096599564,-1.0526955,-0.22835696,-0.6089182,-0.037582807,0.1682573,-0.0015466152,0.14243707,-0.05059532,-2.340796,0.19906022,0.7147511,-0.47833914,-0.20027742,-0.18428297,0.19547851,-0.13281201,-0.12016682,-0.012347678,0.07754201,0.06975934,CUST10489,0.021248052,Low
0.05175027,0.99051565,0.35366356,0.16693607,-0.04704741,-0.18355314,-0.09534407,-0.12724072,0.20372283,2.009773,1.3437961,2.0088644,0.24008699,-0.040769767,-0.103695795,0.04256441,-0.029691692,0.08099151,0.00083480077,0.17041259,0.043002643,CUST10490,0.9991197,High
0.34030163,-0.63536316,-0.1751323,0.07111522,0.32926685,0.25351968,0.149782,0.29216078,0.33504042,0.68805015,-0.055449832,2.6205149,0.8568039,0.10538964,0.5774762,-0.09982763,-0.047351163,0.1193881,-0.022619504,-0.3347628,0.053794608,CUST10491,0.9953992,High
1.1300744,1.2160267,0.093541026,0.67851967,-0.061142825,-0.2606976,-0.019174583,0.15629797,-0.67986244,1.580501,-0.030590748,1.0974134,-0.41821066,0.1101375,-0.2512585,-0.021905806,-0.020155191,0.07291085,0.0023584468,0.3761117,0.0028845184,CUST10492,0.9910631,High
-1.2288486,0.18569137,0.48638052,-1.502383,-0.06344666,-1.1663576,0.06585304,0.02332656,0.42676306,-0.87868255,0.85981375,0.38831648,-0.4643349,0.118415624,-0.0103208255,-0.08559972,-0.01508211,0.07530587,0.017254166,0.50897413,0.018579224,CUST10493,0.09232563,Low
-0.07848571,-0.3560358,-0.19814844,-0.24649838,-0.046575397,0.78825593,-0.09692672,0.07906416,0.28587094,-1.3510133,-1.0049711,-2.295933,0.38470903,-0.12029643,0.40518457,0.29402155,-0.018835688,0.17513797,-0.004372799,-0.14405851,-0.20647818,CUST10494,0.021847745,Low
0.017032068,0.27119553,0.2502076,0.25692108,0.34947008,-0.393255,0.38623896,0.09958031,0.09275338,0.5937448,0.11344692,1.3126955,1.0141535,-0.08608098,0.053430047,-0.32758516,-0.050716933,0.2189089,0.001889592,0.5327134,0.05041374,CUST10495,0.991093,High
-0.99936706,-0.8136521,-0.31046394,0.18485467,-0.079564184,-0.20192274,-0.23892099,-1.4126024,-0.17941651,-0.6726525,0.41044447,1.7252237,-0.585762,-0.16417396,0.24813305,0.13207683,-0.095513925,0.039365645,-0.033739608,-0.06320748,0.18550451,CUST10496,0.04877476,Low
-1.1466985,-0.9564307,-0.061236143,-0.5653021,-0.066562794,-0.31891036,-0.030148573,0.087175354,-1.0248047,-0.49773595,0.10376807,-2.5184531,-0.47895002,0.09373021,0.19923459,-0.026884584,-0.10795555,0.03477802,-0.02120714,0.2976999,-0.054416962,CUST10497,0.0008207294,Low
1.0266294,1.3597814,0.07860483,-0.19195673,-0.030173913,0.059123546,0.12950394,0.21036941,0.89949405,2.511867,-0.029679436,0.49071032,-0.2875222,-0.28553352,0.37315264,0.17172083,0.022287315,0.14728291,-0.0017929333,0.032049116,-0.81865644,CUST10498,0.99704736,High
-0.21886699,-1.1782676,0.072060205,-2.0196693,0.32171643,-0.26021218,-0.12498516,-0.8330582,-2.8105056,-0.17885803,0.23031007,0.22991882,0.42011297,-0.39758608,-0.1365841,0.31130102,-0.17186229,-0.1480807,-0.030685985,-0.07830712,0.12562141,CUST10499,0.0009852054,Low
-0.7425187,-1.2367945,-0.19583759,-0.44622022,0.534152,-0.55074126,-0.10201357,0.19178388,-0.87746394,-0.6620719,-0.70100015,0.0964167,0.73204714,-0.044597216,-0.16160518,0.34106174,-0.14196466,-0.27293834,-0.060328662,-0.3133871,0.18421859,CUST10500,0.011262101,Low
-0.048361216,-1.0149459,-0.38703915,0.14467186,-0.11674464,-0.21178041,-0.698077,0.123757325,-1.0375903,0.11301405,-0.7504346,-1.7738497,-0.29926482,-0.14544612,0.08034742,-0.19696783,-0.109343685,0.08218935,-0.029601628,-0.26719517,-0.17862706,CUST10501,0.0011504255,Low
-0.98209774,0.27696782,-0.5453796,-0.07662705,-0.0765351,-0.3269494,-0.10560203,-0.7848109,0.3993808,-0.5344494,0.023604244,-0.6278234,0.50229526,-0.14178295,0.22117756,0.2838668,-0.03385674,-0.1273369,-0.007952078,0.4616135,-0.837237,CUST10502,0.043742064,Low
-0.28052142,0.096679576,-0.31507355,-1.354392,-0.070142046,-0.06928351,-0.26464108,-1.2208467,-1.9949551,0.68221134,0.21882503,-2.3041983,-0.41159946,0.26533404,0.24514885,-0.01665834,-0.010728983,0.026928239,-0.00849806,0.010825881,-0.08908833,CUST10503,0.0009969054,Low
1.04203,1.3049351,0.30848175,0.5912755,-0.054509383,0.25633848,0.123234086,0.24492879,-0.107151225,0.81883466,0.36493835,0.9722969,-0.38699532,0.043035895,0.15356429,-0.007503398,-0.015455443,-0.06768713,-0.0023801317,0.64484864,0.060213212,CUST10504,0.998058,High
-0.060577463,-1.1875149,-0.07729016,-0.77240646,-0.06048642,-0.056848336,-0.0958597,0.2526085,-2.5889213,-0.5838194,0.23967758,-1.1323855,0.5803126,-0.006049781,0.05766573,0.29176965,0.03331271,-0.014464144,0.0011653798,-0.28733653,-0.036650896,CUST10505,0.0038751645,Low
-0.33399895,0.064276576,-0.08257367,-1.3632474,-0.047173362,-0.30669442,-0.08219361,0.24692163,-1.9043659,-1.0559175,-0.7528846,-2.6654928,-0.6508471,-0.51682436,-0.10179997,-0.11511484,-0.015747838,0.039054856,-0.008711768,0.34535012,-0.18428423,CUST10506,7.209514e-05,Low
-0.95522106,-1.1484216,-0.10643882,0.67545575,-0.052067816,0.21116199,0.25282165,0.015070941,0.19917671,-1.9044573,-1.1963155,-0.5921427,-0.23862901,-0.1373096,-0.15175769,-0.3473842,0.122073464,0.053789224,0.04878679,-0.033743132,0.14223622,CUST10507,0.005549422,Low
0.8172979,0.5243148,0.025630936,0.5681561,-0.054324944,0.17623748,0.14833105,0.33870268,-0.4425846,1.3064363,-0.12659603,1.441636,0.49441674,0.21084654,0.047192976,0.017129874,-0.031729713,-0.17867878,-0.011914607,-0.7279417,0.0776039,CUST10508,0.98979867,High
-0.25441334,-0.86842006,0.54206413,-1.7104115,-0.04089755,-0.0838324,-0.16263635,0.24013367,-2.2257018,-1.1059319,-0.008754103,-2.368989,-0.5956068,0.09558522,-0.06430941,-0.16893598,-0.103133515,0.037809145,-0.00038407743,0.09166893,0.08064543,CUST10509,0.00016331996,Low
-0.09550854,0.20102808,-0.45145378,-1.0478508,-0.016883805,0.28352323,0.16299066,-1.040293,-0.006425397,-2.089411,0.15170565,0.4074579,-0.39835694,0.15216883,-0.07376617,0.037404627,-0.0062765856,0.07998716,0.0038844105,-0.03066641,-0.003153852,CUST10510,0.02135091,Low
-0.08111463,-0.9474446,-0.04181231,-1.264993,-0.040197775,-0.011001926,0.22622992,0.21454561,-0.19893382,-1.0468698,-0.053262584,-2.5523267,0.5257822,-0.0756669,-0.007384072,0.08618442,-0.10735101,0.13743724,-0.029800361,0.3215886,-0.5083205,CUST10511,0.004070553,Low
1.1723925,0.24868736,0.0025081448,0.279557,-0.06752866,0.05256235,-0.13559955,0.06442416,0.30769697,0.98768353,-0.13963893,2.0564954,-0.32661387,-0.008591268,0.13578539,0.13247728,-0.033505622,-0.13045691,-0.0047816224,0.20422474,0.1946562,CUST10512,0.9929471,High
-0.018021677,0.3926066,0.5215785,0.13485706,-0.05340873,-0.30409124,0.0066155884,0.060572676,0.016480863,1.4562926,0.6170936,1.8703315,-0.37661442,-0.19554372,0.32062286,-0.50050294,-0.038726445,-0.103930935,0.005467407,0.32832044,-0.06042951,CUST10513,0.98261124,High
-0.13898896,0.1955841,-0.17879562,-1.0776091,-0.026242577,0.2539919,0.059811134,-1.0122306,-1.6380715,-1.2733341,-0.16084996,-2.1503623,-0.36593,-0.16106409,-0.08143138,0.14670748,-0.08232999,-0.271879,-0.008611504,-0.16770133,0.18299156,CUST10514,0.00033483646,Low
-0.7686333,0.23138636,0.71941125,-1.3989694,-0.037512235,-0.07310368,-0.033854477,0.7972571,-0.5003359,-0.82155704,0.35842225,-2.6272736,-0.6212457,-0.43973735,0.37649646,-0.23363934,0.010705519,0.12869912,-0.005006383,0.0036984177,0.19298607,CUST10515,0.0082685985,Low
0.095591016,0.45804712,0.15662804,0.08726922,-0.062425222,0.2564354,0.4293947,-0.25357395,0.5260516,-0.60853094,0.29484007,-0.28884324,-0.4244703,0.2832869,0.24551675,0.1734026,0.0062591424,0.09751046,-0.012527425,0.17641485,0.28251335,CUST10516,0.86687535,High
0.049286284,0.07390426,-0.5628491,0.18416113,-0.07769763,-0.047060233,-0.28533095,-0.06099058,-0.30072218,0.7060813,0.29002067,0.8316109,0.0388545,-0.50942403,0.13530669,-0.6639438,-0.049627535,-0.22232677,-0.010428824,-0.10045646,-0.5634808,CUST10517,0.23320605,Low
0.014151221,0.5845404,-0.31729013,-0.30168554,-0.05732867,-0.25329423,0.0902963,0.26425892,0.28823355,2.4537985,0.6175826,1.0122211,0.8070066,0.0208721,0.16448154,0.17831755,-0.046404045,-0.03933406,-0.00025357865,0.1298175,0.08736136,CUST10518,0.9965024,High
0.0036744007,1.07051,-0.44598436,0.4073102,0.25151697,0.055648167,0.24396792,0.2317644,0.15260063,0.7708326,0.38585815,2.4006126,0.7437834,-0.19425511,0.19920413,-0.6128027,-0.061443914,0.15464708,0.003046567,0.043837257,-0.035425935,CUST10519,0.99674314,High
-0.8662607,-1.266867,-0.2371949,-0.30260047,-0.044767156,-0.57812095,0.092527136,0.21770771,0.10119264,-1.6647943,-1.1104325,0.36324272,-0.1572507,0.088986196,-0.12887381,-0.2634844,-0.0017618496,-0.3602419,-0.025682056,-0.015269849,-0.070259675,CUST10520,0.0018785255,Low
-0.6874514,-1.0689186,-0.5868833,0.44616723,-0.028184906,-0.103765525,-0.10862029,-0.50335735,-1.8012328,-1.6089315,-0.6918238,0.37928557,0.21359287,-0.024778442,0.22417018,-0.055955276,0.1739801,0.032603785,0.006889089,-0.037480682,0.034517903,CUST10521,0.0028964765,Low
0.2234574,0.5250938,0.23877944,-0.029426053,-0.055851012,-0.06437542,0.019899763,-0.00933614,0.76632893,3.1534138,-0.7534775,-0.642691,-0.24363753,0.48936728,0.13093835,0.058240503,0.0175268,0.09502655,-0.00049423985,0.049622092,-0.6024183,CUST10522,0.9651357,High
0.26433757,1.513919,0.6351819,0.2657399,-0.040842734,0.26139697,0.19319323,0.15465483,-0.26469597,-0.5005282,0.24705799,1.8749819,0.5636288,0.17775382,0.012253672,0.030597545,-0.02107942,0.03255238,0.0016668928,0.53398186,0.21219492,CUST10523,0.9977683,High
-0.21487395,-0.99127907,-0.18964723,-0.43898615,-0.056780577,-0.45746574,-0.10399282,-0.0024259277,0.25832447,-1.1592187,-0.8814764,-2.6938138,-0.29010117,-0.020217773,-0.36112234,-0.22821793,0.17344062,-0.036056835,0.055863757,-0.12229804,0.040881507,CUST10524,0.00042430052,Low
-0.9587629,-0.23522878,-0.08075411,0.7112802,-0.037756067,-0.5521843,-0.19500688,0.04421421,0.19357273,-2.2449355,0.42385116,-0.72126883,-0.3024302,0.19999504,-0.20009787,-0.14307839,0.0044815186,-0.16202119,-0.008565787,-0.42947555,-0.6774958,CUST10525,0.0044214856,Low
-0.44181028,1.7491745,-0.1275729,0.33364132,-0.068843484,-0.039807532,0.30002844,0.2652063,0.32390118,-0.33733845,0.5179331,-3.1801293,0.9974001,-0.043693185,0.21856086,0.20297329,0.058561243,0.13371935,-0.0051165973,0.12812757,0.44170892,CUST10526,0.7992225,High
0.08613831,0.32162088,0.2508188,0.06261335,0.16515611,0.08978498,-0.009860327,-1.1599554,0.42900443,2.079962,0.4601398,2.196352,0.9040524,-0.44110566,0.24755938,-0.4551661,-0.05122952,-0.040630773,-0.0069519687,-0.012811469,0.17128633,CUST10527,0.994736,High
-0.79008543,-0.6545434,-0.024075303,-0.96157825,-0.04752002,-0.5364516,0.1120773,0.14386347,0.17141166,-1.0262153,-0.94989794,-2.35037,-0.367164,0.12839687,0.56089604,-0.037978105,-0.061822366,-0.29104105,-0.004135943,0.1034709,0.08993135,CUST10528,0.0010710831,Low
-0.04504515,-0.90781343,-0.23408902,-1.423887,-0.09280267,-0.21190095,-0.19388434,0.13961601,-0.5783395,0.2970999,0.081806146,-3.2534335,0.6503945,-0.036669742,-0.33724806,0.23137565,-0.04609358,0.093402885,-0.010612527,-0.26912758,-0.10941489,CUST10529,0.0018295523,Low
-0.04736874,0.5826084,-0.40926436,0.4184739,-0.05693078,0.031268828,-0.008889088,-0.41893023,0.41143394,1.1138469,0.34975114,1.2260221,-0.3454982,-0.40871835,0.13073231,0.050657626,-0.09310745,-0.057317108,-0.0037498055,-0.088369094,0.27637443,CUST10530,0.9313648,High
0.09417274,-0.14127491,-0.6663356,-0.48864397,-0.08033399,-0.29664737,0.16481343,-0.6964998,-0.13245775,0.920813,0.15691559,-0.84360176,-0.2565371,-0.22086568,0.34569514,0.13718145,-0.003845296,-0.06680312,-0.013360219,-0.046549644,-0.5222163,CUST10531,0.06288117,Low
-0.6651151,-1.0237217,-0.09698131,-0.42145827,0.52623045,-0.24317844,-0.41108996,0.2258269,0.20675153,-0.629261,-0.5671772,-2.7867458,0.35469615,-0.28542715,-1.0763615,-0.045255087,-0.12735817,0.06380059,-0.033722572,-0.23473874,-0.09996436,CUST10532,0.00060153,Low
-0.05066266,-0.5946044,-0.1094144,0.3625157,-0.03736224,0.045525588,0.0978854,-1.0719756,0.10538543,-1.4954164,0.45873162,-2.070543,-0.28842947,-0.23261237,0.33364716,-0.19415523,0.18874109,-0.0659341,0.053081572,-0.040630296,0.3238994,CUST10533,0.013028373,Low
-0.20767944,0.2607479,-0.056393456,0.13484457,-0.095427126,-0.34446985,-0.5055152,0.27786338,-2.0655115,0.70368356,-1.4332767,-1.1976256,0.55855954,-0.1949829,-0.17727429,0.4009229,-0.08057327,-0.1983405,-0.00209976,0.47664562,-0.00880871,CUST10534,0.021883547,Low
-0.86202115,-0.08570698,-0.16516109,0.78342116,-0.037511766,-0.54028106,0.09736096,-0.8274411,0.92692494,-1.3675578,0.43943167,-2.9194067,-0.33856732,-0.023638066,-0.27104384,0.036064964,0.0017769949,0.02981754,0.0019617025,-0.07839511,-0.08642602,CUST10535,0.0048131435,Low
1.3272161,0.2983059,0.007458383,0.28692967,-0.052914068,0.18335547,0.15136348,0.18382935,-0.08547596,-2.5453749,-0.6087974,-0.5315739,-0.5313501,-0.22209452,-0.05460321,-0.15621242,-0.03859275,0.09513019,-0.002276344,-0.10055568,-0.064144805,CUST10536,0.07546932,Low
-0.107274145,0.453107,-0.31516564,0.68171203,-0.053327,0.07466934,0.027434435,0.40457436,-1.6637248,0.36168936,0.3541676,1.4441103,-0.31762797,-0.2017782,0.037201796,0.03159423,-0.050178792,-0.025281494,0.00059306156,0.08143878,0.07754905,CUST10537,0.7773521,High
-0.20718239,-0.99510294,-0.07746063,-1.5207863,-0.024834942,-0.06694385,0.22906575,0.3604703,-2.0125475,-0.34218243,1.0879047,0.3998796,-0.43892655,-0.5826948,0.2729661,-0.2101422,-0.121694475,0.03130687,0.010893859,0.077591725,-0.018507428,CUST10538,0.014860033,Low
-0.90043044,-0.06484444,-0.18907477,-0.36661687,0.3563419,-0.62785053,-0.2904469,-0.049405202,0.022696456,-1.6729091,-1.1123322,-2.6242046,0.45639628,-0.052936997,-0.13505886,-0.01683579,0.0037255173,0.06264903,-0.0054800543,-0.11899762,0.29322907,CUST10539,0.0008431081,Low
1.2295383,0.9627645,-0.11533609,-0.30126554,-0.0531178,0.07246881,0.37444627,0.023305817,0.1312672,-0.33553582,0.12434382,-3.3722208,-0.6621889,0.14429577,-0.21728022,-0.06349037,-0.04012301,0.07763758,-0.003853958,-0.7562256,0.10042255,CUST10540,0.061495155,Low
0.2129163,1.5015432,0.53409046,-0.063383274,-0.057763163,-0.4073107,-0.008447355,0.3976813,-0.348879,1.8293196,0.6280666,1.8711048,0.350371,-0.17777306,0.23313433,0.12072994,0.028523413,0.15992808,0.009948392,-0.043115925,-0.6499259,CUST10541,0.9977069,High
0.004000269,0.005994603,-0.4242725,0.39544234,-0.06668987,-0.25146866,0.09761824,-0.5617768,0.38734558,0.36493352,-1.5050194,2.5536602,-0.32879648,0.24648906,0.1249368,0.17474252,-0.0014035046,0.23357989,-0.011361036,0.69478524,0.19854155,CUST10542,0.9077192,High
-0.22265784,0.6888507,-0.16719207,-1.7464833,-0.04503416,-0.17814745,0.09102554,-0.034368433,-2.6432931,-0.21939717,0.26108414,-1.0281582,0.65487546,-0.59563375,-0.18611416,9.938778e-05,-0.06939705,0.010726842,0.00024296204,0.43360934,-0.06710285,CUST10543,0.0060138796,Low
0.0024546883,-0.2457625,-0.12212194,-0.17836352,-0.09390667,-0.65551096,0.026125032,-0.012305925,0.061762813,-0.5887124,0.34817427,0.5684082,-0.37134108,-0.14789642,-0.6970786,-0.07539564,-0.08170223,-0.38972092,-0.011834519,-0.049986217,0.0034996562,CUST10544,0.0597264,Low
-0.9588009,-0.19897285,-0.019701326,-0.2670275,-0.06386884,0.10174123,-0.43299484,0.05580158,-2.0983093,-1.6599602,0.21540898,0.48822135,-0.4660662,0.001630886,-0.11041981,-0.07051069,-0.07224205,-0.12734994,0.015034188,-0.39850575,0.23358926,CUST10545,0.0027912012,Low
-1.0127293,0.0910065,-0.10463052,-0.055980165,-0.06505847,-0.42654666,0.09494778,0.064180955,0.31127435,-2.3123233,-1.6066778,0.9382091,-0.51382536,-0.25352678,-0.102963254,-0.12045301,0.017756214,-0.13777488,0.023715964,-0.14633095,-0.06706449,CUST10546,0.0043640765,Low
-0.067645125,-1.1476862,-0.39875737,-1.3762932,-0.06431738,-0.07707515,0.18653938,-0.4331788,-0.74591273,-0.50223374,-1.0525808,-0.79205215,0.3951755,-0.108315066,-0.37267604,0.009449434,-0.104973316,0.09316797,-0.04632507,-0.3835421,-0.053959034,CUST10547,0.00083405647,Low
0.27558076,-0.9818231,-0.48354498,0.09002498,-0.044372365,-0.16463481,-0.1284027,-0.85426164,-0.893756,-1.8260825,-0.63496464,2.1087432,-0.47567782,0.039106887,-0.08837196,-0.06536416,-0.073032014,-0.12707685,-0.004300162,-0.13190356,0.09424158,CUST10548,0.011949377,Low
0.14409341,0.1674888,0.7892311,0.110573396,0.28004992,0.033853035,-0.12675548,0.042659316,0.27892962,-1.856159,0.38362968,-1.9125091,0.67591286,-0.2785288,-0.14783429,-0.052663058,-0.051484536,-0.32703686,-0.0046553244,-0.22023246,-0.23223092,CUST10549,0.08715709,Low
-0.09316581,0.20021932,0.58316875,-0.364786,-0.029959057,0.22611663,-0.05436681,0.014232235,0.60445017,-2.4102786,1.2856721,-0.71952426,-0.33055207,0.10538951,-0.24521711,-0.16256706,-0.03407122,0.09990137,-0.008678284,-0.04070305,-0.9929388,CUST10550,0.08219876,Low
0.95611364,0.58513075,0.37281585,0.4187668,0.25377244,0.18161461,0.1904276,0.3052396,0.2592299,1.9663112,0.63791203,1.005305,0.35810718,0.102304935,0.21287473,0.13104887,-0.004993636,-0.26213592,-0.0016891165,0.081633195,0.030880822,CUST10551,0.99956316,High
0.0060384325,0.23504156,0.4253363,0.1686669,-0.045062363,0.25579172,0.0059210695,-0.8546486,0.09354006,-0.8093574,0.3220583,0.2925772,-0.46557125,-0.036786832,-0.07742052,-0.32825553,-0.038923807,-0.16769715,0.002080089,-0.118176445,-0.12204179,CUST10552,0.21381629,Low
-0.011361779,1.4247464,0.557463,-0.43604553,-0.055022974,-0.13913713,0.3411915,0.32385847,0.33699974,-0.3706497,0.4575105,1.1176106,-0.60873777,-0.5552357,0.25267994,0.24441871,0.00022574686,-0.05373496,-0.005074514,0.33362806,0.06095563,CUST10553,0.95973235,High
-0.10508069,-0.1507361,-0.20937632,0.3149114,-0.05765196,-0.14910683,-0.62077975,0.4193688,0.14256436,-1.7696985,-0.031499896,-1.7840749,-0.4357566,0.033473194,0.43891862,-0.047146466,0.069621466,-0.009648986,0.0014251359,-0.22418627,-0.1276077,CUST10554,0.012776985,Low
0.0013697268,-1.0965235,-0.023937818,0.2141226,-0.060957342,0.23921935,-0.3547617,0.022810113,0.35940996,-1.8000023,-0.7799423,2.1820064,-0.43156165,-0.14577463,-0.14659724,-0.1242369,-0.08325222,-0.14361463,-0.035425484,-0.51323676,0.2631624,CUST10555,0.07565467,Low
-0.046603795,0.4688914,0.53490335,0.15882158,0.32699582,0.14126785,-0.3457783,-0.7451256,0.047912702,0.46325412,0.79104227,1.0760396,0.86032677,-0.027019732,0.18236819,-0.0009585372,0.0011811162,0.056265905,0.007482813,-0.02213824,0.20156005,CUST10556,0.98346347,High
0.0442897,1.2007896,0.104760684,-1.5384318,-0.070029035,0.45602202,-0.014872819,0.0773513,-1.6686795,0.5705012,0.9520436,-1.1576535,0.2543898,0.30366692,-1.380667,-0.29199,0.0031341931,0.054861672,-0.008527744,-0.10069117,-0.08885052,CUST10557,0.08756257,Low
1.4412173,-2.3672988,0.036326893,-1.0025789,-0.06136868,0.08648054,-0.7231324,0.28791082,-2.0979717,0.7830543,0.16114177,-0.9887063,0.26004252,0.0571563,-0.32766634,0.523634,0.12637693,0.07707396,0.04209254,0.4611274,0.14753601,CUST10558,0.042179246,Low
-0.02134888,1.1483593,-0.016866881,0.80194247,-0.047888383,-0.13350134,0.24820761,0.29281488,0.82946545,1.0443672,0.35273883,-0.73828554,-0.31281343,-0.37632674,0.33538675,0.026944349,-0.067672096,0.13640513,-0.010598954,-0.08379966,-0.72134787,CUST10559,0.93345416,High
-0.0063504744,1.6155666,0.09569858,0.7026469,-0.060236078,0.19821216,0.22453912,0.33293822,0.33279935,-0.28252298,0.63812745,1.6918446,0.45573848,-0.18935886,-0.350167,0.038710117,-0.019911494,-0.10961194,0.008512529,-0.44926706,-0.013185036,CUST10560,0.9919143,High
0.09590509,-0.95615375,-0.39805043,0.6056144,-0.019653704,0.10372724,-0.028670201,-1.2425364,0.01365319,-1.8448126,0.19751827,-0.61669827,-0.26212475,0.14233275,0.17869581,-0.23802827,0.106724806,0.09699722,0.044022158,0.5101255,-0.12919347,CUST10561,0.024463939,Low
1.068543,1.1243101,0.42816663,0.35513306,0.20640676,-0.17641157,0.1522237,0.4039952,0.43521923,1.7086368,0.3292837,0.27705824,0.5629822,0.042163596,0.1899763,0.24654597,-0.069284014,-0.43816268,-0.000338085,0.33626717,0.14213529,CUST10562,0.9993111,High
-0.95775795,-0.88572246,0.25046855,-2.1503952,-0.04586977,-0.6964226,-0.009062339,0.16695493,-2.48071,0.7944997,0.14588714,0.26300475,-0.30100235,0.1089699,0.31645033,0.12416974,-0.12739141,0.11496599,-0.019173004,0.2530687,0.1569929,CUST10563,0.0065399962,Low
1.1244938,-0.82251245,0.09614975,-0.4248457,-0.05419724,0.088127166,-0.082679905,0.12739345,0.45657855,0.6361188,0.67367625,2.5877628,-0.23563728,0.20942955,-0.9690626,-0.23444675,-0.031864528,-0.09483592,-0.010536019,0.21247315,0.30565682,CUST10564,0.97102904,High
-0.7852224,-0.066321924,-0.31431553,-0.22453362,-0.070453666,-0.42403984,-0.21393646,0.17301436,0.34661096,-1.5200068,-1.3286172,-2.2562518,-0.6112626,-0.050401896,-0.44581035,0.103738196,-0.0762956,-0.090280086,0.0028023142,0.32157648,-0.2560592,CUST10565,0.00039697046,Low
-0.037370477,-0.6692604,-0.36051726,0.15743972,-0.058402114,-0.2861976,0.16297774,-0.8163265,0.40595123,-1.2598209,-0.51167583,-1.7026601,0.2251458,0.43749213,0.4320984,0.2929265,-0.038729932,-0.16909578,-0.012407089,-0.007436511,-0.61698246,CUST10566,0.011228222,Low
-0.71614933,0.09704294,-0.19735472,-0.31279895,-0.054454632,-0.65873873,-0.075048886,-0.0055860598,0.0020561574,-1.222993,0.3805142,-3.1576385,-0.46875528,0.006224243,0.3404992,-0.04625113,-0.0121666,-0.1742779,0.0019891327,-0.10934515,-0.2321172,CUST10567,0.0012788257,Low
-1.1774137,0.031223262,0.432906,-1.2813351,-0.11118354,-0.14644168,-0.8936728,0.31664523,0.4728352,-0.67293435,-1.7059842,0.16717277,-0.5071022,0.1121918,0.2919716,-0.044155166,-0.11662743,0.0077527147,0.009184282,0.07512926,0.19751187,CUST10568,0.010075642,Low
0.015737243,-2.1814437,-0.03150066,-0.896709,-0.060362123,-0.019723352,-0.12930457,0.27862287,-0.53913087,-0.47122437,0.240675,-1.140047,0.37983128,-0.39220846,-0.41838938,-0.14278598,0.066741444,0.053490095,-0.014929226,-0.3396843,0.20052749,CUST10569,0.0037322612,Low
-1.0818418,0.22428161,-0.15035656,0.8339418,-0.071069196,-0.3082023,-0.16129315,-0.012902815,0.4737884,-1.0496591,0.47694385,-1.0759897,-0.59255457,-0.22503303,-0.28855455,0.038378768,0.002260727,-0.12948266,-0.009829231,-0.060418967,-0.14214107,CUST10570,0.03373454,Low
1.3289517,0.4505199,-0.15878811,0.44982046,0.3709483,0.49522436,0.076330036,0.33800706,-1.2679602,2.4025443,-1.3144767,0.5913892,0.48741508,0.21207422,0.060498998,-0.069712766,-0.057576537,-0.22491841,-0.012362119,0.029435344,0.19542642,CUST10571,0.98710084,High
-0.7873529,1.4492878,-0.3585714,-0.38346994,-0.093284264,-0.15114383,-0.007551696,0.22925796,0.15866837,-0.5936856,-1.400124,-1.3261513,0.7318898,0.12420685,-0.20847555,0.021584835,0.027993836,0.052624516,0.007947138,-0.3883289,-0.0031274823,CUST10572,0.050069004,Low
-1.3370011,0.081788056,0.45236444,0.5465237,-0.056573898,-0.660027,0.20588006,0.2863767,-0.52657336,-2.5672028,-0.19855572,0.2646687,-0.38267058,0.12411926,-0.038860694,0.034869995,-0.004373369,-0.05303837,0.01858978,0.4447265,-0.56271803,CUST10573,0.018471742,Low
0.2268304,-0.106316775,0.100986406,0.44329965,-0.07011044,0.19162507,-0.46390262,0.07990742,0.35656232,1.3348641,-0.09589781,1.1088744,-0.24810085,0.2877213,-0.7879993,0.35507533,0.053195093,0.093077786,-0.012289552,0.6197606,0.12948918,CUST10574,0.9721173,High
-0.37576833,0.49885124,-0.2599063,-1.1738392,-0.028285813,0.12355413,0.37277988,0.19069189,-2.6981885,-1.4819632,-0.11870536,0.062289782,-0.40222594,0.079116836,0.029254027,-0.13183552,-0.09571693,-0.0037997523,-0.0071589514,0.10709594,-0.45534837,CUST10575,0.0029757072,Low
0.032206185,-1.2638136,0.21630491,-0.494205,-0.057064112,0.029450592,-0.08690048,0.13349889,0.016794927,-1.0585655,0.13541073,-2.233049,-0.20519555,-0.16187906,0.21566705,-0.03640854,0.13344437,0.06395516,0.013238677,-0.35795867,-0.03602999,CUST10576,0.006392099,Low
-1.129517,0.28919902,-0.10152197,-0.8755377,0.2604775,-1.2026303,-0.103512265,0.2464287,0.23550779,-2.299982,-0.12044153,1.8054199,0.3640811,-0.18667765,0.0003548162,-0.02112921,0.03470095,-0.090221554,0.019389382,-0.33736867,0.19317175,CUST10577,0.044574644,Low
-0.12278286,0.48762584,-0.17343037,0.45177734,-0.10441184,0.28728426,-0.011805691,0.04063966,-0.82372993,-0.49544114,0.46947467,0.9168488,-0.6333292,0.22144309,-0.55806726,0.07309771,-0.051763926,0.1604779,0.010746308,-0.3862208,0.28735453,CUST10578,0.50015116,Medium
0.26749638,-0.02597334,0.08329813,0.47657576,-0.08815415,0.17740104,-0.032127988,0.123272754,0.4445483,-0.6660595,-0.73255897,1.029253,-0.58400166,0.3054645,0.02773467,-0.08506593,-0.051477864,-0.13754506,-0.023998419,-0.0002006942,0.033446096,CUST10579,0.62155294,High
-0.035309173,-0.31353673,-1.1849871,0.29376003,-0.054440632,-0.6469771,-0.14674604,-1.5770625,-0.1041974,2.2859926,-1.5787808,0.8413937,-0.39071646,-0.1886013,0.11879484,-0.054903533,-0.07224722,-0.069864616,-0.009423567,0.6178964,-0.03415968,CUST10580,0.08712153,Low
-0.09488744,-0.1242929,-0.12812848,-0.11689094,-0.044238172,0.07669885,0.11307409,-0.00293699,0.43061364,-2.098158,0.028605962,-3.0614924,0.37419516,0.07651428,0.31421158,-0.13808914,-0.0458413,-0.33091798,-0.012388743,0.08883796,0.07434415,CUST10581,0.009318848,Low
1.0309962,0.83131766,0.5161859,-0.356561,-0.046228264,0.2696674,0.12888683,-0.2741836,-0.22714055,1.3192822,0.5772315,0.66854393,0.49432498,0.11965137,-0.07552898,0.193391,0.004685277,0.087860905,0.0109000085,-0.09517382,0.20698377,CUST10582,0.9952266,High
1.925946,0.6503076,0.0154107325,-1.0460254,-0.051102385,0.5563203,-0.028682854,0.30854222,-1.2297436,0.07208054,0.30571958,-0.36933982,0.99037856,0.3531273,0.61835015,-0.056952093,-0.031900752,0.037751164,-0.0025502178,-0.4604329,-0.25312188,CUST10583,0.90541553,High
-0.015869416,1.2526115,0.16598664,0.50613165,0.16338734,-0.102001704,0.27368516,0.37911806,-1.5350745,1.944004,0.32365906,2.0092447,0.52693254,-0.62203604,0.16311595,-0.24239996,-0.029332535,0.1744506,-0.0016461234,0.3359398,-0.14561158,CUST10584,0.9958443,High
0.24628007,0.44904506,-0.14897022,0.46541557,-0.064487614,-0.07369179,0.11952145,0.22170433,0.20431364,0.90955263,0.3864804,2.5621605,0.6541113,0.08260574,0.02913098,0.034609966,0.016841734,0.04244209,0.00033068773,-0.76746374,0.10115328,CUST10585,0.9956182,High
0.036988605,0.72137874,-0.18394099,-0.64890003,0.43389294,0.12920368,-0.07354124,0.37776777,-0.34631866,-0.20042263,0.74258316,-0.786467,0.95431525,0.07135063,-0.26530936,0.33448577,0.080644205,0.10378882,0.027685352,0.016173963,0.40880963,CUST10586,0.86863995,High
0.2081112,0.85883343,0.46315476,-0.6203514,-0.06358368,-0.7450428,-0.0319973,0.31450894,-0.45862776,2.5535164,0.4936048,0.52550143,-0.48912224,0.18555811,0.07386687,-0.0522314,0.10749762,0.10525492,0.011736326,0.54847753,0.078144066,CUST10587,0.9823919,High
0.09000321,1.8124539,0.47696036,-0.41038898,-0.037437174,-0.068667166,-0.007954743,0.41418833,-0.11817726,-0.37464702,0.6854203,-0.088774845,-0.53101736,0.29861873,0.18205293,0.13251254,-0.056951348,0.06846716,0.0065842597,0.49889928,0.02164116,CUST10588,0.9501975,High
-0.11040116,0.2803287,-0.30654088,0.29054996,-0.053844176,-0.13457343,-0.059858467,-0.043328576,-0.74593186,-0.7794355,-0.11421083,-1.0267296,-0.61416787,-0.12567377,0.5715485,0.09827617,0.0400214,0.05611071,0.0064466773,-0.27374148,-0.7075567,CUST10589,0.021926375,Low
-1.0287477,-1.2398679,0.38417676,-1.4626896,0.31504098,-0.22288679,-0.1781446,0.3529236,-2.2399518,-0.5258585,0.022122417,-2.3686314,0.36085922,0.3618685,-0.09677008,-0.10059145,-0.115674496,0.058573928,0.00018824264,0.014411787,-0.15965901,CUST10590,0.00036527734,Low
0.26657522,1.6377832,0.0036154825,0.31341782,-0.04296075,0.101223536,0.2840557,0.023843244,0.36559126,-0.37019697,0.3178495,1.600666,-0.45772913,0.32982922,0.18306354,-0.1688128,-0.026440881,0.18231635,0.0005111112,0.53060967,0.21771114,CUST10591,0.994766,High
-1.0448843,-0.70359373,-0.21062891,-0.044083074,-0.057037372,-0.65778565,0.035309754,0.14377446,1.0585163,-1.3188117,-0.18741551,-2.8555076,-0.2977997,-0.0052442965,-0.3291091,-0.08998136,-0.08128797,0.0773352,0.00075516617,0.3660352,-0.6385733,CUST10592,0.001021766,Low
0.042490534,-1.520903,-0.1983042,-0.23131885,-0.07031201,0.06935204,-0.49619517,0.22126962,-0.75594294,1.127759,0.45071518,0.8915287,0.30472076,-0.1983866,-0.097428486,0.09619857,-0.14628804,-0.103544004,-0.044494618,0.38101503,0.053288884,CUST10593,0.43291625,Medium
1.09278,0.4054179,0.53952336,0.44618654,-0.06332298,0.15096131,-0.5823122,0.17581388,0.25589696,2.1496007,1.2932345,1.8741217,0.28769508,0.21278867,0.053817466,-0.09300619,-0.007696267,-0.06703991,-0.0015441047,0.14433275,0.2848395,CUST10594,0.999798,High
-0.7618221,-1.4885471,-0.047993332,-0.36882865,-0.07116178,-0.22621062,-0.3288238,-0.04923686,-2.003681,-0.41541934,-0.094211504,-0.75745666,-0.34527236,-0.036463566,-0.87024564,0.23931791,0.23992896,0.055100426,0.013339473,-0.34688607,0.14893155,CUST10595,0.0005201736,Low
0.28836733,0.2749729,0.7497158,0.3470962,0.39493525,-0.031272978,0.12069574,0.17699322,0.2608868,-0.36936298,1.2728608,2.439795,0.6742676,0.03278397,-0.016308133,0.067890674,-0.05408505,-0.0064796507,0.004901259,0.07794002,-0.1681834,CUST10596,0.99848866,High
-0.1652358,-1.16316,0.6092942,0.2275723,-0.050148014,0.23981039,-0.17945606,0.14648509,0.32814375,-1.3253431,0.11825716,-2.5757003,0.34430397,0.34112328,-0.04267361,0.04532005,-0.031061973,0.22430825,-0.0008883779,-0.04025975,-0.61161363,CUST10597,0.026439428,Low
1.5772591,1.3202467,0.6350902,0.1665009,-0.055279035,0.2085561,0.23893964,0.45082498,0.4840897,-0.6027028,-0.62164426,-1.7697142,0.5858132,0.24547444,0.07507917,0.17620206,-0.03186186,0.14492963,-0.003957522,-0.6198258,0.12919699,CUST10598,0.93631685,High
1.11293,0.55527496,0.3119205,-0.27047694,0.28125888,0.28371006,-0.07409504,-0.024810221,0.056271333,1.0534374,0.7049,0.50891143,0.32401916,0.3056359,0.04492853,-0.31907657,0.06845312,-0.116,-0.00804989,0.106558315,-0.6263855,CUST10599,0.9857146,High
-1.0545526,0.041465763,0.14110342,0.5483027,-0.04305545,-0.22964637,0.0998928,0.006498206,0.8785501,-1.8144258,-0.16315696,-3.2136328,-0.55886126,-0.1790756,-0.05082248,0.26208892,0.010114629,0.020537121,-0.008013812,-0.13226672,-0.25125924,CUST10600,0.0032191991,Low
0.8493713,1.1576267,0.39191085,0.62710446,0.22893466,0.17930879,-0.06632914,0.13519144,0.07000616,1.9769624,0.44271052,0.71881,0.33315176,0.20693327,0.02865671,0.102405176,0.017441299,0.06453433,0.023424342,0.5801463,0.15259494,CUST10601,0.9997186,High
0.1488119,0.58376694,0.043489695,0.51089334,-0.067297585,0.070181504,-0.043088768,0.37752497,-0.31433278,2.3827515,0.6095548,1.0922443,0.59282696,-0.19069847,-1.3901621,-0.302233,-0.040523034,0.017338729,0.003424834,0.015440772,0.23435135,CUST10602,0.9864681,High
-1.0879188,-0.06243101,-0.28674,0.47093487,-0.05085146,-0.09321336,0.26347253,0.18355322,0.20091315,-1.4263971,-0.05447163,-3.2610521,0.7897588,0.062327147,-0.24371351,-0.0972126,-0.024754083,0.04699078,-0.010433178,-0.15848297,0.121282145,CUST10603,0.008462423,Low
-0.16036592,0.32113272,-0.06293236,-1.646371,-0.093102485,-0.13715975,0.059101377,0.12027986,-2.3303304,0.46102324,-0.5878918,-2.9271233,-0.69297767,-0.7034667,0.05375624,-0.031708505,-0.07937223,0.04005568,-0.00073960796,-0.19833438,-0.060940005,CUST10604,0.00016611765,Low
-0.16784579,-0.91383547,-0.014778035,0.67751104,-0.06069984,-0.23303272,-0.05840991,0.066723235,-1.0131437,-0.77753973,-2.028287,0.78446484,-0.46740448,-0.77607787,-0.12786865,-0.1635017,0.06892949,-0.010675976,-0.0008850063,-0.043355152,0.1523031,CUST10605,0.0057511325,Low
1.3526332,1.3492544,-0.23516709,-1.0740365,-0.08174342,0.39385304,-0.20119935,0.0734449,-2.0241446,-0.39727134,-0.92718565,0.20882864,-0.7481327,0.08419477,0.024009705,-0.080660485,-0.082448676,0.023905199,-0.0030188698,-0.3742994,-0.065350056,CUST10606,0.055739243,Low
-1.011523,0.453371,0.70293754,-0.39705414,-0.043474842,-0.3235274,-0.09411154,0.19011645,-0.6406162,-0.59776855,0.0092986,-0.54201615,-0.77317226,-0.22155164,0.2039753,0.023843786,-0.0052520935,-0.103124864,-0.0045042746,-0.08739776,-0.13134575,CUST10607,0.031126369,Low
-0.93059725,0.13992174,0.45541576,-1.2191585,-0.03991712,-0.5483951,-0.14593819,0.13899378,-1.9241023,-1.2248284,0.5081488,-1.8555906,-0.46617138,0.06706829,0.1271381,-0.09904234,-0.09299076,0.051042162,-0.0008414425,-0.1975786,-0.014935847,CUST10608,0.0006633489,Low
-0.7908375,0.041947998,0.4496589,-1.3108045,-0.1127909,-0.7048578,0.1116044,0.085257314,0.17006911,0.14030328,0.5229514,-3.3005106,-0.43503258,-0.08774675,-0.10596046,-0.11652252,-0.05033821,0.10525901,-0.01774818,-0.014317318,0.30526492,CUST10609,0.0057070223,Low
-0.22455238,0.28078946,-0.074947245,-0.18585952,-0.09758197,0.25157434,-0.06729452,0.05382898,-0.7790922,-0.5195182,-1.2382199,-1.7257602,-0.5802273,-0.059658635,0.0004855711,-0.034580525,-0.04073757,0.102606125,-0.011570567,0.33302265,0.009514096,CUST10610,0.0094432905,Low
-0.31281307,0.43690878,-0.122789875,-1.2337483,-0.08640206,-0.48741055,0.33573824,-0.061602812,-2.2755222,-0.2798161,-1.3527817,-1.0059088,-0.65166265,-0.7176225,-0.39298487,-0.021657608,-0.07912083,-0.15883467,-0.004932129,-0.07147257,-0.19775319,CUST10611,0.00015262522,Low
-0.1394235,-1.4525287,0.34374756,-1.5899203,-0.0590609,-0.30350888,-0.3987516,-0.07832902,-2.1636078,0.20324445,-1.0109615,-1.0531397,-0.28501227,-0.17761417,0.3910658,-0.19298196,0.16421512,0.03204661,0.0248299,-0.1696192,0.08534544,CUST10612,0.0003799275,Low
-0.057861004,0.31344414,-0.052957695,-0.6530921,-0.036272496,-0.0390377,0.29357827,0.19570012,-2.4209795,-0.9566104,0.3458831,0.5336934,-0.4087949,0.09375915,0.22828183,-0.18268272,0.030741794,0.07882175,0.004245605,-0.43618247,0.2845219,CUST10613,0.052800868,Low
-0.911227,0.19947027,-0.28197345,-0.08201526,-0.04854712,-0.53321725,-0.07527176,0.24964255,0.05292482,-1.4162722,-0.112024784,-2.180513,-0.40549228,0.15589325,-0.09882018,0.035071462,0.046446122,-0.09523378,0.029141847,-0.22904173,-0.087189734,CUST10614,0.002919462,Low
-0.85249776,-0.86619663,0.113072686,-0.78311723,-0.05323154,0.035728175,0.2003728,-0.09641202,0.12690322,-1.2801543,-0.018757757,-1.8630786,-0.32643995,-0.12659666,-0.46840277,0.18284158,0.09250925,-0.09412277,0.041028213,-0.38998812,-0.1396959,CUST10615,0.0013431131,Low
0.042994212,1.4388633,0.56461066,0.10018234,0.43882522,-0.2612067,-0.16573991,0.30190703,0.20330222,0.51713884,1.4609412,1.0254296,0.4929178,-0.21864456,0.19712923,0.026964014,-0.020804342,0.2775993,0.0015604198,-0.4119953,0.045838617,CUST10616,0.99755836,High
-0.97775567,-0.75265396,-0.26111954,0.36863768,-0.0902236,-0.36429715,-0.35920173,-0.081661046,0.53244656,-0.6903052,0.50918806,-2.7107065,-0.32176393,0.38128194,-0.26153037,-0.17171745,-0.044839665,-0.13285698,-0.0064818063,0.012325401,0.4520908,CUST10617,0.006585175,Low
-0.7921976,-1.0303766,-0.31514895,-0.6390435,0.25593814,-0.43791428,-0.10492893,-0.01844392,-1.065074,-1.5624998,-1.2130897,-0.8885917,0.51397806,-0.15903275,-0.17648973,0.34038797,0.1654879,-0.17155346,0.022103066,-0.22513098,0.11421285,CUST10618,0.000591303,Low
-0.16339439,0.24702106,-0.24909408,-0.45376858,-0.04891221,0.28533167,0.07579779,0.19330937,-1.8142157,-2.0960371,-1.0457258,-0.62944895,0.39020684,-0.098294616,-0.049501956,-0.18293351,-0.039177846,0.029261967,-0.0017708852,0.24512407,-0.014583891,CUST10619,0.004210345,Low
-0.3436567,0.17694002,-0.07989726,-0.29631865,-0.061635412,0.077323265,0.117464796,-0.018892698,-1.526244,-0.6018689,0.09002429,-3.176131,-0.46468824,0.09954638,-0.18661302,0.07477006,0.007371432,-0.06776411,-0.0032487935,0.052828047,-0.080299035,CUST10620,0.0019148954,Low
-0.70211244,0.17237487,-0.3071635,-0.0743272,-0.03434503,-0.14204697,-0.25543204,-0.880316,-0.18973823,-1.6865249,0.40728104,-2.9804819,-0.4258561,0.20774986,-0.09729567,0.0282756,0.0307283,0.013843918,0.006623421,-0.072124794,-0.13120191,CUST10621,0.00077857147,Low
-0.77350396,1.3979107,-0.2359705,-1.044466,-0.038032558,-0.29052106,0.28047925,0.050860442,-1.9728041,-0.6731534,0.15185444,-3.1767738,-0.59993327,-0.45494553,-0.21655256,-0.15796837,-0.060758363,0.024462609,-0.0019212384,0.05825107,-0.2017209,CUST10622,0.00034198846,Low
0.05963352,-0.6017804,-0.0593528,0.12388974,-0.06536308,-1.0900054,-0.032091614,0.28996062,0.4414185,2.6461487,0.36339813,2.3473308,-0.37714142,0.21682063,0.26555598,0.039588656,-0.0719044,0.055060368,-0.005945086,-0.024465619,0.23805468,CUST10623,0.99110764,High
-0.5256906,-1.0880488,-0.24732794,-1.1844943,-0.0442788,-0.45862558,0.016644077,-0.08329517,-0.14245111,-0.7851387,0.14909376,-2.4071386,-0.12011088,0.14143057,-0.6590415,0.026410496,-0.0071541863,0.035292797,0.00469988,-0.29944536,0.40294173,CUST10624,0.000661121,Low
-0.11149442,1.246336,-1.0526837,0.42594638,-0.049774855,-0.097638935,0.15854132,-0.50806296,0.22951376,2.2334433,-0.70773834,0.38991404,0.67599094,0.33705583,-0.016120546,-0.20209394,0.031908367,-0.46355376,-0.00034537725,0.006862759,0.24935605,CUST10625,0.9387841,High
0.030332796,1.5613601,0.048315015,-0.6668643,-0.050829712,0.11760864,-0.09886759,0.033738203,0.2543238,-0.3493612,0.58084595,2.257952,0.516647,0.010753163,0.1728824,0.13596046,-0.031183498,-0.016982984,0.0014926821,0.34661135,0.08621448,CUST10626,0.9925774,High
1.426415,0.27646673,-0.2380768,0.39969197,-0.060544964,-0.10408942,0.16785772,0.21623941,0.10175205,2.3667185,-1.2486768,0.437957,0.8284907,-0.04321321,0.09400315,-0.08887173,-0.03272424,-0.46008304,-0.033442784,-0.009937355,0.2637632,CUST10627,0.98543566,High
-0.6951898,-0.2592194,-0.1599268,-1.3185527,0.30240652,-0.7869373,0.06442908,0.21698792,-1.894969,-0.28980488,1.1016153,-2.600262,0.3436888,0.09124867,-0.13382079,-0.24734259,0.052846953,-0.049616776,0.00040963804,0.04230011,-0.124708615,CUST10628,0.0016761067,Low
1.1164346,0.46479467,-0.051491104,0.31670374,-0.029437555,0.05284601,0.12386535,0.16461952,-0.056295987,2.3703136,0.2448278,0.869354,0.26652208,0.204895,0.074655205,-0.031060088,-0.059935097,0.14159459,0.004932844,0.1712529,0.3283275,CUST10629,0.998698,High
-0.12716046,-0.54351074,-0.15307057,-0.5022838,-0.033700034,-0.21540563,0.07657863,-0.58151203,0.5708736,-1.5170627,-1.076856,-2.1264887,0.28505516,0.26204973,0.4753105,-0.05312647,0.16685247,0.06350186,0.060371622,0.11560437,0.13955377,CUST10630,0.008496182,Low
0.005984292,-1.0906904,0.035724916,0.3287554,0.29980633,0.32306427,-0.10161914,0.18664366,0.5111224,-0.7013967,0.17825662,2.6122262,0.7058991,0.009504917,-0.7938466,0.6966351,0.13251188,0.05630754,0.018469872,0.11621929,0.2719112,CUST10631,0.9771638,High
-0.041350514,1.1005753,0.122531645,0.2528874,0.37048045,-0.3896959,0.23708667,0.2570572,0.39619568,1.1731137,0.30102536,2.566516,0.54125875,-0.23356912,-1.4492259,-0.1240011,0.031904884,0.055297993,0.0010846274,-0.04664248,0.3288947,CUST10632,0.99553156,High
-1.19498,-0.016214028,-0.23148233,0.1950373,-0.050061963,-0.58401906,-0.07903717,0.21209721,-0.09288213,-1.9650738,0.17201483,-2.3099577,-0.3915393,0.16498166,0.0426467,0.038105574,-0.027801676,0.11445476,0.0061237058,0.03647499,-0.69637537,CUST10633,0.0012261233,Low
0.19941613,-0.6216214,-0.38802212,0.45514315,-0.045811705,0.15873353,0.04640086,0.038162988,0.3477652,-0.892302,-0.2136645,-0.96584874,-0.4071971,0.09778724,0.14309032,-0.18322688,0.006564571,0.0831871,-0.01021884,0.32737923,-0.010436509,CUST10634,0.13240027,Low
-0.8074274,-0.6707763,-0.7074717,-0.07189015,-0.061726443,0.007383166,-0.4975213,0.108502746,0.728682,-1.420517,-0.85388744,-2.3343017,-0.3822154,-0.19629176,0.39527285,-0.048582084,0.058459044,0.043009225,-0.029032378,-0.35624686,-0.55158895,CUST10635,0.00045564046,Low
-0.37058383,0.4061396,-0.22620335,-0.50714827,-0.04267683,-0.99778694,0.15021828,-0.043619942,-2.41769,-0.529835,-0.026511231,0.13971463,-0.40245333,0.12176706,0.0936995,-0.008096461,-0.05413945,0.08035015,-0.0092088,-0.027081948,0.019745508,CUST10636,0.009043851,Low
-0.29144606,1.3809434,0.18539155,-1.2516547,-0.037037525,-0.32048258,0.026504444,0.34884638,-2.1416438,-0.772786,0.06404454,-2.285147,-0.47602445,-0.13196898,0.09373403,0.24623676,-0.053808656,0.08546305,-0.00053219893,-0.19509983,0.36951762,CUST10637,0.005474667,Low
-0.03143108,0.71846426,0.07908815,0.5059072,-0.06262968,-0.09850422,0.10300825,0.35768902,0.303795,2.535815,1.3395009,0.57625103,0.24466391,0.3551568,0.1940551,0.036186293,0.00046411643,0.17431016,0.002253077,0.4859744,-0.7016534,CUST10638,0.99915314,High
-0.056948982,-1.1020213,0.04855708,-0.4119594,-0.011536714,0.08302133,-0.09356375,-0.9375483,-0.9711769,-1.6262801,0.19323328,1.6029073,-0.3687323,-0.8322425,0.43974757,-0.37292296,0.20154731,-0.28264794,-0.0018784334,0.33819845,-0.120674595,CUST10639,0.013020747,Low
-0.06838584,-0.13474144,-0.10715815,-2.0770576,-0.09063495,0.118279316,0.24884367,0.06810601,-1.0678189,0.36176026,0.18430029,-2.6799662,-0.42411363,-0.14778675,0.38125247,-0.010755051,0.07599909,-0.3314669,-0.0060021747,0.2833126,0.5571878,CUST10640,0.0073037874,Low
-0.11988962,-0.75427735,0.018541228,0.66860765,-0.07669063,-0.38985255,0.22776283,0.31339103,0.12805015,-0.8245592,0.5598078,-1.1251273,-0.37313497,0.1852408,-1.0389904,0.30872172,-0.0745315,-0.078349836,-0.038735285,0.05358095,0.017907472,CUST10641,0.078876644,Low
-0.90326,-1.490157,-0.13962807,-0.49034837,0.28851336,0.020008165,-0.52997476,0.0017397208,-2.0036523,-1.5418487,-0.84926826,-0.6005831,0.7745325,0.23206683,-0.09318816,-0.19416678,-0.1444742,0.07481348,-0.018286766,0.18670109,-0.23445371,CUST10642,0.0004525768,Low
-0.11798062,-1.4611328,-0.22092327,-0.77432823,-0.09768471,-0.5216067,-1.043291,-0.07308418,0.32267085,0.83823717,0.2602409,0.8900697,0.06312378,-0.5301427,-0.95254916,-0.56468546,-0.056429096,0.098987706,0.030419664,-0.1659984,0.21980672,CUST10643,0.01981189,Low
-0.87914944,-0.24789616,-0.01896238,-0.33736828,-0.045302507,-0.057032887,0.13024262,0.15610614,-0.4747504,-2.4313264,0.03901556,1.300205,-0.42290533,0.25034422,0.012111809,-0.1952584,0.00061461737,0.13704485,0.014094753,0.11132176,-0.110159904,CUST10644,0.04252559,Low
-0.80205667,-0.17557168,-0.83331406,0.56404305,-0.03826023,-0.53681374,0.11485613,-0.9553872,0.22625384,-1.4958794,-0.6138732,-2.5808983,0.29148552,0.003990683,0.49651343,0.26317236,-0.014593279,-0.061149396,-0.010555483,-0.23206785,-0.05777029,CUST10645,0.0015116215,Low
0.20842785,0.17924675,-0.2344126,0.36866134,-0.06791053,0.09574314,0.02764374,0.14592017,-0.28204507,0.7763241,-0.016776426,-1.1282387,0.37250328,-0.41095048,-0.0977479,-0.38780385,-0.044148326,0.011912486,-0.018473348,0.03465261,-0.10170337,CUST10646,0.35106578,Medium
0.031011563,0.3302432,0.69140506,0.11004256,-0.0715228,-0.11601203,0.21727942,0.32174653,0.076463334,-0.42683834,1.4238852,0.76195836,-0.45852843,0.24562168,0.44143936,0.21994366,-0.046619013,-0.20498095,0.0009256881,-0.18657725,-0.6859296,CUST10647,0.93275344,High
0.9659102,0.41035154,0.24148336,0.48824015,-0.044967007,0.16827826,0.2998774,0.31318712,0.09192429,2.2483578,0.31215814,0.588947,0.32528025,-0.13587213,-0.29027498,0.30884096,0.008633665,0.18235129,-0.0064787525,0.040078018,-0.7632025,CUST10648,0.99669147,High
-0.16048042,0.6033525,0.18131346,0.09892078,-0.075059265,-0.44717273,0.0022862265,0.22238815,0.6162551,2.1818597,-1.7074132,0.47149873,0.70430046,-0.36743158,0.32012865,-0.19243254,-0.0145678865,0.02873196,-0.0053944085,-0.058089785,0.108211465,CUST10649,0.9217254,High
-0.7359503,1.7179492,-0.17878222,0.82670015,-0.07946939,-0.35678044,-0.002317334,0.32969695,-0.24602789,-0.4722995,0.70181215,1.5060359,0.55513334,0.122192696,-0.010210622,0.016973263,0.016947716,0.0726342,0.048426062,-0.15005615,-0.005895336,CUST10650,0.9742072,High
-0.7714977,0.231634,-0.92968297,0.03220552,-0.07069871,-0.32970664,-0.2709152,0.24007955,0.09776152,-1.9229176,-1.5055436,0.20548809,-0.53074175,-0.6517335,0.4097783,-0.18321948,-0.044593584,0.13711883,0.035224177,-0.10875556,-0.3807688,CUST10651,0.0017321381,Low
-0.058005232,-0.6664151,0.022391712,-0.6407059,-0.12451993,0.08840353,-0.09903285,0.24709803,0.043488335,0.7429124,-0.9964739,-3.5697615,-0.41883916,0.015820302,-0.18518232,0.22017057,-0.08103086,-0.23068993,-0.047151748,0.11594245,0.13781139,CUST10652,0.003954438,Low
-0.17971005,-1.1579001,0.20495953,-1.6845105,-0.039851494,-0.4187123,0.103548706,0.041820414,-2.7302585,-0.6187481,0.16368936,0.46923694,-0.30743623,0.21914853,0.107837394,0.00702714,0.05468741,0.041349523,0.0034653302,0.12755321,-0.06771881,CUST10653,0.0033158876,Low
-0.7932004,0.8489914,0.2697654,0.6765289,0.41395098,0.12269021,0.14687555,0.09762815,0.36581385,-0.272333,0.5015556,0.5861034,0.91096085,0.21215649,-0.121432334,0.39279234,0.05918443,-0.07455495,0.026922159,0.40516087,0.10233922,CUST10654,0.9920981,High
0.029187921,-0.40533853,-0.118998356,0.2873466,-0.09077613,-0.7685718,-0.08510677,-0.58948475,0.9928128,-0.7725887,-0.90511596,0.5865332,0.22715782,0.057380836,0.035277124,-0.076472804,-0.059660148,0.016810086,-0.003236292,-0.591319,-0.64330536,CUST10655,0.05104518,Low
0.0020259358,-0.2696691,-1.0577636,0.36224905,-0.059940085,0.093940265,0.022505216,-1.0945282,-0.13027866,-0.4482755,0.5017758,0.7648396,-0.412803,0.09240114,0.10381985,-0.06395975,0.04412298,-0.008881655,-0.0058806716,-0.040374856,0.15643087,CUST10656,0.1834079,Low
0.12839532,-1.0573623,-0.3235938,0.14941493,-0.051806804,0.14192349,-0.8115659,0.045987025,0.048494633,-1.9237533,0.15977146,0.59918857,-0.4152295,0.018835058,-0.020245688,-0.14380571,-0.123471424,-0.16921173,-0.026374733,0.122691385,-0.9860599,CUST10657,0.009166768,Low
0.23715699,-1.0340164,-0.018435758,0.24152859,-0.037738614,0.13699552,-0.0047470345,0.005492069,-0.15810418,-1.9890912,0.027968066,1.0499139,0.36617976,0.008157089,-0.04539194,-0.09765239,-0.041673902,0.06265973,-0.0016553444,0.23754537,-1.1734657,CUST10658,0.09333673,Low
-0.8910848,-1.4505053,-0.109953515,0.22085577,-0.048519015,-0.24380992,-0.37077686,0.014634548,0.24600777,-1.991879,-0.5353356,1.2348014,0.19233711,0.1162471,-0.20926806,0.3614837,0.09542576,0.06074907,0.008598541,-0.19895062,-0.09907704,CUST10659,0.025501145,Low
1.1653289,0.65900767,-0.10506445,-0.34318224,-0.047900785,0.23781466,0.012182294,0.29026255,0.02412877,1.9197613,0.34675437,2.0953608,0.337778,-0.2253281,-0.5734403,-0.1940256,0.02437491,-0.30955112,0.0015747473,0.48564157,-0.97775203,CUST10660,0.9916619,High
-0.08804987,1.6351453,0.5866341,0.34018964,0.2908846,-0.062577404,0.046579137,0.18368077,-0.05026745,-1.404604,0.34397388,1.658861,0.89995074,-0.124492794,-0.6442098,0.2844624,-3.9570732e-05,-0.20575453,0.008805019,0.49567717,-0.012752021,CUST10661,0.9842791,High
-0.7481683,-0.82889044,-0.21045028,-1.4050461,-0.0910991,-0.51253724,0.18720596,-0.34664905,0.023451809,0.65943074,0.52036333,-3.1056535,-0.20434962,0.4689274,0.059916884,0.0052332515,-0.091153786,0.08637121,-0.013873786,0.06904604,0.0032129975,CUST10662,0.0039902804,Low
0.1794825,-1.2862523,-0.16688393,0.27343032,-0.035557084,0.10114519,-0.20516536,-1.075994,0.2996519,-1.8683861,0.13929519,1.5090533,-0.3686344,-0.21290697,0.017469892,-0.2169836,0.21638837,0.03441785,0.055663593,-0.49227744,-0.049505237,CUST10663,0.039251182,Low
-0.8949862,0.1310096,0.49727774,0.052176826,-0.07465148,-0.74305713,0.11613412,0.27264917,0.67773354,-0.539371,-0.561892,-2.765794,-0.43662888,0.1940077,0.23391134,-0.12992951,-0.0061107944,0.04581604,-0.0076132114,0.44132966,-0.13777341,CUST10664,0.024579808,Low
-0.76885206,-0.7064,-0.00530575,-1.2590178,-0.04668039,-0.47679457,-0.0962698,0.0017562527,-2.2015812,-0.35991567,-0.6860058,-0.86180323,-0.35106045,0.078166485,0.29740334,-0.0444425,0.27674532,0.19075505,0.028141512,-0.19023831,0.07668387,CUST10665,0.00078432733,Low
-0.009635736,1.3122618,0.13308555,0.10571158,-0.059743404,0.3005021,-0.045460194,0.2955625,0.03970073,0.8584933,-0.037952427,2.0579975,-0.44423935,0.17695358,0.09106639,-0.0639591,-0.011986146,0.120100856,0.011204263,0.124125876,0.2227265,CUST10666,0.9941261,High
-0.028007582,1.362494,0.55420953,0.31804454,0.3687427,-0.22183104,0.26763055,0.29757714,0.29134676,0.51057225,0.5501983,0.72676224,0.9629536,-0.15283665,0.27606148,-0.37793383,0.025192156,0.24219903,0.010275933,0.052337714,0.14629158,CUST10667,0.9978435,High
0.90131986,1.2411978,0.056037895,0.39262503,0.26215574,0.0763555,0.077931486,0.39868098,0.23794891,2.1060297,0.3669065,1.7850089,0.6782384,-0.14798042,0.06586266,-0.03545726,0.0477448,-0.32369608,0.0031034788,0.17023267,0.061918765,CUST10668,0.99977,High
-0.10668394,-1.0010729,-0.2717852,0.4079604,-0.111490905,0.08325037,-0.4669029,0.34493127,0.43863976,-0.44315526,0.30112863,-2.2398732,-0.3334258,-0.12060564,-0.33330905,-0.04882004,-0.11895317,-0.3261403,-0.016113255,-0.4843723,-0.73104846,CUST10669,0.003600673,Low
-0.011250334,0.29121396,0.047144156,0.1615063,-0.102556676,-1.0172504,-0.023161782,0.35020718,0.4278637,0.32948294,-0.96563727,2.4834573,0.3358686,0.18253334,-0.09234001,0.039076194,0.009104222,-0.13117065,0.012914833,-0.6617085,0.14574248,CUST10670,0.8539415,High
1.0816454,1.0943313,0.6647749,-0.13082546,-0.048518058,0.2816905,-0.0017850838,0.5123463,-0.19549623,-0.54392064,-0.41486436,-0.61443245,0.7511481,0.18918718,-0.014051596,-0.039127573,-0.007771875,0.19854945,0.0017166473,-0.69527656,0.30992037,CUST10671,0.9116589,High
-0.96506375,-0.26805604,-0.30033386,-0.36785492,-0.07693842,-0.17231065,-0.10049521,-0.9045898,-0.7180847,-0.47615573,-0.031095836,-1.83901,0.39504606,0.23301782,0.24248041,0.023555905,-0.02920269,-0.007846158,-0.0076321997,-0.09880972,-0.05422529,CUST10672,0.0038005963,Low
1.0473313,0.59717923,0.28208733,0.20772637,-0.04884692,0.27299392,-0.020963438,0.12532541,0.16671899,1.1485093,0.43482232,2.1785486,0.61584675,0.13744189,0.056983657,-0.09849007,0.030150041,0.05701515,-0.0006337827,0.59404975,0.14408378,CUST10673,0.99962294,High
-1.242953,0.27998224,0.5668557,-0.49349692,-0.048699338,-0.3145269,-0.15286595,0.064132385,0.33879414,-2.09721,0.5302262,0.8748889,0.52399194,0.07687971,-0.06891312,-0.1606666,-0.0630908,-0.035140187,-0.0024817274,-0.37689343,0.24048811,CUST10674,0.16716112,Low
0.32915545,-1.0216688,0.14396298,0.72476923,-0.043969575,0.38191077,0.30692706,0.13929738,-1.668582,0.86786824,0.08684642,2.617516,-0.40685406,0.25703332,-0.19896379,0.20965908,0.17995612,-0.08246023,0.009647366,0.6588468,0.06463842,CUST10675,0.9709809,High
1.04863,1.4415982,0.13266605,0.09897543,-0.036826994,0.4204871,0.10304411,0.08365716,0.36566862,2.13902,0.46927533,2.014155,0.18944359,0.3189039,0.223626,-0.077213794,0.025321534,-0.074425966,-0.00018149428,0.5196731,0.115824826,CUST10676,0.99992335,High
-0.13216363,-0.90838397,-0.030973969,0.072781615,-0.07874526,0.31253693,-0.14180422,0.15128767,0.2532408,-0.63821644,-0.9685647,0.25236228,-0.22494654,-0.29015824,-0.3542491,-0.4279537,-0.07246212,-0.26987073,0.0045605544,0.012799485,0.16476575,CUST10677,0.033590652,Low
-0.17703922,0.9008504,-0.51128656,0.09529873,-0.07249329,-1.2919924,-0.12584473,0.31016362,-0.09019693,0.6040058,-0.2549701,1.4955293,0.11860214,-0.38526994,-1.17908,-0.9646119,0.0048641423,-0.13902432,0.0016552762,-0.2776591,0.30541784,CUST10678,0.1573256,Low
-0.5884759,-0.8956238,-0.20269856,0.31912148,-0.08333355,-0.106816195,-0.061845582,-0.8628967,0.30177516,-0.5789854,0.8554297,-0.60966945,-0.36355093,-0.073832706,0.066920474,0.27835074,-0.1378663,0.173453,-0.044918455,-0.33148336,0.28759563,CUST10679,0.06270651,Low
-0.83491415,-0.32201457,-0.02275728,-0.09494882,-0.02419429,-0.2653876,-0.2786219,-1.368938,0.25541446,-2.5350122,0.2157289,1.3652525,0.8935367,-0.063480444,0.2963446,0.01085862,-0.12046635,-0.047292408,-0.051777706,0.06766972,0.045595255,CUST10680,0.050951492,Low
0.24416919,-0.89311796,0.20227341,0.2528295,0.39595458,0.3160084,0.13614163,0.20832217,0.51036125,-0.82896596,0.31816173,0.30550283,0.356135,0.19443713,-1.1312106,0.1153637,-0.00888212,0.022019416,-0.0046291114,-0.004033369,0.27254468,CUST10681,0.7179274,High
-0.087594315,-1.2242165,-0.15433274,-0.544716,-0.06900532,-0.23460679,0.025642717,0.2676365,-2.0597198,-0.461654,-0.41313705,-2.2026422,-0.41764042,-0.17040053,-0.10054934,-0.09920789,0.20633978,-0.2881869,0.0433778,0.43424147,0.13589819,CUST10682,0.00057552237,Low
-0.12970616,-1.3437041,0.5288532,0.66730577,0.23939504,-0.0058690906,-0.97522855,0.15576309,-1.9876897,-0.91497254,0.3616716,0.45418286,0.26230186,-0.33568993,-0.0840964,-0.12328689,0.06402921,-0.3715379,-0.002372622,0.015547093,0.17281815,CUST10683,0.032374687,Low
-1.0785192,-0.25629696,-0.12688856,-0.17141648,-0.055935543,0.14880405,-0.28669536,-0.0013442356,0.28957978,-2.1047025,-0.74784124,0.15302396,-0.54321957,0.052747525,-0.20326446,0.029456092,0.10842194,0.045486387,-0.029719053,-0.24474752,-0.116140395,CUST10684,0.005572112,Low
-0.8398071,0.11911918,-0.45619598,-0.34809974,-0.051280778,-0.16529687,-0.25198242,0.22720239,0.12711902,-1.8367785,0.09391398,-2.9546843,0.4689516,-0.11436524,0.2580431,-0.19351041,-0.009048406,0.11672207,0.01676286,0.18479045,-0.61736465,CUST10685,0.0018868203,Low
0.10207559,-0.13905174,-0.19937302,-0.07441436,-0.10433881,0.6776257,-0.31455517,0.19580027,0.90530217,-0.6268185,-1.0861295,-2.8072116,-0.49147627,0.013185453,-0.18157417,-0.2840257,-0.03511482,0.0547884,-0.0044377805,0.1460218,0.07614287,CUST10686,0.014446338,Low
0.24008398,-0.9232365,-0.11927284,-0.76548994,-0.028477136,0.2149619,0.07958079,0.124878824,0.84300596,-2.1228797,0.031121545,-0.71835536,-0.46086347,0.048223805,0.0306832,-0.27862325,-0.07651843,0.05153567,-0.0020653522,0.6015495,-0.12492196,CUST10687,0.032287303,Low
-0.036917027,-0.10337391,-0.14496504,-0.2970906,-0.03853897,-0.05839512,-0.013968652,-0.63999504,0.38000986,-2.221466,-1.806656,2.0149949,-0.61226755,0.11822267,0.19073686,-0.08708614,0.0060832878,0.013446251,-0.014295561,-0.13001242,-0.04484833,CUST10688,0.027343135,Low
0.02304546,0.6054249,-0.18225811,-0.22158794,-0.06979652,-0.22619562,-0.22496486,-0.021093922,0.6481576,-0.4430223,0.09387103,-0.57942456,0.66388553,0.089942634,0.6900768,0.64144254,-0.06338542,-0.054676972,-0.010048327,-0.2451255,0.46163964,CUST10689,0.82211226,High
-0.10123932,0.4385258,-0.007817138,-0.42077288,-0.069215424,0.049722645,0.18731716,0.17117895,0.09388907,-0.58760446,0.26738244,-3.5954459,0.56575423,-0.15436076,-0.072204374,0.2624494,0.011452533,-0.12860505,0.004619086,0.11025729,-0.22769174,CUST10690,0.037413538,Low
0.1573761,-0.105756484,-0.113554545,0.4946884,-0.055923585,0.27631703,-0.47539753,-0.006683817,0.030270971,-0.6870242,-0.21509431,-1.168169,-0.3468441,-0.18369281,-0.11434305,-0.069480225,0.07509304,0.118563,-0.020984314,-0.013717349,0.15359043,CUST10691,0.0898107,Low
-0.6814865,-0.6575794,-0.23700097,-0.6818464,-0.03253961,-0.328697,0.25816718,-0.73664325,-0.14645627,-0.9436221,-0.9419544,-2.2719874,-0.29604545,0.035827417,0.055523835,0.0014486872,-0.03442267,0.018189266,0.0055034608,-0.1609449,0.11113467,CUST10692,0.00044784532,Low
0.2306969,-0.60794586,0.36516473,0.38320428,-0.044048063,0.09073846,-0.02516706,-0.5523434,0.26610765,0.54176486,0.33617842,2.1132572,0.34653354,0.06893683,0.026926294,0.21055962,-0.011535774,0.09157129,-0.0007634575,-0.06741975,0.04790517,CUST10693,0.97736007,High
0.07607047,-0.82009596,-0.1922276,-1.6134028,-0.062163096,0.35973355,-0.24647535,-0.05781533,-1.7970992,-0.48320785,-0.41319418,-2.3453496,-0.34333375,0.17533845,-0.14820981,0.020795522,0.04380196,-0.0762969,-0.030935248,0.14533502,0.13886377,CUST10694,0.00044586122,Low
-0.13928932,0.15916385,-0.19557682,-0.2201909,-0.036800798,0.26445192,-0.26792824,0.10529427,-1.5506449,-2.8818944,0.5125539,0.65638566,0.33961162,-0.22289215,0.05295338,-0.10914769,-0.061246388,0.04437173,-0.01116815,-0.02764064,-0.6265306,CUST10695,0.013907112,Low
0.09057197,0.35994473,-0.2675544,-1.6940492,0.63042164,-0.3853632,-0.026995504,-0.9159537,-2.0314033,0.58871603,-1.0137277,-2.5205674,0.41460198,0.04935833,0.029309295,0.044810887,0.0039758803,0.024234667,-0.0041755782,-0.054732446,0.06476067,CUST10696,0.0012807839,Low
-0.641686,0.40691987,-0.16870002,-1.1184782,-0.12069483,-0.5276063,-0.06842696,-0.14697972,0.40987,0.22764228,0.16254926,-3.5824127,-0.56343424,0.15747452,-0.2701231,0.017459702,0.050516173,-0.1285194,0.009829538,-0.24214886,-0.09613503,CUST10697,0.001873134,Low
-0.20614953,-1.2728742,-0.19538921,-0.64590496,-0.054185685,-0.3268367,-0.21209699,-0.76171607,-2.2491913,-0.5209663,0.27735916,0.4173707,0.28307718,0.054108534,-0.11077443,-0.11111137,0.07702119,-0.32905632,-0.002890191,-0.22882351,-0.058088243,CUST10698,0.0019807392,Low
-0.31375512,0.47892272,0.5621785,-1.743192,-0.040995557,0.27626073,-0.13192542,0.74024975,-2.3132577,-1.220667,0.06830325,-2.1095679,0.52098656,0.12226031,0.096696466,0.11353478,0.024941409,0.14075026,0.0012023388,0.13246486,-0.13883913,CUST10699,0.008337406,Low
-0.577091,0.46838635,-0.2514351,0.568634,0.3700541,0.40116996,0.18012494,0.3991012,0.38568965,-1.8786323,-0.6180316,1.2729378,0.5367582,0.23585945,-0.42184734,0.5204039,0.077429004,-0.072879806,0.024712723,0.06697364,0.4448097,CUST10700,0.889726,High
-0.00967644,0.067175396,0.18307313,0.7266669,-0.050551943,0.15136571,-0.045986466,0.295853,0.38976103,-0.79458416,0.43904486,-0.7357006,-0.7426906,-0.05996263,0.043112557,0.025615664,0.017115133,-0.14208108,0.0032518767,-0.5444393,-0.12682024,CUST10701,0.27775204,Low
-0.9661655,-0.8535258,-0.056203227,0.4080964,-0.05953055,-0.36496937,-0.13119423,0.18604623,0.7512967,-1.758169,0.23697275,-2.1990802,0.62497795,0.24339032,-1.1644843,0.17632677,-0.082430266,-0.045377158,-0.011794053,-0.07688913,-0.20067923,CUST10702,0.0045477543,Low
-0.7056204,1.3758665,-0.4204092,0.33657748,-0.06354524,-0.09734593,-0.10458533,0.34262568,0.21008794,-0.6893399,-0.097065,-2.1208527,0.50815904,0.13933513,0.2859613,0.18743944,0.026652854,0.104309775,0.017625818,-0.31285277,-0.55522954,CUST10703,0.1574417,Low
-0.015661906,-0.62425137,-0.15487218,0.8582846,-0.06314305,0.04777194,0.043479715,0.05167887,0.20405936,-1.589637,-0.14428966,-1.8602607,0.55906034,0.027624564,-0.19535449,0.1668713,0.20548455,-0.08923345,0.035342094,-0.45230258,0.28038684,CUST10704,0.05985311,Low
-0.09462056,-0.90722585,-0.62557995,-0.6341116,-0.055487767,-0.290701,-0.05851551,-1.277628,-1.116566,0.40691513,-1.1094853,-0.68521124,0.4350807,-0.16009726,0.37581292,-0.20996198,-0.15434644,0.07348292,-0.046405315,0.065974735,0.2065196,CUST10705,0.0027120304,Low
0.24964358,1.9827075,0.05156047,-0.6144976,0.25242615,0.89486355,0.29520977,0.3281051,-0.22673635,-0.82368207,0.22831585,-2.5024264,0.6972384,0.26875418,0.09729162,0.17465265,-0.011890093,0.07919155,-0.0026190164,0.05166603,0.2681981,CUST10706,0.84459084,High
-0.89200795,0.23620288,-0.21416785,-0.68786645,-0.036273386,-0.18764248,-0.07712861,0.11354259,0.11297389,-1.3549738,-0.17229675,-3.0316265,0.44274136,-0.025685776,-0.14563367,-0.0341819,0.04241051,0.14466017,0.00938922,-0.25356543,0.38148305,CUST10707,0.0034195178,Low
-0.7592248,-0.6782797,-0.16821948,-1.2322099,-0.04133001,-0.2162878,0.025696706,0.051668648,0.022062058,-1.4566281,-0.024330556,-1.7298025,0.45112503,-0.19322857,0.62930924,0.07742062,-0.11008029,-0.072891295,-0.027543997,-0.06352401,0.0756661,CUST10708,0.0041280477,Low
-0.9850764,-0.97190815,-0.1860587,-0.6705122,-0.040528987,-0.56028116,-0.14237079,0.09366129,-2.3634999,-1.9579175,-0.8425291,0.20790023,-0.38803563,0.070735365,-0.0892966,-0.19230789,-0.16240162,0.074651495,-0.018393591,0.4044891,0.06653984,CUST10709,0.00016683705,Low
-0.60875386,0.34545186,-0.19711237,-1.3305159,-0.061626386,-0.0060332874,-0.15550111,-1.194731,-0.7188918,-0.47381315,0.5175668,-2.7131095,-0.57869864,-0.21161345,0.19669622,-0.08408076,-0.058052205,-0.31950897,-0.011234969,-0.04604472,0.12211229,CUST10710,0.0004841273,Low
-0.9372531,1.0837216,-0.077695586,0.5000086,-0.034144837,-0.1952297,0.3547852,-0.4875176,0.43304938,-1.6648133,-0.023988891,-3.0422082,-0.49914688,-0.34042853,0.25853175,-0.16411893,-0.03524418,-0.40995646,-0.024435852,-0.045798358,0.1665592,CUST10711,0.005322346,Low
-0.8124979,1.9673588,0.10944939,0.19790547,-0.05228539,-0.11216195,0.36242005,0.30412996,-0.49547133,-1.626937,0.52354795,0.5117778,0.51921856,-0.015571669,-0.0011444306,0.013149677,0.042257376,0.09164484,0.011770191,-0.30904195,0.55203253,CUST10712,0.85022545,High
-1.2499031,0.27369052,-0.12637323,0.14176974,-0.069265015,-0.40393227,-0.1412367,0.03374117,-1.0446539,-1.0030764,0.63711303,2.0429683,-0.66031086,-0.27483204,0.2184792,-0.020531427,-0.06466946,0.12416446,0.018438056,-0.011641607,-0.06425144,CUST10713,0.15584232,Low
0.16930154,0.12731497,-0.17007376,-0.57108366,-0.06497608,-0.19797213,-0.20882355,0.023214879,-0.11388367,-0.7522315,-0.12288751,-3.3968892,-0.5082523,0.16819446,0.00016299868,0.10079996,-0.047199555,0.13312635,0.006796134,0.15909778,0.14731961,CUST10714,0.005685543,Low
0.06963046,0.6382321,-0.21744105,0.3563152,0.18584807,0.5098695,0.041863605,0.027234174,-0.20866951,-2.0963385,0.22796944,1.3544546,1.0593525,0.081125915,0.13114393,0.16782328,0.010745945,-0.03172541,0.0041605933,0.19437376,0.07193849,CUST10715,0.92640436,High
-0.8759525,1.1968687,0.39728856,0.36845234,-0.06968734,-0.19598146,-0.12698393,0.07062217,-2.383559,0.943808,1.631768,2.031882,0.36796737,0.14069995,0.21436144,-0.1325724,-0.045598045,0.08203001,0.0070408206,-0.3186257,0.078688845,CUST10716,0.96568763,High
-0.16853355,-1.0460293,0.14085694,0.79903316,-0.07301395,-0.3743613,-0.032840487,0.13359195,0.14567138,-0.35408184,-0.12858793,-2.3611584,-0.20230062,-0.15764265,-0.140338,-0.036062934,0.15315239,0.13036568,0.0017133649,0.18213429,-0.113451,CUST10717,0.028002335,Low
-0.9647341,-1.1225251,-0.19355139,-0.13498588,-0.033206593,-0.3015254,0.33019337,0.113132454,-0.93285286,-1.5001967,0.15752846,-1.7074714,-0.2388636,0.2176908,-0.16398881,-0.2472597,0.047171764,0.06131047,-0.0038451073,-0.041515436,-0.12384444,CUST10718,0.0010812877,Low
-1.2703457,0.0017207335,-0.02794788,0.1758666,-0.06634707,-0.85458827,-0.065501824,0.17775597,0.28629166,-2.0202875,-0.81503737,0.81348234,-0.5357106,0.25165346,0.049155574,0.015359424,-0.003822742,-0.17844743,0.018617585,-0.10003668,-0.03409322,CUST10719,0.014379815,Low
-0.8390561,0.5476358,-0.17457221,-0.44987202,-0.028303364,-0.38383764,0.24645102,0.23385999,-2.2666197,-0.8445683,0.020334674,-0.89869845,-0.60200685,-0.33406764,-0.028639007,-0.14319876,-0.07849949,-0.22540934,-0.0038673175,0.24762167,-0.0006638523,CUST10720,0.0023495906,Low
1.2469473,0.34782657,0.036906846,0.045401778,-0.071841694,0.38334814,-0.48297575,0.1751159,0.83307046,1.4603195,0.3542381,1.3513596,-0.26865014,0.24659842,-0.397248,0.07456085,-0.029759664,0.05680747,0.00033812434,0.15011497,0.09527934,CUST10721,0.99617577,High
-0.9679099,-1.3453764,-0.025550444,0.18543538,-0.033677336,-0.6594028,-0.06647405,-0.019223083,-0.6111644,-1.1150295,-0.3358827,-2.4223251,0.6300597,0.17564908,0.07900311,0.036657725,0.03919478,0.1880511,0.008100858,-0.10887419,-0.27456102,CUST10722,0.0012436232,Low
1.2530953,1.3680645,-0.19707178,-0.4112676,-0.06786167,0.3944125,0.273902,0.35201275,-0.27795112,1.8631505,-0.512089,-1.9577745,0.88927233,0.041922715,-0.09135556,-0.14143047,0.064937636,0.050780673,-0.0013786834,0.21410963,0.17078218,CUST10723,0.96206033,High
-0.9533366,-0.7545686,-0.3878207,0.42396635,-0.043766934,-0.26478267,0.01182641,-1.1161857,-0.9366739,-1.9045447,-0.10563977,1.5669928,-0.6473099,-0.43557185,0.26998287,-0.03244611,-0.12287025,0.021007877,-0.033739608,-0.061743367,0.04300396,CUST10724,0.0040322095,Low
-1.1735973,1.5209405,-0.39834553,0.18572178,-0.050518792,-0.45714718,0.059710097,-0.13823637,0.52078253,-1.7454407,-1.0181102,-1.5915598,-0.5131223,0.09819757,0.15743168,0.0114436485,-0.006930899,0.05810453,-0.011285253,0.3922758,0.15307951,CUST10725,0.018131863,Low
0.15598632,0.4402558,0.73492616,0.18314333,-0.07586116,0.3258473,-0.5087289,0.11927973,0.22867203,0.8072082,1.1443001,0.7805722,0.31056955,0.10384758,0.1177576,-0.10514704,-0.029645745,0.18217134,-0.014892369,0.0820843,0.038468417,CUST10726,0.9931432,High
-0.16271043,-1.3102502,0.07925611,0.017424013,0.4421497,-0.13389497,0.12677798,-0.6381916,0.50984865,-0.34746945,0.15563448,-3.110305,0.2812731,0.11759096,-0.26236644,0.01662254,0.12773818,-0.023356851,0.012910303,-0.109294966,-0.070802465,CUST10727,0.013040145,Low
0.8737386,0.5134311,-0.21912467,0.379747,-0.0668325,-0.37737283,-0.039008304,0.46295425,0.05157289,2.768959,0.5979422,0.5721753,-0.5165866,-0.24857666,0.0026725233,-0.13369393,-0.018012073,-0.14101866,0.0055942433,-0.6187736,0.07315043,CUST10728,0.97972244,High
-0.048459545,-1.0126572,-0.13542436,0.17958276,-0.073313706,0.14549166,-0.5192833,0.3041211,1.0408062,-0.7633362,0.23687945,-1.2379465,-0.43792367,0.014588933,0.23695803,-0.031055702,-0.08973624,0.07997809,0.007171477,-0.46545926,0.2513445,CUST10729,0.086049326,Low
-0.12148455,0.6337342,0.10763758,-0.03446332,-0.06553985,0.034212496,0.04182548,0.41259906,-2.2427535,-0.56307423,0.49202704,-0.7957715,1.0911539,-0.36689964,-0.013354717,0.023481462,-0.010581014,-0.09466267,0.0023846393,-0.40747622,-0.47098488,CUST10730,0.08369487,Low
0.017144283,-0.49226302,0.06585213,0.7415171,-0.0433712,-0.027961515,0.2350348,-1.110346,0.12142353,-1.2805094,0.33426479,-3.067652,-0.45637527,-0.48368412,0.48834807,-0.13184561,-0.109577924,0.0036868008,-0.0030171862,-0.1768589,-0.107428394,CUST10731,0.003955045,Low
-1.1396275,-1.1303371,-0.09121938,-0.061919816,-0.04111321,-0.2743539,0.19560236,0.05519031,0.19981141,-2.1881917,0.111638084,-0.61357415,0.37736166,-0.14349046,-0.1499355,-0.21631527,0.14277013,-0.43672138,0.013659989,-0.36473393,-0.1413188,CUST10732,0.0026198805,Low
-0.19331904,0.15213904,-0.15965433,0.10058504,-0.060573637,-0.35002145,0.37158167,0.11276013,0.52408457,-1.2528961,-0.6982819,-3.1642969,-0.5108641,-0.3171177,-0.056220848,0.0002461463,-0.02939258,0.14550963,-0.003297843,0.10262953,-0.10741986,CUST10733,0.004325025,Low
-1.1863581,-0.80892867,-0.13186754,0.4171705,-0.05750978,-0.39406905,0.021927688,0.037790164,0.17774807,-2.2443256,-1.1436754,0.36401835,-0.3579823,0.06852131,-0.030072456,-0.06974709,0.025183437,0.03319116,-0.018166661,-0.08528679,0.31307483,CUST10734,0.0059728203,Low
-0.69155276,-1.3184383,-0.15574683,-1.3880696,-0.07247825,-0.0033970214,-0.123056084,-0.06469079,-2.2605724,-0.19645257,0.070498705,-2.0521798,-0.3849098,0.36496904,0.32942528,-0.095892325,0.20864889,-0.19036388,0.012508413,-0.354206,-0.1329653,CUST10735,0.0001946516,Low
0.019043822,-1.3768752,0.45575285,-0.64769226,-0.030994268,-0.021300673,0.0075407224,0.19828801,0.6964677,-1.7320215,0.46644482,1.0058904,0.25534868,-0.33648506,0.056465022,0.02231371,-0.06820327,-0.1833812,-0.0011118287,0.09383738,0.0018666754,CUST10736,0.23794353,Low
-0.09905124,0.13580033,-0.33679968,-1.4025575,-0.060363002,0.007459987,-0.21586907,0.12748241,-0.0061952407,-1.2027301,-0.10959511,-2.5207572,-0.79455274,-0.44223103,-0.14231516,0.0794442,-0.01842998,0.018888263,-0.0098872855,-0.2831817,-0.158051,CUST10737,0.0005646852,Low
0.25904596,-0.87612444,0.09912411,0.9035187,-0.07372326,0.24163312,-0.44487745,0.42146233,0.7310306,-0.48097268,0.56949174,0.5024424,-0.15423739,0.41406602,-0.6948742,0.65197116,0.20195803,0.0835562,0.04288436,0.18374105,-0.38197476,CUST10738,0.89603806,High
-0.068679556,-0.67748004,-0.40537024,-0.451581,-0.04447467,-0.12117344,-0.3294387,-0.872265,0.5258314,-1.3927702,0.11616964,-2.8693275,-0.32166493,-0.32275116,0.3910996,-0.085250124,-0.18103604,0.15575683,0.037171397,0.042539295,-0.07275954,CUST10739,0.00091777765,Low
-0.10983404,-0.6824753,0.05630345,-1.6282008,-0.09806771,-0.23476222,0.25296164,0.012991731,0.005818598,0.5663991,0.23027411,-3.6850216,-0.30684224,0.17893699,-0.35520652,0.2656265,-0.05863607,0.129182,-0.012490623,0.23996808,-0.0755032,CUST10740,0.0047080573,Low
0.0053953417,0.011597255,0.74246174,-0.33053878,-0.03739078,-0.0018807128,0.35110328,0.7393859,-0.26422447,-1.0967617,0.2031591,-0.35402927,0.6768498,0.033900548,0.066188216,0.31037727,-0.0025802692,-0.17048429,0.011201574,0.13017589,0.29651308,CUST10741,0.7816377,High
-0.9045548,0.38140938,0.179038,-1.816244,-0.059328794,0.046219166,-0.11163841,0.18712509,-2.5478566,-0.47934332,0.5228187,0.6656913,-0.5477535,0.23326708,-0.34315002,-0.0011232443,0.02057416,0.0883659,-0.013726797,0.40649953,-0.111442216,CUST10742,0.014058953,Low
-0.16991763,0.0371921,-0.28735068,0.21130769,-0.052677184,-0.12524556,-0.48051572,-0.022911845,0.96402574,-1.5619527,-0.8840703,-0.6530375,-0.5668618,-0.6170103,0.45643464,-0.30705085,-0.07919206,0.05169069,-0.014284295,0.019209225,-0.12893148,CUST10743,0.013976086,Low
0.94850427,1.2810186,-0.3447003,0.21307467,0.283787,0.14829582,-0.014130363,0.34276742,-0.46663433,1.0070281,-0.9099335,2.0417888,0.78680617,0.1758644,0.20138426,-0.0169928,0.06329354,-0.3631957,0.0011432371,-0.289071,0.11869567,CUST10744,0.9943116,High
-0.9237923,-0.7929012,0.038750738,0.10896893,-0.08028222,-0.3834238,0.18825066,0.12853895,0.0026655989,-0.5754086,-0.16885605,-2.1658251,0.46746707,0.30114135,-0.16767202,-0.23228635,-0.035821598,0.043439154,-0.023391731,-0.06685285,-0.22515047,CUST10745,0.00987695,Low
-0.96122015,-0.13479051,0.5614196,0.26986474,0.34068382,-0.35741678,-0.1116558,-0.061752193,0.47605568,-0.8040725,0.45578346,2.1318395,0.9169405,0.064598955,0.34403202,-0.44013014,-0.036867924,-0.03447867,-0.0143501535,-0.030490119,0.072418146,CUST10746,0.9309407,High
-0.1058597,-0.9720729,-0.42046866,-0.6193269,-0.030214582,-0.12474136,-0.29747546,-0.5024305,0.4042679,-2.0689816,-1.1266656,1.0883055,0.2769378,0.1276687,-0.15219454,-0.1981773,0.001995158,0.005832674,-0.008657001,0.74852085,0.063602425,CUST10747,0.018792646,Low
0.0424957,1.2546265,-0.028876342,-0.5644362,-0.066234946,0.2906062,0.031682935,0.19705084,0.17917807,-0.53736526,0.68985635,2.8656623,-0.54758805,0.23527782,-0.73348004,0.2695186,-0.021034518,0.087097965,-0.016088849,-0.51945513,0.07549796,CUST10748,0.9584655,High
-0.20557363,0.19589889,-0.17418487,-0.84887916,-0.05966354,-0.30850682,-0.21250048,0.012356538,0.2426714,-1.5686449,-1.1176687,-2.7390332,-0.48012516,0.06695766,-0.2669718,-0.0654071,0.004466803,-0.27070934,0.0049580503,-0.4142067,-0.08925988,CUST10749,0.00023890431,Low
-0.8709758,0.5452617,-0.13116138,-0.19751121,-0.047652613,-0.14308803,0.43428227,0.25936872,-0.18265855,1.698824,0.006019516,0.6319855,0.46419773,0.062165927,0.17331678,0.11767678,-0.04665403,-0.11418905,-0.0067228153,-0.17729598,-0.4673829,CUST10750,0.87681663,High
-0.90969193,0.115009926,-0.15959889,-1.0298634,-0.05245997,-0.2757052,-0.13612267,0.013198849,0.48446003,-1.2592547,-0.58639884,-2.5542772,0.74685395,0.07302592,-0.17877439,0.08118007,0.012920353,-0.15360372,0.0019686213,0.042279672,-0.08379317,CUST10751,0.0028606812,Low
-0.8469449,-1.0376123,0.06049393,-0.91059786,-0.025490357,-0.24840254,0.15398103,-0.51630324,-1.8643054,-0.8672449,0.049648214,-2.3061845,-0.1835519,0.079988465,-0.15792274,-0.1525758,0.26441875,0.032019623,0.017122632,0.0094206855,-0.30972108,CUST10752,0.00014996705,Low
0.04070658,0.52429,0.48199636,-0.7488923,-0.057473306,-0.4462427,0.10869297,0.18300754,0.3388133,2.223088,1.4430109,1.992292,-0.400531,-0.118529625,0.17753068,0.108713895,-0.0055194055,0.12218107,0.012024734,-0.011316772,-0.12726548,CUST10753,0.99696773,High
-1.0699804,-0.7026913,0.1531887,0.469862,-0.048249304,-0.2625321,0.1806565,-0.061090786,0.9387816,-1.7273356,0.27781203,-2.725703,0.36770868,-0.12871292,0.42381418,0.02527217,-0.057225186,-0.055939753,-0.0007402599,-0.1736889,0.09802382,CUST10754,0.015922805,Low
-0.046281397,-0.57277596,-0.04184267,0.44391695,-0.07199521,-0.20176089,0.17652938,-1.0902753,0.17214184,0.3465469,-0.089200675,-1.1379497,-0.4768616,-0.3100806,0.25328577,0.10089388,-0.10638602,0.10002098,-0.030026516,-0.03065082,-0.20172366,CUST10755,0.05418424,Low
1.1065009,0.85549694,-0.27979726,-0.06855227,-0.049868315,0.34223485,0.30145255,-1.3940184,0.31368548,-0.45715836,0.21646212,-2.5175185,-0.5609614,0.2917335,0.06305858,-0.15110047,-0.021396635,0.11361196,-0.008587967,0.30419984,-0.038661167,CUST10756,0.15651809,Low
-0.08676046,-0.26803428,-0.4436963,-0.24782561,-0.03285036,0.46067503,0.03488285,-0.6241943,-0.6378175,-1.4109839,-0.9894997,-0.9854383,-0.36143136,-0.03817211,-0.040851604,-0.030313335,-0.08090112,-0.024673676,-0.008986834,0.18054532,-0.29023883,CUST10757,0.002543291,Low
-0.071116,0.45738888,-0.2471444,-0.19272767,0.25464404,0.15255332,0.10559666,0.069722965,0.11349218,-0.44822556,-0.1714608,0.66887045,0.5453719,-0.33227813,-0.29331663,-0.56401557,0.0042503094,-0.054968577,-0.008712377,-0.3623083,-1.2225614,CUST10758,0.1621758,Low
-0.15177396,0.13575444,0.2203769,-1.1505132,-0.0450031,-0.044407833,-0.104814306,0.12007489,0.2159787,-0.94383633,0.20935437,-3.3738604,-0.6415611,-0.56685954,0.07333476,0.08649286,-0.039754096,0.006955114,-0.007265863,-0.20322855,-0.041996956,CUST10759,0.0018481198,Low
0.9699988,0.32151127,-0.21884742,-0.5419511,-0.07538673,0.14619143,0.19735684,0.0552561,-1.0548425,1.1999975,-1.5040369,-1.0686101,-0.45170578,0.1957586,0.044519547,-0.06826731,-0.028887412,0.025199534,-0.03990775,-0.77328897,0.08604169,CUST10760,0.067290016,Low
-0.6790736,-0.5819686,-0.32399136,-0.33255988,-0.04279052,-0.08195509,-0.18162557,-0.7022013,0.07527263,-1.3762633,-0.37333593,-2.5380325,-0.5294583,-0.18696235,0.054295614,0.40198672,0.042953975,0.02386658,-0.0057627475,-0.16830945,-0.1295472,CUST10761,0.00046146332,Low
0.13943051,0.19987532,-0.19240128,-0.52275944,-0.08887357,-0.13112241,0.028327605,0.10680138,0.39146852,1.2764169,-1.0498742,-2.9550757,-0.46627644,-0.34440038,0.4054774,0.0760881,-0.006155497,-0.3734357,-0.052376114,-0.15057206,-0.011832323,CUST10762,0.022610927,Low
0.22067566,0.4199116,0.44868,0.50787747,-0.05936894,0.009749575,0.014287577,0.34451497,-0.43544358,2.2715461,-0.14501584,1.036584,-0.45217556,0.29705274,0.16548029,-0.19056432,0.023464087,0.05065622,-0.01176442,0.013403802,0.054977052,CUST10763,0.98943245,High
0.044672307,-1.0297962,-0.13576607,0.5279747,-0.08020584,-0.16234702,-0.1892981,0.36677983,0.5503302,-0.49097273,-0.76163834,2.735417,0.2783093,-0.16791221,-0.05925132,0.21034892,-0.005496183,0.14516032,-0.007509173,0.002031977,0.17425795,CUST10764,0.86988103,High
1.0416557,0.5242438,-0.012420668,-0.03972293,0.36439458,0.25146142,0.08732288,0.33494213,0.22230934,1.1269999,0.37027195,1.9811262,0.27710867,0.11367185,-0.7103149,0.26645464,0.0073407907,-0.12809952,-0.0052286875,0.32158944,0.2722037,CUST10765,0.9986712,High
0.1916548,-0.018353578,-0.3929838,0.22473347,-0.087749824,-0.28970054,-0.025074381,0.094487324,-0.18660222,-0.6653806,-1.0847719,0.51530397,-0.49751094,-0.18740563,0.023878245,-0.07339157,0.016662914,0.05020026,-0.0053788023,-0.045046706,-0.80753046,CUST10766,0.035738166,Low
-0.88022935,1.3980699,-0.24692218,0.19378926,-0.062116306,-0.51132107,-0.08123853,0.30880094,-0.6650777,-1.5147848,-1.474067,1.7973542,-0.6053617,0.01216417,-0.20154186,-0.13028418,-0.03348778,-0.15840629,0.01477636,-0.046533365,0.20906761,CUST10767,0.061656844,Low
1.31819,-0.06295344,-0.058479708,0.42910585,-0.048062235,0.4205825,0.09754754,0.20355992,-0.07252324,0.4107302,0.32775918,0.39468807,-0.28949916,0.10931095,0.25492287,0.32625902,0.030000601,-0.19879855,-0.0023823855,0.7054941,-0.83120024,CUST10768,0.9682952,High
-0.2924145,1.0584633,-0.2868093,-0.92530566,-0.021670517,-0.18648495,0.2651548,-0.9504964,-2.0796626,-1.0531224,-0.37302378,-2.5895338,-0.53346485,-0.42451993,0.008811259,0.0066955965,-0.08039337,0.009397235,-0.011750246,-0.21444902,-0.2711388,CUST10769,0.00012452221,Low
0.0123956,-2.1311102,-0.21792038,-0.8462086,0.3042743,0.15208831,0.2059981,-0.04122407,-0.6854082,-0.372794,0.16390711,-0.9004115,0.4011281,-0.3228575,-0.34791163,0.15843777,0.12918834,-0.3205916,0.020667754,0.24431099,0.20254962,CUST10770,0.014249607,Low
-0.17170972,-1.023619,0.17070533,0.38548017,-0.057724483,-0.79320776,-0.38823074,0.35861278,-0.41110143,2.2701244,-1.2143627,2.3365679,0.2562842,-0.23914108,0.34339818,0.055224236,-0.026892817,0.20794737,-0.031836633,0.5558291,0.13989054,CUST10771,0.93565905,High
-0.17608383,0.47494718,-0.21031816,-1.4305192,0.2009021,-0.09035622,0.20124932,-1.0199076,-2.1488152,-0.21495801,-0.14398451,-1.1269969,0.43830538,-0.03594684,-0.07013384,-0.17719363,2.0328764e-05,0.030235365,0.0012694513,-0.061893374,-0.11521591,CUST10772,0.0032670968,Low
-0.11016188,1.0506488,0.3566113,0.74496454,-0.04003029,0.06007919,-0.05069179,0.10345854,-2.018663,1.5262303,1.5980666,2.590454,-0.28561404,0.28546444,0.16885059,0.089486375,-0.050638814,0.094066456,0.015133198,-0.25007766,-0.025206454,CUST10773,0.99700326,High
-1.2439326,-0.08324965,0.23234656,-0.11251274,-0.04403558,-0.68143517,0.12908998,-0.06716701,0.3919153,-2.4352674,-0.13024066,-0.6241733,-0.36700904,0.17796113,0.04655851,-0.065127656,-0.030745262,0.01754807,0.0031666309,-0.41218114,-0.39512956,CUST10774,0.0032082926,Low
-0.9939723,-0.9351841,-0.32032034,0.5586699,-0.053077642,-0.47232038,-0.5963409,0.21433729,-1.0469339,-1.6803668,-1.3808789,-0.45427096,-0.32329583,0.09392013,0.06848591,-0.08936233,-0.12953313,0.18876946,-0.03973344,-0.06521677,-0.10741743,CUST10775,0.00049560895,Low
-0.11159106,-0.93325466,-0.17526309,0.4073827,-0.020476986,0.09185195,-0.30892405,-0.6865437,-0.69811916,-2.3881512,0.15117927,1.9031049,-0.3487224,0.13927251,-0.09167218,0.2157393,0.22355647,-0.1925817,0.037136786,0.039763533,-0.54507154,CUST10776,0.03433783,Low
0.24963784,-0.044076454,-0.41510987,0.032168463,-0.09512745,-0.17633966,-0.059822667,0.24734388,-0.0139125055,-0.053305566,-1.9209012,0.12918313,-0.50465375,0.17653593,-0.20927976,-0.08371042,-0.021350212,0.051995307,-0.014113968,-0.09324573,-0.0025408287,CUST10777,0.05386992,Low
-0.057042018,0.33569294,-0.096143275,0.16669746,0.6863741,-0.27166405,-0.3443607,-0.059108436,0.5719363,1.9585428,1.2943891,-4.0929995,0.52315986,-0.1497822,0.49143738,0.10453811,-0.017688952,0.07200428,-0.011707355,-0.10809963,0.025289446,CUST10778,0.7263701,High
-0.01622176,-1.1952572,-0.43269467,0.45125362,-0.05240188,0.097415216,-0.39061335,-1.2285459,-0.063970454,-0.6599099,0.2818856,-0.80590487,0.4663045,-0.4445433,-0.2250485,-0.73884207,0.021171637,-0.045363642,0.0031664176,0.32086974,0.21547812,CUST10779,0.011129557,Low
-0.97684383,-0.91489613,-0.70604897,0.4261152,-0.06648161,-0.6643478,0.04731213,-0.5808591,-1.9688517,-0.56949234,-1.1905997,0.5746255,0.14843659,0.25498766,0.0939176,-0.08523189,-0.11417765,-0.15772717,-0.014346546,0.131597,0.07717157,CUST10780,0.0018312486,Low
0.90309477,1.3612043,-0.5952282,0.017394023,0.24847451,0.25228924,-0.045677148,-1.1095847,0.16886094,1.7810694,-0.81318414,1.8077389,0.72915214,0.16632701,0.14601569,-0.10577579,0.07845078,-0.0031554103,0.0019325637,0.53466624,0.010442222,CUST10781,0.9958864,High
-0.023040945,1.2637126,-0.014674262,0.35315287,-0.06938839,0.16804004,0.05882733,0.08275447,0.38337943,-0.55867046,-0.14710784,2.4538436,-0.66284853,0.32729852,-0.30006915,-0.0072967857,0.011635954,0.027056517,-0.000995501,0.09482271,0.05932708,CUST10782,0.9693673,High
-0.19854964,-0.7248059,-0.2623222,0.036210127,-0.06714041,-0.46317977,0.21450984,0.10532134,0.056099113,-1.4386085,-0.8705574,-1.9222339,-0.35939175,0.21147914,-0.21639605,-0.21690619,0.12741615,0.031748176,0.00041996827,0.16164601,-0.42683446,CUST10783,0.0018938269,Low
0.020014912,0.25269347,-0.3548313,-0.86237895,-0.08010027,0.20057963,0.17155421,0.14442421,0.67849165,1.0243381,0.5767912,0.7556289,0.4844975,0.029603284,-0.23613691,0.33775708,-0.054577038,-0.14876582,-0.012532605,0.029220516,0.017299294,CUST10784,0.9492321,High
1.1743771,0.48522702,0.039022766,0.2962805,0.3914282,0.45452622,-0.13590688,0.2293714,0.0020270161,2.5035985,-1.202335,2.008722,0.2759197,0.4011174,0.008554265,0.15752281,0.061957553,0.13975498,0.0049674613,-0.033883054,0.0843745,CUST10785,0.9993259,High
-0.12453078,0.21232617,-0.40270904,0.0887257,-0.12907183,-0.14137425,0.39528188,0.07608378,-0.08706058,-0.027232565,-2.001416,0.3212986,-0.47896278,0.19713368,-0.87925607,0.013505202,-0.030784542,0.014962383,0.008778029,-0.2850747,-0.5214129,CUST10786,0.021332243,Low
-1.1760985,-0.28390402,-0.2445938,0.4316017,-0.06863081,-0.33295354,-0.09200678,0.13272184,0.3007797,-1.4562844,-1.0492327,-2.6208296,-0.5219372,-0.46209225,-0.3092159,-0.0023280415,0.03400938,0.10588368,-0.023771727,0.27024558,-0.22684719,CUST10787,0.00048027709,Low
-0.100049585,-0.64836395,-0.22471511,-0.61911315,-0.057959486,-0.17492782,0.037479106,0.19647765,-0.10020141,-1.5723995,-0.6844243,-2.3710139,-0.53650343,-0.14406937,-0.16294888,-0.21720688,-0.09398319,-0.3361429,-0.012282811,0.2384175,0.060213063,CUST10788,0.00051599334,Low
-0.1751328,-0.151998,-0.09513062,0.11142934,-0.068971634,-0.86325574,-0.18787716,0.035762485,-0.6592925,2.11019,-0.28159752,1.1141986,0.16058482,-0.40018418,-1.6978155,-0.09816734,0.010003504,0.025558477,0.0029363479,-0.15182735,-0.7845628,CUST10789,0.11004013,Low
0.20754431,1.2955109,-0.0475071,0.089382045,-0.058948133,0.69002,-0.1385555,0.0028783253,0.33739024,-1.1272644,0.29328805,-1.9967788,0.38691905,0.21288337,-1.2512592,-0.08586887,0.00095717027,0.04024916,-0.015410089,-0.54745805,-0.7709332,CUST10790,0.073908575,Low
-0.04258981,0.31692633,-0.28653413,-0.4210466,-0.058431808,-0.43320718,-0.09493441,0.20726946,-0.81904215,-1.8222588,-1.4135871,-0.5166403,-0.53839046,0.14565222,-0.17995866,-0.13628757,0.0064788964,0.2519089,0.029721595,-0.10767504,-0.1878119,CUST10791,0.0021382612,Low
-0.050049044,-0.83283705,0.22002675,-0.021193817,0.37066025,0.37671906,-0.41090316,0.11049427,0.16444607,1.902934,-0.07175706,0.9307861,0.66427225,-0.100502,0.4723193,0.20951462,-0.029719705,0.08450633,0.012108963,0.05532952,0.24767675,CUST10792,0.98606956,High
-0.10959855,-0.7627363,-0.27601713,0.1253764,-0.055485435,-0.42337808,-0.07886178,-0.6836942,-0.007832768,-0.90513706,-1.0069011,-0.65277886,-0.44541958,0.19273129,-0.1925892,-0.01413184,0.256378,-0.0806265,0.022299444,-0.035161156,0.053034216,CUST10793,0.005906893,Low
-0.9584314,0.23272498,-0.9149121,-0.5324019,0.20257246,-0.16686125,-0.10088843,-0.3933488,0.8308825,-1.9495753,0.30031842,-1.0629426,0.30044976,-0.11329864,0.5381557,-0.16732511,-0.046950515,0.029397959,-0.007305077,-0.086912826,-0.10236005,CUST10794,0.014568811,Low
0.72459817,1.371896,-0.06514577,-0.7228625,-0.040118843,0.22864279,0.054406006,-0.29340872,0.42069346,2.3234606,0.5962469,2.1056387,-0.26182675,0.07818653,0.22513044,0.14717016,0.00075114355,-0.020988455,-0.005788789,-0.6554858,-0.6189973,CUST10795,0.99611604,High
-0.0020220354,0.39651158,0.4471503,0.24720782,0.31594083,-0.35103408,-0.25602582,-0.2740144,-0.47412586,1.3337679,0.45425805,0.91021013,0.6337296,0.35695675,0.19578725,-0.45378688,0.02275092,0.057592228,-0.00755462,-0.09091277,-0.87652487,CUST10796,0.92694485,High
-0.32903636,1.2265253,-0.2575316,-1.2958367,-0.069474086,0.00023082364,-0.0022248048,-0.01988237,-1.8208351,0.27863002,-0.13361174,-2.5228102,-0.5961044,0.38500997,-0.10222134,0.3906621,-0.013468149,0.04299088,0.000442951,-0.2617408,-0.092944495,CUST10797,0.00528064,Low
-0.10604651,0.3760415,-0.08913086,0.011225427,-0.086050905,0.07174906,0.013894062,0.069668405,0.23914936,0.5782852,-1.2729955,1.0900271,0.27496788,-0.1559377,-0.1865628,-0.06775761,-0.037861284,-0.27296728,-0.0026908312,-0.5157025,-0.9294059,CUST10798,0.2605167,Low
1.0675142,-1.2487016,0.38375974,0.033593915,-0.10056384,0.14142366,0.18889834,0.19170007,0.09283983,1.1349361,0.54433984,-2.700461,-0.23259778,0.17429352,-0.118683845,-0.24217816,-0.0698253,0.039736643,-0.005740392,-0.027670188,0.27851105,CUST10799,0.37283865,Medium
-0.0113088535,0.8599725,-0.036709826,0.04150726,-0.051638078,-0.42611498,0.04251413,-0.46900576,0.16870679,2.4222455,1.2390429,1.0547087,0.8788222,-0.11856172,0.09731332,0.09900311,-0.00901361,0.054422006,-0.0014834027,-0.0146657955,0.19757077,CUST10800,0.9974577,High
-0.23455097,1.0356177,0.07026548,-0.35244024,-0.069885395,-0.70398134,-0.0698304,0.12224369,-0.55141985,0.89754,-0.16364782,-2.63011,-0.41577294,-0.20782441,0.20983042,-0.06783355,0.016283322,-0.44933528,0.0076699313,-0.37226287,-0.06938762,CUST10801,0.01722509,Low
0.1630104,0.34949288,-0.14389516,-0.8840686,-0.12225784,-0.10253286,-0.29388267,-0.13775358,-0.5072137,0.46087152,-0.021436729,-3.662434,-0.48185915,0.123409145,-0.84819657,0.3313435,-0.039104793,0.05819844,0.0024430668,-0.5805778,-0.4123528,CUST10802,0.0011192444,Low
-0.11803743,-0.14775126,-0.10243214,-2.1467922,-0.09115945,-0.45651317,0.06023535,0.3430722,-2.152785,0.9093029,-0.61680216,-1.9879882,-0.6644916,-0.3454668,-0.05711702,0.06956491,0.017283194,-0.005190039,-0.025839979,-0.08843262,-0.019629026,CUST10803,0.00046539848,Low
1.009828,-1.0735216,0.08929587,-2.5870605,-0.04365449,-0.26048082,0.18007845,-1.0681604,-2.4065125,0.6516749,0.3529955,0.30870873,-0.23197705,0.10142733,0.18921494,0.043436345,-0.14415528,0.119938895,-0.0103696585,0.013216067,0.0934958,CUST10804,0.008856002,Low
-0.25912395,1.151886,-0.5187824,-0.6345574,-0.045403562,-0.28225955,-0.07887147,0.0832581,0.23386563,-1.3952402,-0.8776155,-3.2177575,-0.5264353,-0.06615151,-0.38236204,-0.062045712,-0.0060041444,0.11010166,-0.001666541,0.35495022,0.012739527,CUST10805,0.0015738478,Low
0.14370804,0.09550943,-0.48919436,-0.64993304,-0.07922281,0.21896403,-0.7198702,0.1772618,0.22011897,-0.98472327,-0.70404625,-0.9705057,-0.43761972,0.111531556,0.06796854,0.017799295,-0.005655883,-0.015955823,-0.007581143,0.022725355,0.19869778,CUST10806,0.021140322,Low
0.009885959,1.825885,0.65459615,0.26585495,0.24870352,0.07670364,0.15077046,0.32460484,0.12782519,-1.4576793,0.27536908,1.2436031,0.60405105,-0.09967029,0.06283526,-0.11245001,-0.016785296,-0.41756618,-0.0035878667,-0.061472967,-0.019356273,CUST10807,0.97434276,High
1.1834677,0.50562006,0.05941758,0.31335065,-0.03937711,-0.08142185,0.11123836,0.1953721,0.22063318,2.1099155,0.017475374,1.2105565,0.85518295,-0.10945889,0.19602992,-0.15456738,-0.031460144,-0.035734057,-0.001297704,0.36420712,0.12867245,CUST10808,0.9990637,High
-0.7892413,-0.821875,-0.030357525,-0.45004934,-0.045547243,-0.36016545,0.06233242,0.12856814,-0.044702746,-1.2245994,-1.2302041,-2.1377373,-0.47863656,0.010398724,0.05655368,-0.14171843,-0.11719652,0.041865345,-0.017145278,0.014234057,0.33672315,CUST10809,0.00068618025,Low
-0.25558865,0.35553613,-0.061402254,-1.0734003,-0.05365689,0.16834174,-0.069660366,0.43212715,-2.6186175,-1.511741,-1.2446252,-0.24549687,-0.697566,-0.50639415,0.045552175,-0.08448237,-0.08740167,0.018798979,-0.0141962115,-0.050775025,0.21512266,CUST10810,0.00062028604,Low
1.2694813,1.1810448,-0.4104397,-1.4255424,-0.04627218,-0.05446785,0.043257512,-1.4819146,-1.9450984,0.43678975,-0.6659861,-0.5239959,0.33297208,-0.3559838,0.13164072,-0.16268681,-0.005616975,0.042491704,-0.010100497,0.33481008,0.04594463,CUST10811,0.035065062,Low
-1.337295,-0.97598684,-0.10490429,0.46720782,-0.042072624,-0.48387188,0.0021903245,0.006024656,-0.7931828,-1.9168447,-0.21214727,0.31920257,-0.2474947,-0.14426467,0.16535409,-0.040066954,0.06876237,0.09190532,-0.004875495,0.022630354,0.24095114,CUST10812,0.006936736,Low
-1.1257939,-0.82709354,-0.026357494,0.14140551,-0.06307968,-0.2897844,0.18432695,-0.07088553,0.42060727,-1.4959395,-1.0936763,-1.5447875,-0.41439128,-0.17570208,-0.32658735,0.06020944,0.17050841,0.090368256,0.06581201,-0.33365545,0.18047057,CUST10813,0.0014726684,Low
-0.88714087,0.18386337,-0.40030637,-0.059678108,0.3738899,-0.23518243,-0.016497934,-0.91456103,0.56731623,-0.6231399,0.24859151,-1.3059278,0.34341562,-0.39966735,0.23333967,0.07239114,-0.038155425,0.16798256,-0.007660656,0.083706275,-0.7655033,CUST10814,0.031550474,Low
-0.6641888,-0.59643334,-0.26537043,-1.2055523,-0.038396765,-0.14395691,-0.12078798,0.06664085,0.07803426,-1.5412272,-0.011967849,-2.624074,-0.48271608,0.076491795,0.52985764,-0.07136463,-0.11727343,0.022566905,-0.02027578,0.11582038,0.065873824,CUST10815,0.00091699883,Low
-0.22019812,0.726094,0.66065216,-1.7418497,-0.05495914,-0.20701975,-0.070856445,0.5438852,-2.554923,-0.275427,0.061107144,-0.42252752,0.57746214,-0.0044762357,0.1963273,0.026946083,-0.03173273,-0.099327,-0.005814964,-0.23907201,0.08896295,CUST10816,0.043441355,Low
0.8664514,-1.8209099,-0.06647647,-0.95845026,0.2845099,-0.10692451,0.061939094,-0.2339472,-0.8960364,0.75834954,0.18539177,-3.0056536,0.46030658,0.07311737,0.30748072,-0.17604905,0.07669134,-0.39030525,0.017495722,-0.51666325,0.07268844,CUST10817,0.006354742,Low
0.14815108,0.38528797,0.73782986,-0.6522045,-0.03490957,0.012709109,-0.09131767,0.4196443,-1.6829644,-1.9630308,0.8222589,0.475241,-0.5437194,-0.011292888,0.07309865,0.36008182,0.04461727,-0.06422318,0.0018265694,0.01709891,-0.14582682,CUST10818,0.14971638,Low
-1.1114217,-0.98048437,-0.116488814,-0.058895748,-0.05117334,-0.34393096,0.016920704,-0.15430929,0.97427857,-1.6224558,-0.43160564,-2.7425885,-0.35810685,0.12861727,-0.3932919,-0.075394064,0.11499561,0.059617113,0.017734012,0.026148466,0.0065334244,CUST10819,0.00079173903,Low
-0.18749656,0.1033096,-0.2784923,-1.1594633,-0.047891576,-0.20721456,-0.13039461,0.10123597,-0.8791133,-1.3613758,-0.98148537,-2.7557962,-0.74699384,-0.149323,-0.2496993,-0.10237928,-0.005658145,0.06758823,-0.00496414,-0.25170955,-0.15300313,CUST10820,8.0634236e-05,Low
-0.5668495,0.17550687,-0.17539379,0.051186457,-0.047167253,-0.18989657,-0.384255,-0.8627501,-0.08329238,-2.0135272,0.3592556,1.168028,-0.6580577,-0.47132495,-0.09203002,0.011961567,-0.01056503,-0.010801499,0.014944248,-0.087496564,0.59295684,CUST10821,0.034731798,Low
-0.3846953,-0.6074544,-0.22421923,-0.4061806,-0.03673807,0.06273787,-0.11460897,-0.8574844,0.639976,-1.3539103,0.9291013,-2.6438465,-0.42949015,-0.24631032,0.69477314,-0.13575122,-0.12811375,0.12356365,0.0021580001,-0.14218077,0.17501113,CUST10822,0.005888508,Low
-0.51895857,-0.8161264,-0.7124093,-1.0783795,-0.056320082,-0.040464476,0.16578434,-0.33080637,-1.0214074,-0.20136486,0.15072145,-2.4647353,-0.25793526,0.13847005,0.28660607,-0.09677285,-0.15604013,0.07756026,-0.03418643,-0.1330937,-0.42156094,CUST10823,0.0005171808,Low
-1.0198009,0.45037183,0.6608969,-0.36558583,-0.11562788,-0.72019607,-0.36626384,0.16782448,0.03239353,1.4287095,-1.528269,0.22610839,-0.3639115,0.015997112,0.3251565,-0.3175301,-0.06734499,0.101726726,-0.00690741,-0.2002609,-0.006000867,CUST10824,0.15268476,Low
-0.9041444,0.029416854,-0.25174922,-0.1994995,-0.11408104,-0.6737989,-0.036645733,-0.0070217373,0.3476792,-0.4949064,-1.1543864,-2.7625031,0.4735713,0.084104314,-0.21399647,-0.11512763,0.034073606,0.04377901,-0.0111309495,-0.21621294,0.2702653,CUST10825,0.0026846996,Low
0.018265858,-0.9414264,0.2260481,0.08276487,-0.024604486,-0.42562976,0.32558253,-0.7507371,0.16088286,-2.0087779,0.25993025,-0.5003239,-0.27854747,-0.07369576,-0.15544508,-0.1943363,0.17862718,-0.12517387,0.016996192,-0.6032076,-0.06875428,CUST10826,0.007197869,Low
-1.2474257,-0.36407596,-0.23879376,0.12628436,0.26159844,-0.52149236,-0.15726234,0.03630364,0.24125782,-2.0463238,-1.0801678,-0.8192364,0.55118966,-0.055976924,-0.15796907,0.14096741,-0.018337497,0.08244811,-0.008802911,0.019572206,-0.05450038,CUST10827,0.0046979105,Low
0.3941782,-0.48899758,0.646264,0.7977665,-0.07493963,0.6268803,0.23185739,0.27821407,0.517915,-0.40300024,0.25622767,-1.6185284,-0.40658358,0.34016868,-0.073659375,0.08266742,-0.014583419,0.13325167,0.022172805,0.6256369,0.121947564,CUST10828,0.87541103,High
-0.13032694,-0.018108899,-0.06709479,0.32982486,-0.06579002,-0.099932574,-0.45711413,-0.020860912,0.791928,-1.8881617,-0.1486258,-2.6583197,-0.46039915,0.05455356,-0.2321602,-0.007278432,-0.09454445,0.054476473,-0.0032249754,0.12874414,-0.11868683,CUST10829,0.0057300427,Low
-0.84786433,-1.0420852,0.10826236,-0.2611087,-0.040216673,-0.31895536,-0.09160919,0.07508552,-0.111609,-1.9097801,0.30012533,0.5332058,-0.35434896,0.07342098,0.5016413,-0.09528421,0.24256502,0.13330866,0.014410575,-0.01913977,-0.64087474,CUST10830,0.021966333,Low
-0.8347128,-0.88813317,0.43870845,-0.56697583,-0.068766244,-0.3804461,-0.3599742,0.5009511,0.086800724,-0.9603869,-1.1666259,-2.3072035,-0.42867652,-0.32459491,0.44223732,-0.2036378,-0.1381436,0.09859585,-0.0052867746,-0.045743376,-0.15034218,CUST10831,0.00067001616,Low
-0.1478284,0.0061285263,-0.17443569,0.3810314,-0.096996605,-0.12222016,0.0076399073,0.10377543,0.21510783,-0.67480856,-1.2024194,-1.9601178,-0.6329772,0.0014176737,0.39522535,0.042870738,0.0059746127,0.043598972,-0.0024386495,-0.05785833,0.3074811,CUST10832,0.026415579,Low
-1.1573414,-1.531818,-0.19549328,-0.07516548,-0.06563895,-0.61227685,0.13260433,0.23401615,0.23997252,-0.87841547,0.44375232,1.1793349,0.28753433,-0.07980736,-0.10998875,-0.33440083,-0.073205166,0.07858329,-0.046919838,0.3053974,-0.004877437,CUST10833,0.090352826,Low
1.5873294,1.0617301,0.10504898,0.4595253,-0.0561059,0.17568205,0.03852749,0.1347377,-0.05675868,0.24290837,-0.11435385,-1.1300172,-0.44872206,0.25263506,0.22335522,0.17084694,-0.034889977,-0.30153325,0.023587085,0.14010094,0.38219836,CUST10834,0.9432486,High
-0.043403756,-1.4753487,-0.16906299,-0.88674104,-0.07456915,0.15269698,0.06588127,-0.03814628,0.16742149,-0.62791175,0.071712576,0.5853622,-0.398603,-0.10202663,-0.5719627,0.020558214,-0.13058558,0.16379061,-0.034638196,-0.62760043,-0.02058862,CUST10835,0.0176546,Low
-0.06409883,0.3329482,0.5573441,0.61021954,-0.075459145,0.15706752,0.22237848,0.10901546,0.35099614,-0.28879225,0.8769976,0.5957818,-0.6268994,-0.6146029,-0.9665791,0.4562707,-0.05033047,0.09093132,0.00961282,0.6548281,-0.07740679,CUST10836,0.901592,High
0.20648372,0.33295345,0.317077,0.20612583,-0.044218414,-0.11281031,0.3266205,0.2183916,0.23562883,2.1948667,0.45182487,2.1112707,0.35214153,-0.24498907,-0.17916855,0.13510309,0.026857115,-0.22473763,-0.0009632609,0.44593155,-0.8724161,CUST10837,0.9970902,High
0.106306314,0.51749057,-0.1585359,0.23841506,0.22214806,0.0537003,-0.047905367,0.21642943,0.5069498,-0.77364445,0.8556467,0.72611403,0.4810494,0.032020777,0.25776613,-0.22739476,-0.00223367,0.14772853,-0.024359366,-0.16277975,0.029890649,CUST10838,0.95024556,High
1.1734073,0.3423745,0.60295933,0.31895846,0.19204514,0.35030288,0.06390369,0.098695904,0.19898108,-0.39175186,-0.049514517,1.8480123,0.5094601,0.07071905,0.21249929,-0.19962099,-0.050836604,0.06820617,-0.00066041085,0.49729308,0.09188331,CUST10839,0.99727386,High
-0.2629409,-1.215188,0.64239895,-0.6577375,-0.033184912,0.012946468,-0.17838974,0.289514,-2.209032,-1.9030297,0.043484926,-0.33240652,-0.3020493,0.28747058,0.019900573,0.07608351,0.0508014,0.010837434,0.0041072657,0.12840766,-0.45102245,CUST10840,0.0024136144,Low
-0.016996108,-0.17431392,0.002145634,0.24699745,0.34594494,0.17162515,0.15922296,0.5228775,0.4011173,-0.3904595,0.2868564,1.0753598,0.36516708,0.0031022602,-0.22026455,-0.21621202,-0.055614676,0.023406286,0.005192932,0.08188626,-0.0012576736,CUST10841,0.9289455,High
-0.24620886,-0.06191979,-0.89050394,0.34881493,-0.14482316,-0.21592268,-0.38397813,-0.43368942,0.4169605,0.17653717,-1.6204652,-2.5416987,0.5379436,-0.18361835,-0.06103708,0.28737876,-0.051042654,-0.01876572,-0.013804365,-0.09363745,-0.108818166,CUST10842,0.004737583,Low
1.146805,0.7093178,0.15541434,-0.296519,-0.053305425,-0.012481149,-0.0048696063,0.050111827,0.3223545,2.299223,0.3982213,2.2230604,0.19517072,0.21890381,-0.5297412,-0.50065756,0.029237693,0.112812325,-0.00031432137,0.4516877,0.13450165,CUST10843,0.99909234,High
-0.79856324,-1.0412657,-0.11319054,-0.46429288,-0.019040117,-0.08612144,0.2934803,0.016701836,-2.4081867,-0.83211803,-0.12267258,-0.64876455,-0.36977035,0.12011542,0.43289796,-0.14488173,-0.124431506,0.0061783623,-0.0029194523,-0.32854527,0.10743587,CUST10844,0.0013954558,Low
-1.3915478,-1.4292673,-0.19707675,0.45388937,-0.04528875,-0.7552418,0.021667209,0.08265108,-0.5999678,-1.6696366,0.35756817,0.519755,-0.26915613,-0.0029294803,-0.007948676,-0.11058224,0.18990992,0.15779108,0.039992765,0.038627326,0.24902625,CUST10845,0.011974275,Low
-0.21565485,-1.2940758,-0.30253196,-0.9640101,-0.04413234,-0.33807573,-0.077717915,0.06906113,-0.56753045,-0.8776491,-0.80829334,-2.061886,0.3422264,0.0475681,-0.08237056,-0.0050015943,0.12164522,-0.089584306,0.033181634,-0.23333871,-0.33721477,CUST10846,0.0004390018,Low
-0.046586294,-1.259547,-0.11583459,-1.2839968,0.3646094,0.75106853,0.055794716,0.09834683,-0.44936198,-1.4945502,-0.57253766,-1.2547983,0.70323306,0.09946538,-0.64779085,-0.12985703,0.111059636,0.119611725,0.038083,-0.36709952,-0.13453305,CUST10847,0.0042338567,Low
0.041730717,-2.0041218,-0.02236695,-0.9745874,0.23646621,0.22981372,-0.10143014,0.17193797,0.6526147,0.9043237,0.37090728,0.37736794,0.09223935,0.042626217,-0.10691829,-0.19690037,0.11160232,0.05290216,-0.016343901,0.112606786,0.21886301,CUST10848,0.53696996,Medium
1.262299,1.2637763,-0.3247542,0.21204178,0.4795941,0.4424357,0.17779292,0.07230715,0.26119336,-0.2611289,-0.5447256,0.20029137,0.6220512,0.15605886,-0.06903906,0.08942481,0.056545302,-0.23623917,-0.0016337386,0.11208646,0.048384957,CUST10849,0.98154116,High
-0.74931765,0.0053877123,-0.20637122,-0.30991593,-0.04786861,-0.42102134,-0.045271624,-0.06501413,-0.04255087,-1.719055,-0.5877655,-2.6017566,-0.38198766,0.14647473,0.56844026,-0.12826273,0.011657478,0.20472574,-0.007908383,-0.20756136,0.18796347,CUST10850,0.0015904255,Low
0.6552981,-1.1665992,0.14331211,-0.4455224,0.26636964,-0.09133651,-0.06466826,0.14257595,0.27657488,2.0099018,0.49511987,2.138284,0.23740396,0.031619057,0.05536624,0.14574635,-0.077380985,-0.14598963,-0.04248287,0.076592684,0.15775079,CUST10851,0.9914459,High
-0.8783231,-0.01967306,-0.4876565,0.08047685,-0.029990047,-0.56168246,-0.0668506,-0.81969905,-0.011175838,-1.3106508,-0.9969398,-0.8618391,0.2705202,-0.22431682,-0.027587485,-0.17829858,-0.036300074,0.25017446,0.006925703,-0.19789486,0.033120096,CUST10852,0.0022093472,Low
-0.0036517899,-0.9676315,-0.24833387,-1.2458656,-0.03959575,-0.019029696,0.09183503,0.18227848,-1.042914,-1.0082418,0.1339211,-2.7032797,-0.40727893,-0.32290235,0.52728945,-0.1123327,-0.14856382,0.11317194,-0.02665365,0.2579846,-0.43459636,CUST10853,0.0005698446,Low
0.18845926,0.049009208,0.5215736,0.579266,0.5155738,-0.41397724,-0.1619259,0.048730757,0.29996797,0.295401,-1.0064609,-2.507341,0.6016161,-0.106003486,-0.06342169,-0.15373752,-0.0064526666,-0.09932369,-0.018053299,-0.38541827,-0.070071526,CUST10854,0.12589294,Low
-0.62102246,0.43721116,-0.21342038,-1.2731789,0.20006101,-0.34885105,-0.09635202,-0.08378732,-2.0581598,-1.7057523,-0.09199055,-2.251476,0.63006103,-0.01629118,-0.053049203,0.037038814,-0.031838212,0.033351492,0.0020433492,-0.120373234,-0.19646485,CUST10855,0.00038287256,Low
-0.23453048,-0.766542,-0.1618194,-1.5334907,-0.07648362,0.016546605,-0.2880021,0.111274295,-0.75758904,-0.43982962,-0.54423445,-2.806622,-0.3907283,-0.018144095,-0.6550611,0.2731414,0.057419576,-0.19251978,-0.009474358,0.37246904,0.31547207,CUST10856,0.00042037858,Low
-0.008641508,-1.0152667,-1.1826218,-0.30260107,-0.05172396,-0.041580472,-0.10719367,-1.1707405,-0.92546684,0.26819342,-1.6640253,1.832866,0.16467303,-0.22156009,0.1574479,-0.12052141,-0.01900054,0.06591828,-0.006542796,0.6214853,-0.4058189,CUST10857,0.015099127,Low
0.030902274,-1.235081,0.04327259,-2.1690724,-0.04168602,-0.3276954,-0.048520654,0.13297173,-1.1670296,1.3718874,0.24182516,-1.2226415,-0.47022352,-0.83254564,0.41849166,-0.20850685,-0.118340984,0.051745832,-0.060652807,-0.12681976,0.054255873,CUST10858,0.003240938,Low
-0.21244481,-0.30200914,0.4764227,0.06540052,-0.09905329,-0.34834853,-0.48325467,0.0062492127,0.3293414,-0.4158373,0.8327232,-2.4321887,0.38243192,-0.07926357,0.49386415,0.24206015,0.016420202,-0.07050069,-0.0007925965,0.021186052,-0.99606615,CUST10859,0.0679356,Low
0.02087551,-1.0934952,0.4157232,-1.2377708,-0.060366593,0.31918377,-0.69759434,0.32461098,0.70579755,-0.65014416,0.2518666,0.90107274,-0.4311364,-0.46468654,0.18703762,-0.45444736,-0.07344872,0.061651263,0.012781218,0.23767313,0.088977136,CUST10860,0.1569604,Low
-0.6498416,-1.0629861,-0.29659393,-0.40049788,-0.08388866,-0.12099467,-0.6538294,0.23715782,0.36045885,-0.4075803,-0.6177072,-2.7286215,0.2714573,0.038441148,-0.114308216,-0.3233422,-0.081933685,-0.06981586,-0.014547391,-0.16594073,-0.4090828,CUST10861,0.0006491619,Low
-0.7247591,0.1147695,-0.07682575,-0.88243055,-0.04575673,-0.28730118,-0.29756778,0.25165203,-1.6274254,-0.7862773,-1.1517661,-2.1012096,-0.4870482,0.029383339,0.19462116,0.04298767,-0.09056936,-0.09560542,-0.006003111,-0.078623235,-0.22763766,CUST10862,0.0002296838,Low
0.23874122,0.39524648,-0.124291815,0.8356884,0.2629939,-0.2748267,0.37469578,0.1258954,-0.36165854,2.6001992,0.23690632,0.7872331,0.7945756,0.22125646,0.058365963,-0.40437302,-0.063431494,0.019874351,-0.004422476,-0.3705351,0.062696345,CUST10863,0.9953473,High
1.6029005,-0.4801669,-0.118028276,0.4134793,-0.09202455,0.3702891,0.08023814,0.20841366,1.1777074,0.1683545,-0.56187767,-1.5644362,-0.34333718,0.15357628,0.39071178,0.19295746,-0.016713746,-0.03976383,-0.0023549148,0.7322538,0.3342561,CUST10864,0.9283258,High
-1.1437042,-1.0646101,0.5599235,0.3200605,-0.052942395,-0.7968481,-0.4192446,0.16945092,-0.09443872,-1.416607,-0.5367914,0.50678355,-0.31309125,-0.16410692,0.067741945,-0.21436024,-0.09906396,0.00884231,-0.024263432,0.020500457,-0.09634571,CUST10865,0.007936628,Low
-0.026627205,-0.25468367,0.4445294,0.18953994,-0.02484816,0.13958775,0.006487221,-0.06328236,0.21853843,-2.4121432,0.26805463,-0.62196934,-0.40835887,0.18228056,0.32477504,0.050276637,0.0600931,-0.10363449,0.003823598,-0.5086449,-0.09654214,CUST10866,0.06428838,Low
0.1407778,-1.4046813,-0.1049502,0.2554547,-0.060962815,-0.10289178,0.1520387,0.4638672,0.6107661,-0.39962387,0.4752293,-0.68790215,-0.23495504,0.28957078,-0.39518937,-0.18584254,0.020659275,0.07019378,0.026397372,0.18716878,0.35852757,CUST10867,0.36088386,Medium
-0.1384099,0.2432805,-0.036883157,0.027712392,-0.0844667,0.047870677,-0.045154434,-0.067876615,0.38301432,-0.8249023,-1.9912232,1.1593206,-0.5731333,-0.2906237,-0.12692165,-0.045125764,-0.07434161,0.08225241,0.0025369753,-0.38549492,0.21105643,CUST10868,0.07091642,Low
0.008362796,0.092014596,-0.40000463,0.14841047,-0.08460691,-0.8450168,-0.04724934,-0.5864672,0.21388403,0.7031826,-0.8748651,0.5274024,0.16247793,0.18351243,-0.22063956,-0.3258696,-0.06400213,-0.084593385,-0.021383619,-0.32763675,0.13691406,CUST10869,0.14787617,Low
-0.20009956,0.46714574,-0.3786255,0.21190217,-0.08353918,-0.57987636,-0.4132612,-0.42392004,0.3874601,2.2551482,-2.091267,0.8846084,-0.30240518,-0.460471,-0.4863871,-0.07501431,-0.020212876,-0.58492345,-0.0051179347,-0.11114903,-0.01508405,CUST10870,0.1120201,Low
0.117651135,-1.1409863,0.061580643,-0.13666856,-0.1452569,0.23491578,-0.048197806,-0.00677082,0.37712622,0.07914226,0.030491676,-3.6650138,-0.2086588,0.04006244,-0.48870417,-0.17897114,0.19564314,0.10440349,0.050628055,0.11207569,-0.75558805,CUST10871,0.004423995,Low
1.0415324,-0.87358433,-0.27409908,-0.005888868,-0.0679346,-0.12772499,-0.8961406,0.15414663,0.44078863,1.7415321,-0.060325116,-2.157109,-0.29859623,0.2632157,0.40065044,-0.36584866,-0.038746566,-0.5652594,-0.010039099,-0.21640223,-0.15750009,CUST10872,0.1073103,Low
-0.060506284,0.44069427,-0.03941061,0.589772,-0.068815246,-0.16733943,-0.35261282,0.4419282,0.39490867,2.2800336,0.59194255,1.0248115,0.25620747,0.24689168,0.07153717,-0.030418232,-0.028217852,-0.54743564,-0.0024363801,0.030924264,0.2677209,CUST10873,0.99500835,High
0.31509638,-0.89102995,-0.2263051,-0.12507412,0.27552542,0.058411967,0.054093365,0.43564174,0.47366354,1.4267132,-0.13537067,2.799421,0.6213306,0.11788694,0.0657478,0.18086529,-0.04491226,-0.2095165,0.008554714,0.47649544,0.2215179,CUST10874,0.9971386,High
0.14948831,-1.318447,-0.33158302,0.32257125,-0.056053452,-0.090631045,-0.7578079,0.1012291,0.00021585845,-0.5600791,0.29523197,-0.8960035,0.34121433,0.26430926,-0.19332905,-0.47546464,-0.07713546,-0.4242777,-0.020234484,0.19785458,-0.67081,CUST10875,0.0141341705,Low
-0.13650039,-0.7491396,-0.2859241,0.49876988,-0.08627926,0.17735124,0.024221197,-0.046350487,0.27032208,-0.62192285,-1.1341566,-0.80423003,-0.40012765,0.098654285,-0.34731966,-0.099116646,-0.054590993,0.017856287,-0.021499414,-0.6754491,-0.050266206,CUST10876,0.011307909,Low
-0.5976713,-1.6888989,-0.18491971,-1.2627076,-0.012109841,-0.18083559,-0.41194957,-0.7463877,-0.04840862,-1.1144229,-0.026798064,-0.6049868,0.17198108,0.07837483,-0.26135507,-0.29004443,0.16668805,0.15757012,-0.017751569,-0.044040333,0.12268102,CUST10877,0.001067702,Low
1.191697,-0.6987517,-0.022750251,-0.20161468,-0.06138304,-0.041306872,-0.7807604,0.19735613,0.14864716,2.12107,-0.66318727,2.08691,-0.31647494,0.13205858,0.042497147,0.016785964,-0.00671006,-0.29524684,-0.01404768,0.30749115,-0.56697345,CUST10878,0.92622685,High
-0.09915087,0.27701074,0.10789151,-0.0019238776,-0.044214606,0.068257354,0.13812396,0.44265786,-1.8380103,0.48516148,0.050445314,0.51173747,-0.44711882,0.18419206,0.11259487,0.028900675,0.04103769,-0.07714879,0.002287446,-0.014863792,0.02120583,CUST10879,0.4759912,Medium
0.033175256,1.5705436,0.004267953,-0.2027582,-0.045344785,0.21413901,0.14077061,0.2602219,-0.20331676,0.6337703,1.2179323,1.4113524,0.3486616,0.16808099,0.16695566,-0.17474024,0.05701238,0.112609096,0.03544157,0.4536115,0.18072228,CUST10880,0.9982351,High
0.20209971,1.5414243,-0.09014792,0.37940103,-0.07340318,0.13716756,0.04059988,0.11461304,0.27942437,-0.48762375,0.15717196,2.426242,0.94848067,-0.07782261,-0.052397862,-0.14199899,0.0024145248,-0.085465394,-0.00065768126,-0.5585306,-0.2409202,CUST10881,0.98756695,High
0.056691956,1.2477323,0.6829337,0.46051258,-0.03240444,0.3004196,-0.0153725445,-0.11095401,-0.36721408,-0.7388266,-0.08935736,2.351992,-0.6081488,0.18104929,-0.01455112,0.0712808,-0.021348616,0.1335755,0.009150801,-0.5440367,0.065644555,CUST10882,0.95136654,High
0.23839773,0.45894527,-0.44860354,-0.15338197,0.37112194,0.010794231,-0.10506169,0.31263784,0.49323258,2.4710994,-1.1820062,0.119433574,0.37254566,0.13884676,0.1454108,0.0915409,0.02422418,-0.32230487,-0.0077924747,-0.06639935,0.16028616,CUST10883,0.95596707,High
-0.13566676,0.8772222,0.15289004,-0.31511497,-0.09936631,-0.5213426,-0.055195864,0.027219996,0.025400765,0.2659335,0.97251886,0.5529117,-0.55876046,-0.41089058,-1.8217574,-0.16366078,-0.041086655,0.038320564,-0.00396984,0.15271279,0.13149327,CUST10884,0.2738113,Low
-0.5613995,1.4402676,-0.058433574,-0.8675442,0.4319143,-0.74004525,0.073022485,0.28576866,-2.1238854,0.35492086,-0.5209605,-2.3051267,0.3525062,0.11207473,0.14019418,0.14285713,0.04027923,-0.051864058,-0.008671362,-0.33022124,-0.2928001,CUST10885,0.010641119,Low
-0.6550815,-0.8548501,0.23618318,-1.3229886,-0.044491895,-0.27047047,-0.06565142,-0.035062686,-1.8689502,-1.2478054,0.41397142,-1.7887791,-0.36258036,0.049339972,-0.14584585,0.043364994,-0.09994136,-0.27266288,-0.009473195,-0.23467472,0.22109996,CUST10886,0.00023386476,Low
-0.07882092,-1.0851706,-0.18327282,-1.2241181,-0.09003465,0.40942678,-0.44019228,0.2933474,0.48878744,-0.65094835,-1.6446433,0.4621341,0.2711759,0.2105695,0.17936386,-0.17322129,-0.01392426,0.01613162,0.009840727,-0.47204658,-0.702799,CUST10887,0.011389632,Low
1.1533309,0.5646105,0.22107439,0.18881911,0.39274582,0.29925242,0.19308276,0.089291975,-0.48023993,1.4302491,0.44044694,1.3500247,0.7216061,0.22928509,-0.94039303,-0.19398266,0.015113845,-0.031330414,-0.0015229983,0.34550124,0.042301424,CUST10888,0.9974878,High
0.3358931,-0.8144253,-0.2991095,0.66910666,-0.11172904,0.14387085,-0.48307714,0.086867794,0.26276916,-0.40325937,-0.010289108,-3.348822,0.3098836,-0.0857174,-0.9722497,0.28008145,0.017259106,0.11209356,-0.011051966,0.16609366,0.03494104,CUST10889,0.015276414,Low
0.18675104,0.2480211,0.7350405,-1.4645729,-0.0626143,0.21317951,-0.053494412,0.347004,-0.38812384,-0.26388654,-0.40990368,-2.7674663,-0.65840596,0.16452533,0.2681364,-0.19086443,-0.026114931,-0.0028375844,0.0041615255,-0.41297778,0.14386292,CUST10890,0.011707334,Low
1.4132078,0.6794973,0.060503557,0.28975677,0.3202593,-0.029183283,0.05324703,0.19050673,0.35555744,2.2514434,-0.7562387,-0.7667324,0.40607202,-0.056036904,0.011141989,-0.05219266,0.020222537,0.053954683,0.008516544,0.20016219,0.3776303,CUST10891,0.99321425,High
-0.1107311,-1.4482428,-0.6109936,0.34275115,-0.063652694,0.1791192,-0.6841043,-0.86376613,-0.36846036,-0.91020626,-1.270214,0.7703996,0.218072,0.2790742,-0.15081707,-0.18027964,-0.09495858,-0.06445689,-0.048551176,0.55004007,-0.1597349,CUST10892,0.008706881,Low
0.8579191,-1.4334352,0.31427,0.7769978,-0.048875898,0.31392106,-0.84961414,0.21289662,0.06612903,1.9868314,0.61049724,0.29311,0.15661693,0.22371832,0.21860987,-0.3319427,-0.020181127,-0.08362932,-0.0349078,0.042240813,0.2679952,CUST10893,0.97051615,High
-0.046521503,-0.13644363,0.755341,0.045761667,-0.096581146,0.25224966,0.33183637,0.17080517,0.2237226,0.60949916,1.5136333,1.2848433,-0.38750067,-0.19778562,-0.76612914,0.3264804,-0.045671307,0.036508176,-0.009443885,-0.025779625,-0.16764958,CUST10894,0.97406775,High
1.2160621,0.4013478,0.10607468,0.19734533,-0.053591777,0.27202526,0.06515027,0.10790492,0.2738066,2.5066109,0.04096505,1.9103787,-0.14929439,0.22891991,-0.5298147,0.11562376,0.043892164,-0.2941454,0.0015292806,0.6292637,-0.55114967,CUST10895,0.9984894,High
-0.13669142,0.24911092,0.36993602,-1.4519444,-0.08573418,-0.038460094,-0.38859752,0.28228408,-1.9810771,0.11189054,0.06491007,-2.9836538,-0.5069234,0.070641614,-0.08640219,0.09571264,-0.0879527,-0.29843223,-0.0003058873,-0.41617268,-0.034171183,CUST10896,0.0006769629,Low
0.31870604,1.2122664,0.5487994,0.6319357,-0.07742814,-0.26980025,0.044745483,0.43019804,0.9451951,2.0670903,-0.20090438,-2.684872,-0.35992992,-0.47207937,0.5528193,-0.2390564,-0.01192794,-0.051450923,0.00475711,0.058678262,0.55097723,CUST10897,0.9504304,High
-0.022293387,1.3698784,-0.394678,-0.15376773,0.28349042,-0.30999345,0.16054094,0.19299835,0.31304017,-0.37209803,0.4854079,0.6205556,0.5313912,0.08936858,0.25550488,-0.07837494,-0.0019154525,0.06628228,0.008222541,0.3334388,0.14059143,CUST10898,0.9698925,High
-0.12909417,0.19991842,-0.22701687,-0.1853428,-0.051062774,-0.07754412,-0.07061389,0.1002603,0.17973246,-1.3308462,0.06839915,-3.4652362,-0.5795183,-0.6042981,0.2373529,-0.10086358,-0.028812448,0.09987497,-0.00793735,-0.089450076,-0.10080435,CUST10899,0.0020090444,Low
-0.20268576,-1.1931239,0.05408512,-0.47536469,-0.048512,-0.30256236,-0.69147915,0.002204585,-2.1042132,-0.6066969,0.37631667,-2.813692,0.29097092,0.01885212,0.03727985,-0.24763192,0.0046029207,0.07528514,0.0036590951,0.093207076,-0.055532984,CUST10900,0.00039738222,Low
0.12164462,1.3528047,0.103741005,0.12436024,-0.07624832,0.36606532,0.1932087,0.16834447,0.41483042,0.8716535,0.55973256,1.0932311,0.21761854,-0.09963596,0.025030982,0.046879992,0.027794981,-0.16716097,0.0075334245,0.123346046,-0.682824,CUST10901,0.99139506,High
-0.22896354,-1.0754931,0.3104336,-1.9665415,-0.027308116,0.13123007,0.2984365,0.39430597,-2.682508,-1.1812375,0.14891282,0.40922165,-0.5071423,-0.46484134,-0.12731743,-0.13330942,-0.13558821,0.04778552,0.0029543892,0.07574959,0.09344529,CUST10902,0.0012757314,Low
-0.1301219,1.9646271,0.18801136,0.12581985,-0.04097522,-0.28007713,0.37155735,0.35093373,0.34790868,-0.32994246,0.032641817,-0.6999367,0.47369626,-0.20234461,0.3338197,-0.0660551,0.02453295,0.15024185,-0.00032731332,0.23108725,-0.42782068,CUST10903,0.9146745,High
-0.037035607,-1.41759,0.6322865,-0.8083909,0.22453322,0.18346344,0.067923434,0.24623105,-0.7294051,-0.46759763,0.2525239,-0.7185481,0.43887353,-0.035172008,0.448339,-0.29572946,-0.09056847,-0.41790056,-0.03157402,-0.0009054593,-0.1748415,CUST10904,0.058620226,Low
0.002720158,-0.59694946,0.14255416,0.25484747,-0.050977916,0.44233948,0.45617968,0.26253814,1.1430694,-0.7329251,-1.0322568,0.66974884,-0.4264818,0.17965294,0.16353938,-0.03143872,-0.053809557,-0.15230419,0.015799586,0.87512636,0.047346395,CUST10905,0.82246464,High
-1.0490369,-0.04371634,-0.056366775,-0.105143055,-0.029791491,-0.47555575,0.034247816,-0.056858905,0.12584163,-2.1183794,-0.18040848,-1.0402899,-0.62857115,-0.042490106,-0.4028009,-0.1586486,0.020390311,0.025308395,-0.012489017,-0.37258688,-0.045395955,CUST10906,0.0012821606,Low
-0.8461685,1.3491919,-0.38999507,0.121348076,-0.05946276,-0.7416527,0.07075645,-0.6732088,1.0854713,1.2130053,-0.6723137,0.96205324,0.24595053,0.18151511,0.31844646,-0.121916145,-0.012953714,0.09046492,-0.016959155,0.6639966,0.1370687,CUST10907,0.9458054,High
0.047449615,1.9029317,-0.04791018,-0.10251577,-0.019654993,0.05745801,0.30384773,0.14527082,0.049970582,-1.7539477,0.074477,2.328888,0.6752628,0.041443802,0.2989914,-0.13429405,0.010620048,0.00096331164,0.0005885784,-0.5670523,-0.77225846,CUST10908,0.923815,High
-0.70538193,-1.1441696,-0.09887348,-1.6814915,-0.08442109,-0.72977483,-0.07686723,0.017592905,-2.0507731,1.2230974,0.11369824,-2.8929718,0.19053979,0.22073855,-1.144294,-0.34724715,-0.12954018,-0.38534382,-0.006751768,-0.13004878,-0.034517102,CUST10909,4.9081238e-05,Low
-0.018003166,-0.64522386,-0.22181061,-0.33193725,-0.04922952,-0.3387237,-0.022694942,-0.48861286,0.63965166,-1.6753649,-0.0880983,-1.4532315,-0.43921033,-0.1164947,-0.32989913,0.00758438,0.22570686,-0.05453959,0.07390122,-0.3155219,-0.16363487,CUST10910,0.002870001,Low
1.182042,-0.8490209,-0.012729622,-0.17057052,-0.05628267,0.39683223,0.53563726,0.46546018,0.33173135,2.2304296,-0.7264817,0.31859133,0.3102206,0.2733116,0.12956406,0.20024437,-0.04954812,-0.38366628,-0.0068666157,0.05809046,-0.6001454,CUST10911,0.97157526,High
0.11541731,-0.12785353,0.0049188077,-2.5365508,-0.049877964,-0.31265816,-0.021144785,-0.06435434,-2.4615886,1.7679275,-0.14410661,-1.0268306,-0.43806484,-0.35458964,0.07831478,-0.027075823,0.0650892,0.09481619,-0.0058885645,-0.39380345,0.13394317,CUST10912,0.0031753953,Low
0.86426175,1.3310716,-0.03906149,0.18743385,-0.06923797,0.3421196,0.05598277,0.2825522,-0.4861657,2.1374435,-0.8546138,1.1215231,-0.38343164,0.35697734,0.034401722,0.3259149,-0.026487608,0.22019057,0.0033357954,-0.7897345,0.11533348,CUST10913,0.9908483,High
-1.0720793,0.3816407,0.22042498,-0.01493116,-0.08812508,0.21396671,0.14520243,-0.095727004,-0.6216339,-0.60316575,0.50312394,1.6662146,-0.5260849,0.05369309,-0.14762437,-0.015530075,-0.037548628,-0.15043327,0.02676636,-0.5586545,-0.56332475,CUST10914,0.20932272,Low
1.0083565,1.3106686,-0.24495755,-0.4277495,-0.05045136,0.4497603,0.083635546,0.109944485,0.5046952,1.8959535,-1.135706,0.9282809,0.6871127,-0.064337894,0.06765264,0.33134612,0.00042357366,-0.34222442,0.0017256532,-0.78500867,0.107135765,CUST10915,0.9877642,High
0.1278898,1.4030175,-0.058662616,-0.051864494,-0.07022731,-0.119075656,-0.07237462,0.33208695,0.3040372,2.1482127,0.4000511,0.90354294,0.36772445,0.19588079,-0.045057684,0.16392344,0.023093758,-0.13801922,0.009716358,0.053094856,0.010274099,CUST10916,0.99710566,High
-0.26238462,0.9507081,-0.34013438,-0.5725999,-0.043313455,-0.01660402,-0.058787182,-0.06217145,-2.1845114,-1.6170629,-0.512218,-1.5548164,-0.600307,-0.3655295,0.07548602,0.048108753,-0.053562228,0.108080246,-0.016850231,-0.08640227,0.1820569,CUST10917,0.0008859201,Low
-0.830805,-0.7201945,-0.17624655,-0.6183457,0.42928338,-0.19389153,0.00088308565,0.3857666,-0.015903646,-0.47543183,-0.85347104,-2.3867211,0.87853235,0.030803245,0.25262898,0.02861449,-0.106434636,0.13201603,-0.04039196,-0.21974663,0.06361562,CUST10918,0.011199513,Low
-0.014572052,-0.8265245,-0.024789829,-0.45428133,-0.06751441,-1.1473504,-0.62827533,0.46271652,0.3485711,2.4319136,0.45248276,2.8606794,0.14329556,0.3247866,-0.22999465,-0.12839724,0.015950829,0.09477939,-0.006150542,0.120832264,0.15924385,CUST10919,0.97900426,High
-1.0195662,0.3231599,-0.18068452,-0.39382467,-0.061733678,-0.7215904,-0.095532395,0.26694307,-0.72124547,-0.8545485,-0.015283984,-1.9404824,-0.5263434,0.16943723,0.043999843,-0.10378716,0.037410818,0.045337684,-0.00045404024,-0.04393726,0.3294814,CUST10920,0.004036122,Low
0.017046757,0.39331195,-0.10346119,0.21776956,-0.03507912,0.3055198,0.07687547,-1.3311789,-0.3060022,-1.9760925,0.47311088,1.1069049,-0.41518041,-0.017525459,0.08112065,-0.07108459,-0.059005488,0.06259968,0.00021312106,0.032643296,-0.3549196,CUST10921,0.12481585,Low
-0.9406177,0.044175364,-0.29057395,-0.23715845,-0.043677177,-0.45510665,-0.15299733,0.20857023,0.00229485,-1.6860566,-0.019224275,-3.1097462,0.42653695,0.026254522,-0.03650955,0.2913572,-0.0090529155,-0.21923482,-0.0033484697,-0.30448645,-0.09286866,CUST10922,0.0012966767,Low
1.066646,1.1632668,-0.38960195,0.26193535,-0.051571112,0.08556858,0.1216831,0.35584313,-0.03187057,1.1965673,0.12726727,1.8692867,0.3292359,0.1868919,-0.023900047,-0.11958709,0.009982083,0.11847459,-0.0032054419,0.34282157,0.1349365,CUST10923,0.99877733,High
-1.1996135,-0.952023,-0.27248034,0.009647995,-0.06657888,-0.36196214,-0.6375011,0.1736228,0.24520102,-1.5817719,-0.3775257,-1.7533967,0.9345956,-0.23926546,-0.4169719,0.02635313,-0.12783691,-0.07194397,-0.016537098,0.41048455,0.0827496,CUST10924,0.0019500757,Low
-0.12838803,-0.6636154,0.08862964,0.75936854,-0.07789498,0.018313915,-0.77009326,0.21858792,0.16845217,-0.6806445,-0.16840853,-3.363769,-0.28609204,0.15292755,-0.28101417,-0.34575972,0.012614278,0.121215776,0.0011428545,0.12104085,0.05115896,CUST10925,0.0060754255,Low
-1.027324,0.62931406,0.6889123,-0.20782803,-0.071316145,-0.2861971,0.20116617,0.40409705,-0.73140836,-0.35583556,0.1828215,-2.7745106,-0.75986606,-0.3073844,-0.009183776,0.00039262034,-0.049688637,0.0981549,0.0012009805,0.098399274,-0.01007455,CUST10926,0.01297921,Low
-0.72877526,-0.82593185,-0.019190539,-1.1793342,-0.061576348,-0.61088294,0.24098091,0.5739167,-0.8450898,-0.25058874,-0.14705823,-1.9862134,-0.41780794,0.14397646,0.5829451,-0.14189267,-0.046313655,0.10425083,-0.018431522,-0.2207359,0.2741836,CUST10927,0.0035944837,Low
-0.07484645,-0.057026766,-0.48554707,0.36405128,-0.045975573,-0.27311212,-0.17777741,-0.8903435,0.2224485,-1.9863546,-0.4754023,-0.74640465,-0.48428547,0.112911455,-0.19419277,0.25960463,-0.021092039,-0.1645898,0.0018862225,0.5663219,0.1426817,CUST10928,0.011518356,Low
0.02111719,0.32246572,-0.3443891,0.39911157,-0.06590385,0.36967283,0.005506264,0.21991138,0.4537993,-0.47963262,-1.0427794,0.99195874,0.42954808,-0.041453358,0.27756613,-0.024512718,0.046371073,0.108138,0.011196527,0.7186995,0.26909736,CUST10929,0.9308813,High
-0.13444205,-0.009471312,-0.3437441,0.38086322,0.259534,0.2837044,-0.037135154,-0.7969609,0.48436165,-2.2531219,-0.14133142,-2.1135306,0.7481595,0.1028726,-0.085400395,-0.20070642,-0.00040489927,0.0134273,-0.0062921895,0.035295658,-0.047610343,CUST10930,0.019702451,Low
0.0982143,-1.3865952,0.47614205,-2.0727928,-0.049801435,0.13135695,0.09096831,0.43760386,-2.254036,-0.3567791,0.105283245,-0.93770003,0.46190006,0.08586356,-0.11756803,-0.34445342,-0.07894323,-0.08845276,-0.007268093,-0.37964174,-0.15810043,CUST10931,0.0016754725,Low
0.017949905,-1.0677308,-0.0012738211,-0.8807104,-0.049410716,-0.39053527,-0.38525775,-0.66232145,0.3783953,-2.37534,0.32497877,0.32959908,0.27223668,0.51689863,0.06682296,-0.17179015,-0.07919113,-0.14267655,-0.009929576,0.39003178,-0.7332896,CUST10932,0.009033631,Low
-0.6294083,-0.809521,-0.29280767,-1.2450567,-0.0301544,-0.0040826993,-0.25828648,-0.521084,-1.0402904,-1.33561,0.42098385,-2.475364,-0.3796846,-0.12862235,0.6018429,-0.1788767,0.10257635,0.07951117,-0.010371886,-0.10338168,0.3381339,CUST10933,0.00035439734,Low
-0.9183997,0.087824464,-0.4196188,-0.06501677,-0.018267607,0.040286187,-0.36238265,-0.84125686,-0.8106465,-1.9740142,-0.109316625,1.8088229,-0.61229575,-0.80673623,0.26169458,-0.19152594,0.010995425,-0.07016271,-0.01536308,0.0727946,0.031248776,CUST10934,0.0070579485,Low
0.06140197,0.3154175,0.036228094,0.45675159,0.18274538,-0.08095486,0.23250139,0.357122,0.42945987,-1.9452564,0.2832236,2.2101545,1.1858081,0.13042651,-0.06653415,-0.14273934,-0.03606413,-0.053550143,-0.03928767,0.0495601,0.4542303,CUST10935,0.98157525,High
-0.3266538,-0.8856544,0.1275322,-0.5840534,-0.06332113,0.061678942,-0.74424964,0.31090355,-1.7153045,-0.4974458,-0.49780822,-2.1224895,-0.31966838,-0.023286307,0.12359222,-0.12598582,0.063431785,-0.10599407,0.0018351851,0.15469432,-0.44539145,CUST10936,0.00047163968,Low
0.023023406,0.30405,0.47022942,-0.22708306,-0.051036187,-0.05504485,0.1183091,0.05393792,0.39252317,1.5043088,0.8500801,2.1152983,-0.26308945,0.3338725,0.22010879,0.16183972,0.010765975,0.10756577,-0.0012152828,0.27354488,-0.6782575,CUST10937,0.9963832,High
-0.111685924,-0.052970026,-0.28868058,0.4463937,-0.089715704,-0.33313525,-0.77686524,0.30657038,0.21833436,-0.7769447,-0.13606036,-3.5177624,-0.46694875,0.17878205,-0.14831859,-0.1134411,-0.044945605,0.074035235,-0.001894675,0.14494574,-0.13366404,CUST10938,0.0034389128,Low
-0.027549515,-0.12856708,-0.3566039,-0.11283496,-0.029488916,0.14071223,0.27168387,0.06101316,0.22576177,-2.596764,0.026131488,0.27205753,-0.38297278,0.010885086,0.2729288,0.17094457,0.020386904,0.10030755,-0.008976109,0.32101148,-0.840459,CUST10939,0.06688364,Low
0.2580516,-0.9908059,0.6024172,-0.68508977,-0.052084893,-0.31835726,-0.17566776,0.14664257,0.10869308,-0.6842328,-0.095341176,-0.44990963,-0.5465186,0.021377271,0.14155379,0.03740121,-0.11742318,0.081691206,-0.040125325,0.024270613,0.25534257,CUST10940,0.07424099,Low
0.10102168,0.3894853,-0.49392405,-0.7450223,0.2993048,0.07013194,-0.304173,-0.11727416,0.24051312,-0.55727816,-0.32483342,0.9101178,0.37976202,-0.04445234,-0.019189637,-0.026449662,-0.078502685,-0.09066844,-0.0035766894,-0.12224137,-0.7021312,CUST10941,0.21677464,Low
0.80219287,-1.1546834,0.38319498,0.37866777,-0.035675988,0.2557354,0.022537658,0.25834975,-0.14008169,2.2886364,0.3405867,2.1206229,-0.25423062,0.2406927,0.064796865,-0.23904666,-0.00734668,-0.09134072,-0.0028841263,0.44612256,0.22940685,CUST10942,0.99715996,High
0.01404554,-0.12130562,0.6858915,0.1540257,-0.07347065,-0.085702576,0.068250544,0.16848671,0.17892961,0.42770976,1.4592596,1.2290175,-0.29900345,-0.11094169,-0.05008443,-0.05241189,0.02825989,0.13795969,0.005129618,-0.48148113,-0.23150021,CUST10943,0.95283914,High
0.17974867,0.36142352,0.11287009,0.42835614,0.40883848,0.3043774,-0.007675629,0.4371718,0.397613,0.62525606,0.6295804,-0.56341684,0.47194389,-0.3920644,0.10440954,0.09239736,-0.026504038,-0.41304487,0.004649222,0.14246406,0.34935388,CUST10944,0.9734693,High
-0.1393182,-0.8143292,-0.77776974,-1.3251907,-0.09147635,-0.16189104,-0.23125531,-0.37996286,-1.0177413,0.34181094,-0.73293585,-2.6315339,-0.30438092,0.09804477,0.45954868,0.047149755,0.030196171,-0.045551307,-0.0059172045,-0.2131016,-0.30549446,CUST10945,0.00026216308,Low
0.95678335,0.79794705,0.44849285,0.14320317,-0.04301778,-0.0012993453,-0.021795806,0.16293298,0.18511051,2.1563952,0.4472801,0.7952025,0.60708547,-0.015349762,0.19407867,0.043298993,-0.0068780733,0.20237395,0.010370742,0.4688656,-0.86305946,CUST10946,0.9986721,High
0.29600465,-0.124082595,0.023105603,0.4754548,-0.04418939,0.26489297,-0.4833818,0.23642786,-1.1166726,2.5673068,-0.9706094,2.6138055,0.264364,0.1677225,0.152484,-0.16414674,-0.08365462,0.13576433,-0.0027043736,0.22373307,-0.73260635,CUST10947,0.9747618,High
-0.058735456,0.32762906,-0.42448768,0.1420364,-0.07075968,-0.15208936,0.12654397,-0.7576299,0.32221746,-0.60715485,-1.6285324,0.5839287,0.42094147,-0.061068,0.18200259,-0.37611008,-0.06612358,0.010890214,-0.009051898,-0.1797246,0.1440043,CUST10948,0.10188486,Low
0.12081544,-0.015323923,-0.2673472,0.0397084,0.18105061,0.19137383,-0.06588143,-0.018374002,0.21345162,-2.6103141,0.26088038,-0.7676034,0.37267017,-0.22746669,0.2587157,-0.26560566,0.023778012,-0.003932234,-0.008275868,-0.6053392,0.254634,CUST10949,0.048173722,Low
-0.1242482,0.33767664,-0.08778866,-0.86747766,-0.06772707,-0.49277368,0.056078304,0.15666741,0.52798456,2.8024726,-1.5510827,0.68008274,-0.42700255,-0.19799985,-0.2510668,0.24472035,0.020699611,0.16357586,-0.010581281,0.65767455,-0.037191056,CUST10950,0.8157046,High
-0.82486457,-0.7346494,-0.31106287,-1.0503458,-0.02666022,-0.5294481,0.29344127,-0.6695621,-0.88345486,-0.972409,-0.47633076,-2.3017063,-0.28840142,0.14132783,0.23411368,-0.1933781,0.25192958,0.08102596,0.002086374,0.29486126,-0.13930558,CUST10951,0.0002892367,Low
0.3738169,1.5053669,0.023395441,0.5028452,-0.06317534,0.4297539,0.072203025,0.324585,0.36980024,-0.70697856,-1.2180212,0.6437078,-0.54312444,0.14704767,0.17798185,-0.0782059,-0.03109122,0.06195374,0.007102263,0.8498602,-0.00987979,CUST10952,0.94233775,High
-0.28759146,0.26394913,-0.31901234,-1.1183666,-0.036576428,-0.16941209,-0.05018805,-0.97193116,-2.1465104,-1.0590818,0.1786022,-2.6083915,-0.6461571,-0.69358444,0.27766174,0.0075909104,-0.051964063,0.095781274,-0.01760245,0.18399441,-0.06635642,CUST10953,9.323195e-05,Low
-1.0438557,-0.8971239,-0.13310215,0.2539986,-0.09295422,-0.4414265,-0.23785765,0.19525324,0.37378767,-0.74554044,-0.1411796,0.7497025,-0.3671744,-0.16168498,-0.21629694,0.115945436,0.08873543,0.051843476,0.0040605045,-0.33091938,-0.08981095,CUST10954,0.042664688,Low
0.24888596,-0.13967101,-0.19078203,0.5738044,-0.073414594,0.62831753,0.1615189,0.39470267,0.4774092,-0.31720135,0.8902023,-2.3265836,0.44386688,0.21872559,0.56180984,0.24765283,-0.009636594,0.035602685,-0.008477617,0.37794417,-0.0054612285,CUST10955,0.89510983,High
-1.2797598,-0.60776705,-0.08589001,0.7567061,-0.03809614,-0.7482306,-0.22981331,0.17207195,0.08480185,-2.378257,0.76589864,0.42088336,-0.438437,0.1538985,-0.019145483,-0.092091896,-0.09089479,0.10682335,-0.07892878,-0.05421653,-0.0716919,CUST10956,0.021938767,Low
-0.04930057,0.17886181,0.68379784,-0.23543555,0.16940498,-0.321414,0.069138326,-0.58471614,-0.08789463,-1.8964212,0.5901574,0.31552052,0.34640658,0.08782815,-0.050240077,-0.41576868,-0.009877867,0.18441094,0.008464315,-0.05847652,-0.12416975,CUST10957,0.22358298,Low
-0.16140173,-0.98323,-0.050153054,-0.71212983,0.26988792,0.38348022,0.17543785,0.21391474,0.00182351,-1.7234231,-0.72258294,-2.3220375,0.32594317,0.10142106,-0.16499574,-0.19202839,-0.05199978,0.046719138,-0.005492198,0.19263028,-0.070712455,CUST10958,0.004094075,Low
-0.10582091,-1.2794847,-0.13513274,-0.6368097,-0.086843684,-0.6998325,0.23383334,0.24408089,0.1901351,1.7254927,-0.15610634,-2.0697339,-0.18724252,0.021461098,-0.14716272,-0.18141472,-0.12608688,0.057512064,-0.049266428,-0.1654167,0.12046502,CUST10959,0.029928558,Low
-0.17062053,-0.6885407,-0.26924738,-0.093632355,-0.11652558,0.32234955,-0.55728644,-0.019082777,0.17647973,-1.2733945,-0.8467411,-1.7979187,-0.3497936,0.09279148,-1.064409,0.013922645,-0.12449206,-0.021811174,-0.001833282,-0.60042644,0.12602626,CUST10960,0.0006687925,Low
-0.71392053,1.5216337,0.15196562,-1.0876521,-0.02944319,-0.7361949,0.19762771,0.29619813,-2.0893457,-0.7521181,-0.71822256,-2.489796,0.8292347,0.12634732,0.13865347,-0.11254521,-0.015538144,0.14927553,-0.00899845,-0.10069023,-0.22183071,CUST10961,0.0032999464,Low
-0.84246397,0.2903654,-0.10022904,0.4020067,-0.04633504,0.2724746,-0.14295419,0.28425556,-0.49370596,-1.0025744,0.78358465,1.5836321,-0.52409416,0.314233,0.38388926,0.0061054523,0.051086728,0.12715429,-0.011484046,-0.0007326625,0.39238638,CUST10962,0.8430922,High
-0.025078932,0.24011305,0.6179948,0.38578475,-0.05039455,0.25931877,0.3858197,0.24852258,0.246144,1.2844834,1.4934494,0.46096116,0.35087055,-0.30114338,-0.1489264,-0.34790835,-0.013099521,0.052888688,-0.013840193,0.021125479,-0.08923256,CUST10963,0.9933909,High
-0.09645378,0.23461023,-0.40855014,0.10422644,-0.076155566,-0.6318686,-0.037765432,-1.0927094,0.22601423,-0.5645308,-1.341214,-1.1348886,-0.3700811,0.305972,0.17303194,0.066123635,0.010208258,0.015124207,0.015127007,-0.21938121,-0.15436715,CUST10964,0.0065435255,Low
-0.16467364,0.36679584,-0.0014748598,-1.6311592,-0.044170607,-0.06633783,-0.18324931,0.0111762425,-2.280874,-0.4963493,0.09983008,-0.70102495,-0.4406574,-0.1650162,-0.11407844,-0.038752403,0.049471088,0.12393919,-0.005924335,-0.058747027,-0.31261063,CUST10965,0.0022399216,Low
-0.12949416,0.37465787,-0.31005275,0.5726446,-0.07520111,-0.19501665,0.058598604,0.04791356,0.1419161,1.5178887,-0.16540343,1.0168729,0.2434399,0.20803986,0.0941772,0.29140124,-0.0490133,0.0681989,-0.008192893,-0.07555449,0.064928904,CUST10966,0.9746071,High
0.07249452,-1.2329533,-0.083618134,-1.9304088,-0.067794085,0.012519289,-0.878968,-0.07663665,-2.2449102,-0.37657663,-0.38250932,0.42904127,0.3808575,-0.23932509,0.0021260362,-0.11134769,-0.10321164,0.113088965,0.00037303194,0.3415676,0.13206734,CUST10967,0.0018525964,Low
0.28572288,-2.5591404,0.31744295,0.4171285,0.33795422,0.3547951,-0.34337267,0.3424935,0.3815784,1.3595831,1.1467394,1.8470163,0.56077206,-0.099548586,0.24479336,0.21701708,0.028235015,0.03892041,0.01344016,0.31425914,0.16898884,CUST10968,0.9951775,High
-1.2008386,-1.498165,-0.004011287,0.10424349,-0.042829882,-0.23402421,-0.09549631,-0.6595466,-0.90501803,-1.844609,0.4191332,1.6970594,-0.23887937,0.07492858,-0.2060942,-0.118950255,0.21721351,0.07496194,0.007638796,-0.46464783,0.03391082,CUST10969,0.0071803275,Low
0.015518682,-1.0607765,-0.09605332,-0.05058293,-0.052126553,0.2855128,0.24849804,0.33034626,1.2443149,1.2168779,0.32289556,-0.45890903,-0.23226404,0.021005617,0.31812298,0.2122516,-0.06990746,-0.1331622,0.008654945,0.038129374,0.35323474,CUST10970,0.9180694,High
-0.84192145,0.07278776,0.07778145,0.15187562,-0.033955194,0.27057263,-0.09760615,0.22532976,0.29718116,-2.0324976,0.4966445,-0.38788986,-0.3777842,0.13827163,-0.07805957,0.269906,-0.036141034,0.17766343,-0.0045036166,0.030935561,-0.52326655,CUST10971,0.09536162,Low
0.92740315,1.2660667,0.39033687,0.20734449,0.23080888,0.3285615,-0.062343165,0.19563775,-0.100944094,0.4637571,1.107494,2.007789,0.6496562,0.13785517,0.20517157,0.19840933,0.022375917,0.021433342,0.00644309,0.089739576,0.11019029,CUST10972,0.9997656,High
-0.024415303,0.5772595,-0.003942905,-0.17825992,-0.024517028,0.24697062,-0.008309664,0.2533259,-0.051486626,-1.9735012,0.18874419,-0.854638,0.48064446,0.15978956,0.017190486,-0.18916094,0.014447972,-0.074166134,0.0024093217,-0.4235627,-0.005351189,CUST10973,0.12834057,Low
-0.7983316,-0.02130969,-0.7917974,-0.22271204,-0.04802651,-0.3842038,0.22441784,0.15396042,0.8199766,-1.4045316,-1.1799914,-2.582964,0.39617163,-0.07138307,-0.059311356,-0.06734263,-0.02234079,-0.08409452,-0.0078093573,0.054024868,0.19103833,CUST10974,0.0025945518,Low
-0.07770778,0.4852531,-0.0468073,0.19164231,0.51107264,-0.7128132,-0.0706193,0.15395765,0.16863272,-0.84380776,-1.2452477,0.64473003,0.5550032,-0.13449824,-0.14476389,0.009772055,-0.010126301,0.12707087,0.00056457287,-0.0910759,0.264799,CUST10975,0.42307776,Medium
0.33555976,-0.7313317,0.414415,0.28192833,-0.0427151,0.14298648,-0.057081632,0.17022766,0.5641352,2.4565096,1.0259862,2.4437523,-0.2205593,0.3060494,0.10036406,0.21062392,-0.056095876,0.026111525,0.0071624247,-0.51156616,0.14775564,CUST10976,0.99906033,High
0.18243709,-1.06852,-0.106250614,-1.9198217,0.573695,-0.18699689,-0.11681135,0.25080582,-0.66833985,0.7232513,0.08178037,-2.7711108,0.37865704,-0.27539778,0.22796549,0.191402,-0.117865734,-0.08738028,-0.018677454,-0.017280025,-0.04130169,CUST10977,0.007915821,Low
-0.21552035,-0.19234753,-0.2352367,-0.67434055,-0.09202872,-0.11391858,-0.15127267,0.18154506,-0.48633167,-0.48348507,0.39894134,0.5802904,-0.5151697,0.12678884,-0.5360869,0.20949328,-0.027946578,0.055495664,-0.0019535376,0.24430133,0.078291416,CUST10978,0.13059893,Low
0.0059181172,0.1536067,-0.19054614,-1.621306,-0.09509216,0.17629687,0.17300287,-0.9925985,-1.8517386,0.16982944,1.2418092,-2.775303,-0.48466763,0.21036738,0.2156597,0.0477533,-0.047676843,0.06070035,-0.010888332,0.33960402,0.037950404,CUST10979,0.005054029,Low
-0.128574,-1.2376388,-0.34997067,-0.3702836,-0.034238134,-0.23637243,-0.0059614005,0.1896378,-2.3302321,-0.541214,-0.13593374,-0.50137883,0.4130353,-0.58728427,-0.17957528,-0.3801864,-0.03856674,0.016423983,-0.005774952,0.078861885,-0.021129847,CUST10980,0.0016073779,Low
-0.015984628,0.34447116,-0.029271841,0.42991456,0.48538643,0.23961844,-0.02137424,0.4006906,0.21480937,-0.71226823,-0.9494243,0.5266531,0.5841218,0.20808437,0.13235828,-0.056429572,-0.027012313,0.051392708,-0.0053300452,0.042440046,0.018182585,CUST10981,0.86006695,High
-0.6919685,-1.1846405,-0.22031629,-1.3408155,-0.063526236,-0.011615949,-0.623833,-0.04197949,-2.0158935,-1.3081856,-0.45390218,0.2618871,0.22121346,0.054033104,-0.8430158,-0.26328602,-0.13311334,-0.10018944,-0.018286766,-0.04086772,-0.06708721,CUST10982,0.00013226477,Low
-0.7075983,0.22000326,-0.66465956,-0.794397,-0.023227222,-0.39608976,-0.45333454,-0.5903933,-2.1521778,-1.2838098,-1.259755,-0.6270195,-0.42605707,-0.034382664,0.26741168,0.12762946,0.025260678,-0.006444287,0.0006304253,0.3645749,-0.21138345,CUST10983,0.00017156107,Low
-0.17065442,-1.1621778,-0.3163452,-0.46205312,-0.08925755,-0.7547481,0.095697634,0.20669773,0.53284156,-0.40714127,-1.0672513,0.1756178,-0.17176947,0.21881074,-1.2180852,-0.3089205,0.061984938,0.04601902,-0.015936377,0.58046114,0.21621807,CUST10984,0.017037194,Low
-0.15081236,-0.29435316,-0.26314658,0.11298317,-0.116472706,-0.17704499,-0.02324288,0.22015576,0.0022178402,0.23745418,0.17564967,-3.975379,-0.44812277,0.16044918,-0.19617473,0.07327711,-0.007490388,-0.2746696,-0.054200843,0.027921509,-0.07340818,CUST10985,0.006122813,Low
0.15360506,-2.484168,0.36658978,-0.14085047,-0.051442176,0.09400641,-0.7431571,0.28961694,-1.6168847,0.30946368,0.55879295,0.85362136,0.24879079,-0.19935301,-0.054305177,-0.15495911,0.09240513,0.10419685,0.005780525,-0.07021835,-0.01789175,CUST10986,0.075750045,Low
-0.16491312,1.4132378,0.056064814,0.3259551,-0.07087378,-0.85408294,0.17410691,0.1282909,0.3890259,0.22403105,-1.6380984,1.4947723,-0.34228384,0.37037396,0.23789842,0.0052562645,-0.019419951,0.11464262,0.0014871545,-0.046705753,0.102840215,CUST10987,0.8648793,High
-0.8096635,-0.29725203,-0.07975238,0.25381953,-0.03806861,-0.23580071,-0.11813561,-0.43826196,1.1901246,-1.563024,-0.765248,-2.6006713,0.80688035,-0.29094338,0.62715876,-0.23306279,-0.02840127,-0.010742573,-0.005703478,-0.13045149,-0.21867347,CUST10988,0.0064895116,Low
-0.018883076,0.3517645,0.88981867,-0.25354788,-0.03163187,-0.026519082,0.15218778,0.6369454,-0.46072638,-0.48268914,1.729756,-0.38640553,-0.4591102,-0.32851112,0.1813834,0.15744984,0.04031483,0.071164034,0.013025239,0.078331776,0.47799647,CUST10989,0.9077889,High
-0.7621721,-0.27353927,-0.30282855,-0.58097327,0.1982879,-0.5259006,0.17213203,-0.056221113,-0.06936957,-1.4786366,-0.17524062,-2.7566407,0.3085375,0.07270112,-0.27450213,-0.17859943,-0.060480725,0.12901656,-0.030201914,0.21761294,0.4189577,CUST10990,0.0023447135,Low
-0.13852762,0.23565108,-0.022602433,-2.208742,-0.0965582,-0.030245699,0.16506562,0.40536988,-2.0960448,0.7282772,0.02370598,-2.8173864,-0.47175255,0.34965613,0.020631732,-0.06910209,-0.042396095,-0.07399407,-0.010330627,0.04778901,0.23257388,CUST10991,0.002693681,Low
-0.039876346,-1.0865759,0.20835489,0.43584946,0.465867,0.38282025,0.43355668,0.17534038,0.26658085,2.1068544,0.46975392,1.211782,0.70010954,0.032244623,-0.8900688,0.4224672,-0.07546362,0.17220367,-0.03850136,0.057528142,0.045281544,CUST10992,0.99555236,High
1.1056031,1.0470787,-0.33716866,0.4426567,-0.034338586,0.27377594,0.10916672,0.14935854,0.15711346,2.2194881,0.26000828,1.7839425,-0.37434256,-0.43485337,0.22150889,-0.40152523,-0.014759852,-0.082534246,0.009605504,0.1668158,-0.041736986,CUST10993,0.99793315,High
0.8230588,-1.1948388,0.3162876,-0.72442865,0.16500184,0.050946113,-0.097669944,0.35608098,0.61923444,1.9022778,1.2363435,2.274112,0.290499,-0.09211168,0.3927916,0.12261717,-0.03846395,0.106413014,-0.0050983955,0.17969191,0.11910408,CUST10994,0.99883825,High
-0.85875285,0.29571256,0.38730428,-0.92682487,-0.0347428,-0.67647505,-0.095142834,0.1581056,-1.9920732,-0.497961,-0.14177874,-0.52254456,-0.35297075,0.19732407,0.10262713,-0.05457574,-0.031985357,0.10470709,-0.004176252,-0.16567127,-0.04160137,CUST10995,0.0055044508,Low
-0.80037206,-0.922882,-0.2236122,-0.43296173,-0.04345412,-0.0603334,-0.3533681,0.21387586,0.061074313,-1.173909,-0.14666788,-2.9820647,-0.40937844,-0.5495093,-0.21298496,-0.29062766,-0.20055391,0.10769837,-0.034156002,0.038546097,-0.46845114,CUST10996,0.00013243628,Low
0.19224092,1.3036505,0.67564857,0.03371048,-0.058334846,-0.0063527892,0.20342001,-0.019232152,0.48767313,0.24028894,0.5088812,0.5496051,-0.6746439,-0.112332165,0.29267508,0.13521092,-0.018312918,0.23579004,-0.008025058,-0.40551153,-0.009491212,CUST10997,0.97072697,High
-0.108630985,-0.96805555,0.028101677,-1.7364122,-0.05657508,-0.0045887623,-0.26675057,0.055941008,-1.9702816,-0.26784497,-0.040508237,-1.6671716,0.45001057,-0.065673895,0.29183748,0.066518076,0.05895266,0.08080047,-0.002552337,0.26418543,0.15699755,CUST10998,0.0031825441,Low
-0.8790111,0.18031085,-0.30078116,-0.5092357,-0.051723637,-0.20149119,0.050527893,0.16161416,-0.23728624,-1.6664771,-0.5949915,-0.9401055,0.650222,0.008978117,-0.9674021,-0.28527898,-0.048265826,0.04980436,-0.008733755,-0.09503816,-0.0057127364,CUST10999,0.0032196413,Low
-0.22623818,-1.9384323,0.57296324,-0.85587704,0.40329346,-0.11376186,-0.28697157,-0.0349852,-2.1352065,-0.39269006,0.5549863,-1.4249848,0.34710437,-0.2674401,-0.11188325,0.25439435,0.09668287,-0.027626116,0.006794439,0.24703526,0.05693981,CUST11000,0.0048636612,Low
-1.4003878,-0.8283679,0.61995536,0.51169,-0.041822292,-0.10531792,0.20313333,0.1132017,0.08770465,-2.3566358,1.6191314,0.55943954,-0.37825912,-0.07428488,-0.16303083,-0.095814146,-0.09797099,0.031891476,-0.034718357,-0.19022134,-0.092969574,CUST11001,0.10350849,Low
-1.0190603,-0.8604037,-0.3587121,0.2584775,-0.07303627,-0.25383475,-0.2707305,-0.86499727,-1.1306686,-0.7410543,0.019866316,-1.9020139,-0.40120837,0.17957224,0.31326053,-0.035270285,-0.16461034,-0.010774094,-0.030453706,0.28505787,-0.11571897,CUST11002,0.0007301738,Low
-0.3510729,-1.1266649,-0.17167276,0.79734814,-0.08072085,-0.6076253,-0.68209267,0.058056768,-0.5738639,1.8523546,-1.5127999,0.32784942,-0.3011861,-0.3210514,-0.63973385,-0.43014744,-0.09762235,-0.5399081,-0.03433811,-0.08872947,-0.52181846,CUST11003,0.0061165486,Low
-0.18935572,0.30534372,-0.33558047,-0.7152913,-0.026490912,-0.15881805,0.08734992,-1.1106817,-0.5254196,-1.2320862,0.2930102,-2.6868913,-0.52713996,-0.30500767,0.2206925,0.20967354,-0.055834126,0.06744733,-0.005942193,-0.1834456,-0.07610626,CUST11004,0.0009149204,Low
-0.02759137,0.49143228,0.2931855,-0.29644644,-0.059100132,0.10613521,0.1966632,0.4140362,-1.9696207,-0.44792423,-0.8752382,0.655336,0.6317491,-0.12317475,0.076163106,0.12681241,0.012735814,0.033178233,-0.0024492051,-0.49106407,-0.03358328,CUST11005,0.20850705,Low
0.184169,0.14066383,-0.42773205,-0.6886409,-0.05501677,0.44926783,-0.059073955,0.348914,0.23024452,-0.36080337,0.47295213,1.0296905,0.4227771,0.12293538,0.25642902,-0.2878629,-0.018172251,0.070982,-0.01642795,-0.036873575,0.1551458,CUST11006,0.86857116,High
-0.25778514,-0.8383794,0.03151016,-2.0275946,-0.08688031,-0.2840461,0.28528318,0.36526486,-1.9398879,0.3765897,-0.7399647,-1.9046004,0.3954627,-0.28002715,0.3196683,-0.32653368,0.15840739,0.020315776,0.061965205,-0.062477276,0.050496172,CUST11007,0.0011950231,Low
-0.81578887,1.1818796,-0.19480044,0.17641866,-0.10889216,-0.75008017,0.23283584,-0.094591364,-0.14242293,0.1766625,0.331305,-3.5892742,-0.54129237,0.314808,-0.039113674,0.064860605,0.0065022903,0.0646333,-0.0050969375,0.04048981,-0.09119613,CUST11008,0.021303855,Low
-0.11169091,-0.21542837,-0.12607978,0.0055609024,-0.04117368,0.2205572,-0.050869025,0.17499284,-1.8727806,-2.1609633,-1.1288956,1.8437377,-0.46874204,-0.08698618,-0.0969513,-0.21337382,0.0008457768,0.077162445,-0.010749407,0.0025988226,-0.054252498,CUST11009,0.012633827,Low
-0.19517492,0.34979665,-0.17723735,-1.8844943,0.35700318,0.0579254,0.03789757,0.06231551,-2.1952717,-0.29891908,-0.70243657,-1.1979041,1.1334976,-0.47804078,-0.2191424,0.117515504,-0.043224853,-0.05349108,-0.0130319595,0.45573694,0.034497406,CUST11010,0.0074108634,Low
0.23761287,-0.99264157,0.20018771,0.7671615,-0.065163106,-0.06110254,-0.01013588,0.10548091,0.40339565,2.5365527,0.3831905,-1.0924072,-0.19570851,0.14305003,0.7151885,-0.034054358,0.16787833,0.16569439,0.027410762,-0.42459568,0.16973095,CUST11011,0.9569564,High
0.33694804,0.28216916,-0.023761593,0.23818095,-0.07796146,-0.3278992,0.22639374,0.1493613,0.39015204,2.5082679,-0.77476037,2.5939178,-0.43468392,-0.1958097,0.038433086,0.083350874,0.018021068,-0.19921683,0.0065523847,-0.11951941,0.17999695,CUST11012,0.9922551,High
-0.07267329,0.012415307,-0.2578671,-0.88020647,-0.03658063,-0.17372987,0.08518302,-0.08157906,-0.20114383,-1.127621,-1.1968416,-2.6450496,-0.4522935,0.09714563,0.1730083,0.016389957,0.0020980875,-0.010615516,-0.0049573258,-0.33364403,-0.12344279,CUST11013,0.0007045889,Low
-0.10312993,-1.0147734,-0.21120879,0.38534063,-0.053251483,-0.41297957,-0.11486768,0.32052633,0.42197758,2.1785645,-1.3817909,0.68267745,0.29112378,-0.34046018,0.29359856,-0.12666285,-0.038994044,0.14098401,-0.014575534,0.64989907,0.19554113,CUST11014,0.84584224,High
-0.84379023,0.08451001,-0.9408242,-0.5645587,-0.060683753,-0.54789376,-0.09465059,-0.94128865,-0.9010887,0.32118046,-1.0753484,-0.5221681,-0.506308,0.19039774,0.16765428,-0.0002442886,-0.057863306,0.22765002,-0.017137082,0.32055032,0.10675496,CUST11015,0.0033336938,Low
0.08523156,-0.16708174,-0.40127605,-0.35595322,-0.034477226,0.35548547,0.007876802,-1.0130881,-1.6812502,0.31446743,-0.21517897,1.9101332,-0.37501508,0.3059711,-0.013226454,-0.1410299,-0.03056179,-0.018610539,-0.0059290766,0.1441483,0.080715224,CUST11016,0.215205,Low
1.2997051,-1.4296925,0.4151983,-0.70299727,-0.058153592,0.1566547,0.027654618,0.3994827,-1.8150373,0.44523826,0.009949168,-0.98412585,-0.47581804,0.08552011,-0.06954435,0.10724697,-0.10397213,0.058734052,-0.021595746,0.019124243,-0.114432,CUST11017,0.057538465,Low
0.1650384,-1.3065727,-0.30927327,-1.3016655,-0.09068084,-0.3300703,0.027298566,-0.6817139,-0.025548747,1.2494024,-0.76799464,-2.8094552,0.32210612,-0.5321807,-0.292844,-0.27693522,-0.19547446,0.006796063,-0.025053484,-0.05806579,-0.46608433,CUST11018,0.0004330804,Low
-0.10959454,0.16042204,-0.123028934,0.26075894,-0.08583086,-0.10866835,0.023741618,0.046286214,-0.6557073,-0.5555163,-1.0616286,1.1762905,-0.55653733,-0.9547758,-0.37332654,-0.026309159,-0.04219944,0.09349088,0.0042496966,-0.031678535,0.12388254,CUST11019,0.055155583,Low
0.029961899,0.80243033,0.47806224,0.69062674,-0.042732786,-0.11838581,0.010329625,0.21718198,0.15947941,1.3389035,0.67924637,0.64853215,-0.45091352,-0.29396677,0.12785353,-0.3133291,-0.035547074,-0.47407332,0.009278545,-0.22676812,0.2905049,CUST11020,0.97015655,High
-0.17939195,1.4881573,-0.31027776,-1.3524814,-0.03530569,-0.27658,-0.06301351,-0.48116833,-0.56905925,-0.5490844,0.30669275,-2.6402493,0.51184,0.1119335,0.2038828,-0.07161229,-0.018824128,0.06450645,-0.0024633575,-0.2655753,-0.021788042,CUST11021,0.014846316,Low
-0.2969392,1.1971873,-0.2425492,-0.96354854,-0.018133307,-0.17505345,0.2995356,-0.9541682,-2.4048686,-0.82704043,0.158088,-2.6410758,-0.5932085,-0.79160905,0.023019541,-0.15407391,-0.08135562,0.0936355,-0.0030521112,-0.16798562,-0.13658032,CUST11022,0.00016245285,Low
0.8753726,1.4452813,0.43714502,0.5083889,-0.052387062,-0.11061902,0.12550172,0.2536642,-0.04171906,1.5965754,0.36745387,0.75161207,0.40109074,0.16230084,0.15287033,-0.0640386,0.009088505,-0.37553746,0.012053795,0.14562726,-0.6343294,CUST11023,0.9973226,High
0.017672533,-1.1614523,-0.041883204,-0.15940297,-0.09360335,0.32407945,-0.9308234,0.108915,0.7975989,-0.777145,0.35551804,0.61241865,-0.40522054,0.05028547,-1.2427207,0.20478146,-0.1150291,-0.007824209,0.0036025045,-0.68536425,-0.11961238,CUST11024,0.035216402,Low
-0.9609442,0.28789502,0.62569374,-0.6295999,0.12171389,-0.1775667,-0.043766756,0.07369709,-2.0506763,-1.4900527,0.53687894,-0.33518907,0.5285118,-0.4225263,0.10803348,-0.060865507,0.014916171,0.055569857,-0.0067221504,-0.2886682,-0.19895503,CUST11025,0.012644508,Low
-0.8834215,-1.4936149,-0.4004531,0.30111435,0.12557366,0.07095791,0.15977032,-1.0580869,-0.120270275,-1.5667838,-0.5112034,1.2208501,0.22594215,-0.10494309,-0.08338255,-0.42802525,0.08076921,0.03579823,-0.022963002,0.35006946,-0.018877877,CUST11026,0.015271738,Low
0.18609102,1.327721,0.52015054,0.109537125,-0.05267226,0.10093589,0.0534879,0.20073989,0.213375,1.9152277,0.60033524,1.082695,-0.30692765,-0.21141899,0.089288756,-0.12528433,0.0070225,-0.15840073,-0.0063985297,-0.21564902,0.2604779,CUST11027,0.99610883,High
0.08449478,0.38614583,0.6673027,0.40569082,0.36192918,0.335295,-0.11309619,0.27843106,0.2221421,-0.2487596,0.91204727,1.3553281,0.6551666,0.033024576,0.18150479,0.07673892,-0.03724134,0.06485674,0.0014806362,0.086670585,0.19850312,CUST11028,0.99716383,High
-0.08627054,-0.7555831,-0.039618194,-0.5208133,-0.0727029,-0.3367284,0.08625431,0.09382379,0.9100546,-0.6829644,-0.7933307,-0.73260516,-0.4909697,-0.046541475,-0.12510009,-0.018369822,-0.08316297,0.025442252,-0.011235176,-0.6442847,0.14423175,CUST11029,0.014405195,Low
-0.97558516,-0.7967562,-0.13019885,0.1323742,-0.05928016,-0.10261421,-0.7263642,-0.1252238,0.31918573,-1.3623439,0.42797515,-2.511537,0.29959145,-0.14115085,0.49508187,-0.019221794,-0.11963855,0.024227722,-0.0139779635,-0.2160544,-0.9116184,CUST11030,0.0014162678,Low
-0.031152489,-0.069087796,-0.4209806,0.37008032,-0.051952325,-0.18229926,-0.044958137,0.36600503,0.21327946,-1.9674499,-0.96033293,1.1912361,0.5483047,-0.056414515,-0.033776436,0.012532956,-0.028686475,-0.17332599,0.0019627558,-0.0926729,0.043420576,CUST11031,0.19600525,Low
-0.90201044,-1.1188171,-0.21573153,0.20132798,-0.095853254,0.30784523,-0.42903438,0.16057307,0.24694894,-0.84642684,-1.6340576,0.7087257,0.2190861,0.01910786,0.17724326,-0.012693489,-0.0066866484,-0.020406064,-0.008156229,0.01256426,-0.7455721,CUST11032,0.017511904,Low
0.098688446,0.21020992,0.4225002,-0.0878058,-0.06884545,-0.35257977,-0.32768914,0.20153192,-0.3263672,-0.6248868,0.55827284,0.9308306,-0.7427985,-0.30672082,-0.056201454,-0.24865551,-0.04056196,-0.21379556,0.0015554898,-0.05375118,-0.14703947,CUST11033,0.22806105,Low
-0.048694823,-1.0041485,-0.25632176,-0.38811877,-0.11895819,-0.25009978,-0.3880669,-0.7273974,0.43297288,0.258136,-0.23636131,-2.7379427,-0.24931513,-0.16223082,-0.16577643,-0.2621109,-0.115704425,0.026313968,0.02214633,0.003394158,-0.07670473,CUST11034,0.0015159834,Low
-1.1882142,-0.84750503,0.5643749,0.33347544,-0.09905574,-0.24939781,0.15062529,0.13570392,0.36544946,1.1787325,0.3527889,-1.0781097,-0.36871916,0.052804716,-0.22226033,0.07312548,-0.0057873437,0.07826781,-0.009305125,0.0011520043,0.33878237,CUST11035,0.3803052,Medium
-0.08907807,0.5014926,-0.1489273,-1.1416028,-0.058285527,-0.042421855,-0.05689096,0.10148192,-2.528977,0.22806387,0.6817879,-1.1859922,-0.7142444,-0.28125164,0.103797615,0.13138004,-0.03425008,0.106564425,-0.008154595,-0.38565665,-0.0577099,CUST11036,0.0072170957,Low
-0.10856116,-0.3018227,-0.17505556,-0.098868534,0.40946794,-0.13430837,-0.7712996,0.048064105,0.4253835,-0.59387904,-1.652715,-0.48742557,0.4758911,-0.3139545,0.39354908,-0.25829926,-0.029674653,0.08024716,-0.0072586555,-0.07399599,0.12889424,CUST11037,0.043488186,Low
0.17151496,-1.1294175,-0.17078784,-0.5816265,-0.0866002,-0.086362705,0.09841009,0.03319648,0.083406925,0.57875997,-0.5271061,-3.699447,0.5504733,-0.33296576,-0.13420166,-0.21568134,-0.09875913,0.19195724,-0.019875001,-0.106299266,0.015366223,CUST11038,0.0040248763,Low
-0.16450757,1.2218467,-0.13387184,-0.7078894,-0.027283195,-0.30277961,-0.18111594,0.011472144,-0.7327841,-2.2910814,-0.0456287,-0.50124145,-0.63649774,0.053440847,-0.036808494,-0.066701,-0.032032255,0.07667787,0.00062133186,0.07714723,-0.12531948,CUST11039,0.010055591,Low
-0.14662953,1.4039807,-0.20289236,-1.1500789,-0.046434067,-0.43635088,-0.029359624,0.2815546,-1.9871229,-0.38548535,-0.9193206,-0.79852134,-0.43175414,0.28432247,0.22209205,0.18036151,-0.042569224,0.055839054,-0.007002984,-0.41673288,0.064929046,CUST11040,0.010432344,Low
0.05233373,1.5809917,-0.48274115,0.32188773,-0.027258692,-0.07260325,0.18414548,-1.085813,0.47188702,-0.6125975,0.45295346,1.2136146,0.90973276,-0.22325464,0.1415743,-0.21047747,-0.020337423,0.020567488,-0.006815505,0.446668,0.263135,CUST11041,0.96347004,High
-1.4007548,-0.9365296,-0.22075665,-0.5226005,-0.08107809,-0.9280174,-0.036690492,-0.6598663,0.35388547,-0.7654588,0.14356025,2.0219655,-0.34115058,0.11913592,-0.2041839,0.09761678,0.15180005,-0.18286572,0.03637246,0.15169087,0.040638395,CUST11042,0.03884829,Low
-0.15939838,-0.8983212,-0.14602979,-1.5405058,-0.08622773,0.123647824,0.15460046,0.2045273,0.2907883,-0.26726097,-0.77492136,-2.7565985,0.36112136,-0.17890002,-0.3084644,-0.10506828,-0.10838568,0.07697864,-0.03352748,0.25707632,-0.040444575,CUST11043,0.0025211927,Low
0.1476143,-1.9623863,-0.16676432,-0.6259919,-0.042260233,-0.14751366,0.13069429,0.14114952,-1.0399585,1.9345832,0.42182538,-0.7105152,-0.25091228,0.08826727,0.16626643,-0.2675355,0.04025759,0.08398627,-0.007407004,-0.45439994,-0.114868395,CUST11044,0.064100765,Low
-0.15414703,0.12615618,-0.061434317,-1.1169287,-0.03437714,0.15231536,-0.19514403,-0.523788,-0.87024546,-1.2883786,0.17366287,-0.5921162,-0.56824684,-0.2895214,-0.06538713,-0.15161398,-0.035744693,-0.0074319094,0.0009825239,-0.015790086,0.030258428,CUST11045,0.0039420445,Low
0.27891684,0.16779695,-0.12943216,0.481088,-0.07615046,0.42796338,0.013132113,0.123816945,0.40981856,-0.47503144,0.5916765,1.7357161,-0.3510404,0.10905491,-0.43905282,0.20383371,0.013172699,0.11682014,-0.008119646,0.10024597,0.018330682,CUST11046,0.9632925,High
-0.59553194,-1.1039385,-0.09518313,-1.4516678,-0.038006425,0.030086782,-0.37342644,-0.0447215,-2.2861106,-1.4122565,0.5412099,-0.59370273,-0.41426823,-0.079016246,-0.16966575,-0.10095899,-0.15860857,0.08133844,-0.012704458,-0.31743369,0.44310704,CUST11047,0.00027550047,Low
-0.035204396,1.1899055,-0.27705222,-1.9715891,-0.069819175,-0.19094995,0.090306245,-0.06889373,-0.22385773,0.7103281,-0.035517253,-3.7299886,-0.5290666,-0.2174208,0.01502442,-0.01207473,-0.0068803695,0.013603986,0.007032222,0.24131908,-0.029403774,CUST11048,0.005622278,Low
-0.010516031,-0.6974861,0.61047834,0.27194583,-0.08826269,-0.46505627,0.060922995,0.17667975,0.5299812,-0.5414542,1.3819824,0.34431982,-0.26539493,0.6144041,-0.752931,-0.23588894,-0.0047673886,-0.19420019,0.005093488,0.046549376,0.3856694,CUST11049,0.7552638,High
-0.015011389,-0.10517617,0.40725517,0.12859817,-0.041262504,-0.15000013,-0.07686066,0.109437466,-0.682114,-1.8654627,0.18920787,1.203919,-0.49898165,-0.021358976,0.025621433,-0.1406386,0.041174628,0.028274002,-0.008508144,0.36597943,0.1217791,CUST11050,0.26321787,Low
0.9475911,0.51630735,0.50894254,0.11577217,-0.034994762,0.24975291,0.34129602,0.3023733,-0.093581945,2.1444979,0.63767123,1.8949771,0.32717675,0.04929761,0.19153899,-0.1342707,0.002568724,0.046006102,-0.036546156,0.48560748,-0.761445,CUST11051,0.99952674,High
-0.6601342,-0.40885967,-0.02615517,1.126766,-0.0352453,-0.23254192,0.16538966,-0.30734923,1.6720731,-1.3057526,0.3312243,-1.2542392,-0.14931932,0.4128275,0.19645073,0.24423811,0.020687595,0.16563079,0.010345694,-0.17918248,0.6243189,CUST11052,0.5904898,Medium
0.019976372,1.2982461,0.06641434,0.11780275,0.31773943,-0.38742822,0.2777724,0.14087503,0.45991322,2.2499833,0.85610354,0.7102201,0.72251445,-0.17887977,-0.15963756,0.16231656,0.0142933745,0.20668197,-0.00076144096,0.1549484,0.22539142,CUST11053,0.9992755,High
0.81778204,1.3862814,-0.05724418,0.28513533,-0.07286301,0.32068986,0.04047483,0.085473776,0.13697095,1.7685233,-1.0430622,0.9101735,0.30767894,-0.14193685,0.17915697,0.13479649,-0.01672725,0.110277705,-0.0033959784,-0.77612156,0.12435658,CUST11054,0.98847044,High
1.1952912,0.17958178,-0.27631024,0.35990453,-0.055180296,0.3825401,0.10991571,-0.61226314,0.12238435,0.9069325,0.5601766,-0.7232391,-0.21167532,0.26623744,0.030653872,0.1779273,-0.045906045,0.016943902,-0.012278556,0.20644222,-0.7381427,CUST11055,0.8575091,High
0.04372083,-0.28496397,-0.44724625,-0.14743201,-0.02546609,0.21482337,-0.1356003,-1.224535,0.46185282,-2.0472386,0.27470705,1.8605428,-0.58412766,-0.4390567,0.20778649,-0.01779012,-0.099336594,0.028341454,-0.01261651,0.065035194,0.04822997,CUST11056,0.090664186,Low
0.27655566,0.4674603,0.53093755,0.4394688,-0.097425975,0.070527956,-0.017026808,0.4022489,0.61718875,2.6345778,1.4197698,-2.179546,-0.4029816,-0.2828429,0.24344371,-0.010829138,-0.035477605,-0.05879305,-0.013981506,0.24492025,0.30886576,CUST11057,0.98914135,High
0.07511177,-0.2176034,-0.27273852,0.66350806,-0.059914995,-0.09534773,-0.44233012,-0.6986256,-0.42016062,2.288046,1.01362,0.54928,0.20499869,0.23056114,0.26477313,-0.019015837,0.035246156,0.14923848,-0.0002601575,0.19462806,-0.4066289,CUST11058,0.95217514,High
-0.057137955,-0.80430096,-0.37690136,0.57668114,-0.024613284,-0.29959428,0.3270569,-1.229569,-1.0313392,-1.8104981,-0.013712541,-0.90282416,-0.31567743,0.16121793,0.48552522,-0.16503657,-0.11183865,0.121103324,-0.028898878,0.32933116,-0.046889976,CUST11059,0.0051525296,Low
0.021240473,-0.1414058,0.14873324,-0.6239761,-0.06854725,-0.22251077,0.12690099,-0.7163786,-0.78482294,0.5964634,1.5475422,2.1402237,-0.46173817,-0.28420803,-0.2310167,-0.057506606,-0.019857766,-0.26961702,0.001426551,-0.03621758,-0.07081522,CUST11060,0.63384074,High
1.012337,0.6826998,0.42278007,0.26799655,-0.05228691,0.11445453,-0.06884578,0.23403373,0.09837731,2.1017072,1.3478274,1.7637095,0.32779318,0.091009125,0.10736389,0.3804669,-0.022600166,0.08391006,0.013609777,-0.29510933,0.31905216,CUST11061,0.9998616,High
0.121790394,-1.1402823,-0.16954812,-1.5801713,-0.04487858,0.45580122,-0.030245576,-0.024779491,-2.0208254,-1.1057949,-0.9514342,0.11287061,-0.40071002,0.09977693,-0.006012291,0.031969287,0.25422668,-0.2474815,0.0077027255,-0.38029653,0.120821595,CUST11062,0.00096474204,Low
0.1519229,1.0143503,-0.30205607,0.19835739,-0.11436659,0.18680327,-0.016510727,0.024331594,0.5926896,-0.5105724,-0.024937863,-3.2982547,-0.6011424,-0.066537,-0.9777968,0.0839042,0.028118046,0.029450772,-0.0015861681,0.03514939,0.321245,CUST11063,0.035825264,Low
-0.5111897,-0.13668378,-0.87074065,0.14070898,-0.08078987,-0.15244855,-0.3719828,-0.37849236,0.70397276,0.74744666,0.92304724,1.0685774,-0.24445882,0.17256853,0.703,0.06841831,-0.086826995,-0.31519723,-0.010286044,0.0883549,0.08470255,CUST11064,0.8170547,High
-0.08061296,-1.1917474,-0.35445824,-1.4611971,-0.07755494,-0.042743713,-0.105442934,0.23334707,-2.1478243,-0.3217278,-1.0277735,-0.39622504,0.83814096,0.07615934,0.48728082,0.07378148,-0.117601804,0.024414094,-0.005115563,-0.44124484,-0.3008207,CUST11065,0.0016852571,Low
0.3493817,-0.8753318,0.5483465,0.19212633,0.24660212,0.3303737,-0.051482487,0.10224202,0.03764725,-0.3763564,0.35427642,2.7304564,0.65107566,-0.07720606,0.26553756,-0.19219449,-0.047654502,-0.23400696,-0.040892985,0.54797256,0.15574291,CUST11066,0.98976314,High
0.034933534,1.1039673,0.4486103,0.35857293,-0.065895215,0.29726815,-0.18132567,-0.17849398,0.2540059,1.8345773,0.6762176,0.895135,0.37789497,-0.15308592,0.2175174,0.10379931,-0.016415104,-0.051943738,0.0020446274,-0.28088686,0.2529917,CUST11067,0.9972249,High
-0.119403794,0.012474044,-0.37279952,0.0735751,-0.118875675,-0.17006943,0.0024167467,0.10845892,0.26414555,0.13291831,-1.454128,-2.4250755,-0.49491283,-0.14075854,0.05227381,-0.012237015,0.016837312,0.028997943,-0.012518266,-0.00017408968,-0.06310623,CUST11068,0.008687509,Low
0.3439011,-1.3180431,-0.11882277,-0.14806876,-0.083702385,-0.05678199,-0.6504034,0.33023188,0.30352187,-0.52980703,0.39650348,2.7588913,0.39280742,-0.21489888,-0.051453516,0.19377927,-0.07693119,0.08223964,-0.02018313,-0.51554966,0.28433943,CUST11069,0.77840364,High
0.6021984,1.4849868,0.5518843,0.25364494,0.17087357,0.21338412,-0.054783348,0.27783063,-0.026463872,1.8571856,0.5572997,0.98094684,0.28814158,-0.110636346,0.21970898,-0.09290904,0.011193814,0.1640647,0.010167699,-0.68474925,-0.8056185,CUST11070,0.9970505,High
-0.91907597,-0.09518712,-0.26610592,-0.034050178,-0.099337615,-0.6047934,0.2967309,0.17992838,0.2088163,-0.6496848,-0.8785862,-2.7888622,-0.37123868,0.06668271,-0.82486665,0.36885676,0.0062834844,-0.1974481,-0.011168087,0.013652938,-0.004316883,CUST11071,0.0012937005,Low
-0.1367984,0.17120095,-0.20542707,-0.92070454,-0.09716934,-0.06408804,-0.05674566,0.17444386,-2.1151724,-0.31826615,-1.0238954,-2.275917,-0.7381484,-0.59339076,-0.22594914,0.13133188,0.034467317,0.01112433,-0.031530976,-0.47270674,-0.21073638,CUST11072,0.0001222571,Low
-0.18145467,0.17688468,-0.12758529,0.2389069,-0.11329484,-0.15553868,-0.017056098,-0.03177328,0.76116747,-0.47172755,0.040108804,-3.867269,-0.6485375,-0.23405984,-0.97992784,0.10742641,-0.011875123,0.09746688,-0.007101848,-0.25980836,-0.21642911,CUST11073,0.0026077405,Low
0.04305609,-0.9877303,0.4034588,0.16012052,-0.070035785,-0.15814249,-0.067213476,0.18693748,0.23715083,0.6876643,0.9041773,2.206149,-0.34792027,0.115418725,0.10282126,-0.14758724,0.15236007,0.06802537,-0.01224192,0.03600587,0.29122597,CUST11074,0.9772131,High
-0.750646,0.11142157,-0.84259284,-0.3779358,-0.058850084,-0.16264297,-0.23378135,-0.03823076,0.3045887,-1.1567056,-1.2829993,-0.8553025,-0.57160515,-0.1978621,0.3746889,0.4572035,-0.064633206,0.06205783,-0.00020102318,0.009563553,-0.42766532,CUST11075,0.003181192,Low
0.18748894,1.2299695,-0.07109416,0.16895846,0.38959867,0.31857944,0.11762025,0.06840192,0.3291606,-0.39406243,0.32098117,0.6281622,0.38138404,0.18628252,-1.3762592,-0.52633417,0.06631203,0.0049308008,-0.00031233067,0.31116873,0.08703708,CUST11076,0.91550565,High
-0.18392807,-0.97313017,-0.14642692,-0.029234143,-0.11368264,-0.354667,-0.12713948,0.007986799,0.30300426,0.30536538,-0.17947555,-3.8680062,0.31935605,-0.23731638,-0.04531661,-0.24410528,-0.08933028,-0.35162464,-0.022178173,-0.017644484,-0.7614837,CUST11077,0.0010539442,Low
-0.030112829,-0.7103246,-0.3271545,0.46047404,-0.049409777,-0.39313564,-0.6564534,-0.7555804,0.22613181,-0.7439567,-0.67461205,-0.55171984,-0.35339388,-0.31356877,0.37831336,0.15206897,0.0759163,-0.06830273,-0.0043222765,0.35777694,-0.04226949,CUST11078,0.016810171,Low
-0.01674445,0.3250485,-0.13907315,0.22166854,-0.06534279,0.22675864,-0.14928122,0.035037626,0.22951084,-1.4561248,-0.9201041,1.1538147,0.28597814,-0.2907768,-0.0108293155,-0.1322302,-0.044456575,0.028140794,0.011360049,-0.65429705,-0.2961122,CUST11079,0.15404277,Low
-1.3454591,0.11297114,-0.34393057,0.6494213,0.15600497,-0.16420776,-0.12383448,0.2511858,0.22178859,-2.457239,0.3996583,-0.78718364,0.73178136,0.012542428,0.04551509,0.18877849,-0.01938921,0.05400989,0.0076060183,0.2620329,0.036108833,CUST11080,0.103677094,Low
0.016914861,0.29291993,-0.19577937,0.3023453,-0.049317285,0.31372154,-0.047538977,0.38092813,0.39922625,0.46446818,0.68190926,1.5471352,0.622376,-0.02138796,-0.04296475,0.43131122,-0.010437057,-0.055681936,-0.031488784,0.49656534,0.28180736,CUST11081,0.9967694,High
0.12309288,0.28681862,0.77859664,0.37762418,0.17471199,0.37473285,-0.11431629,0.5481932,-0.13171476,-1.6832479,-0.04525236,0.79101473,0.54331183,0.16414388,0.24874969,0.21123572,0.02074764,0.078618765,0.007084855,0.4996327,0.09088932,CUST11082,0.96441126,High
1.1206179,0.09111373,0.44365615,0.26750004,-0.04808685,0.20136319,0.19434053,0.3218639,-1.8092391,2.5014722,0.61318296,1.0752167,-0.25198385,0.17184927,0.14214495,-0.05089898,0.03836087,-0.008269254,-0.003392418,0.15370573,0.29895467,CUST11083,0.99558485,High
-0.1409114,-0.21217673,-0.3253405,-0.9985404,-0.08389393,-0.100683905,0.025166119,-0.44309798,0.93053335,0.13620979,-1.36196,-1.039869,-0.4456162,0.0371988,0.16041133,0.1533283,-0.039033033,-0.022222837,-0.012982189,0.5835942,0.25762472,CUST11084,0.04799631,Low
0.16301706,0.11381663,0.2547323,0.03786949,-0.04621277,-0.124329284,0.10594419,0.10838337,0.192695,-0.64441776,-0.17637062,-0.6838271,-0.57428455,0.010692306,-0.029171277,-0.10043231,-0.019337675,-0.15014546,-0.0034057596,-0.092230394,0.070096545,CUST11085,0.1635428,Low
-0.16978103,-0.9835113,-0.083007805,-1.9902922,-0.06988835,-0.58655983,-0.029790116,0.0007300561,-2.2423668,1.2426361,-0.7154231,-1.7860432,-0.25180423,-0.08222562,-0.13684183,-0.11445121,0.03493853,-0.3920266,-0.009573238,-0.11164625,-0.088326015,CUST11086,0.00018216137,Low
-0.03833751,0.29715022,0.013545257,0.14178409,-0.06736827,-0.39347357,-0.07911463,0.072664745,0.28124535,2.4658718,0.13045718,1.210127,0.50656325,0.4090497,-0.12884739,0.11168823,-0.08675712,0.032141574,-0.013614142,-0.057702754,-0.78767717,CUST11087,0.98155266,High
-1.0243038,0.020849163,-0.110092476,-0.2241269,-0.04664101,-0.6515246,-0.14530104,0.048171796,0.5692696,-1.6078575,-0.57306206,-2.8978906,-0.4484898,-0.1745945,-0.22092007,0.05567455,-0.047599815,-0.10632231,-0.014499703,-0.085307464,-0.15895277,CUST11088,0.0003748151,Low
0.014590599,-1.185777,-0.2406231,-0.7135986,-0.076815054,0.13903259,0.119594716,0.15722081,0.24869032,0.34971717,-0.5694842,-1.102792,-0.49560457,-0.42207053,-0.43741542,0.26941612,0.13965482,0.07714353,0.051683594,0.46445704,-0.11958258,CUST11089,0.032998323,Low
0.05706778,-1.0952884,0.12055808,-0.33142924,-0.054400437,-0.12959884,0.41810584,0.38237593,0.6076688,0.6071568,0.28036314,0.6575171,0.55729485,-0.35290167,-0.037345376,0.25813508,-0.053464968,0.04420088,-0.008554375,0.6835661,0.09321833,CUST11090,0.93456733,High
0.68659395,-0.7006644,0.0022675816,-0.56531113,-0.057348706,0.1453357,0.004791649,0.050110124,0.41155204,2.4441736,0.6743174,1.9783084,-0.49928188,-0.39317626,0.39849368,0.11164865,-0.022471355,0.08410081,-0.0002795835,-0.72801054,0.19413629,CUST11091,0.98484427,High
-0.69281584,-0.9118539,-0.1266685,-1.1809433,-0.054254852,-0.48172122,-0.4392295,0.08257729,-1.9103682,-1.199419,0.4337117,-2.205059,-0.2894935,0.04560306,-0.8013828,-0.2893947,-0.13633585,0.004984497,-0.007741721,0.11034976,0.14663339,CUST11092,4.7820537e-05,Low
-0.0708844,1.1873657,-0.32992047,0.16590975,-0.049086925,-0.24150768,0.31314364,0.08086177,0.18699877,-1.4550226,0.17833382,-2.890423,-0.7615447,-0.41893306,-0.18270692,0.045900278,-0.03716863,0.06821575,0.0008880617,0.30038556,-0.17266847,CUST11093,0.01587438,Low
0.13791138,0.13753287,0.16451128,-0.64580184,-0.08344811,0.025641233,-0.28534415,0.55892086,-0.18553762,-0.7146042,0.30466795,-3.2287016,-0.74361664,0.075916074,0.3886416,-0.29426065,-0.061750054,0.08251724,0.004913726,-0.53079075,0.11661642,CUST11094,0.007992345,Low
-1.0831432,0.031298712,-0.1164727,-0.5740116,0.25237292,-0.2990634,-0.047801875,-0.09528498,-0.78547084,-1.655654,-0.14575581,-2.0666032,0.40183148,-0.105581254,0.42089683,0.28870907,-0.036117982,-0.0877357,-0.004373068,0.108216494,-0.6429025,CUST11095,0.0018553399,Low
-0.0031475285,1.224685,0.13182473,-0.18447697,-0.0521342,0.21232107,0.22937901,0.32687926,0.8939961,2.371152,0.24933913,0.8245883,-0.46134287,-0.18450235,0.26920247,0.10050441,-0.023136953,0.104857534,-0.0023842957,0.054380354,-0.040185306,CUST11096,0.997519,High
2.1057944,0.41661555,-0.31479663,-0.4018235,0.18364075,0.31566098,0.15195586,0.045685347,-1.4638602,-0.18456697,0.15284964,-2.281558,0.5020343,0.2766539,-0.07952714,-0.15226056,-0.082468644,0.067584105,-0.0064036855,-0.17345054,-0.6002498,CUST11097,0.17254828,Low
-0.09092931,-1.0710043,0.15284385,-1.5103717,-0.05393395,0.080241546,0.11365538,0.2050919,-2.2814019,0.2568602,0.55955815,-1.2299416,-0.39660263,-0.33158544,-0.15947418,-0.10628804,-0.110751465,0.017546058,0.004849744,0.3256731,0.21374893,CUST11098,0.0042465143,Low
0.66561264,1.0642354,0.36602655,-0.02065837,-0.04295848,0.320314,-0.039082408,0.2875917,0.84891623,2.0112088,0.40377888,1.2234713,-0.45747375,0.016267316,0.26762894,-0.0842628,-0.028321806,0.13660735,-0.0036873533,-0.8180921,0.24470815,CUST11099,0.99819726,High
0.020623282,-0.5977697,0.22421597,0.6701298,-0.06185651,0.23906656,0.25678593,0.67952883,0.48537958,-0.90731424,0.28056005,-2.3226926,1.1590761,0.17678721,0.57419544,0.08800982,-0.042587724,0.19701512,0.0016397806,-0.2494461,0.6247154,CUST11100,0.81013393,High
-0.17901155,-1.2519087,0.5342304,-0.2590653,-0.05442155,0.02583076,-0.08327956,0.05274308,-0.81179744,-1.2893798,0.15095736,-2.8366063,0.64076334,-0.37587294,-0.2136164,-0.2158653,-0.061513558,-0.037297875,-0.019539958,0.08051726,-0.14391235,CUST11101,0.0016700537,Low
0.20307942,0.5933158,0.52759916,-0.10825017,-0.049177494,0.06917019,0.16522507,0.42310727,0.58909875,2.2034216,0.61307853,1.1295778,-0.46255812,-0.5713156,0.24392101,-0.30607677,0.0005837524,-0.41037068,-0.016288627,-0.020077845,0.062455364,CUST11102,0.9921108,High
-1.0203297,0.20417513,0.6433009,-0.39154285,-0.03419172,-0.16975251,-0.3284908,0.12394538,-0.40444937,-1.8976836,-0.06409533,-0.2411186,-0.73372996,-0.50746715,0.07847303,0.17038222,-0.042469475,-0.20287317,-0.003603937,0.005442893,-0.13008599,CUST11103,0.0067506297,Low
-0.8152587,-0.75852776,-0.03945656,-1.0799973,-0.052728638,-0.33562842,-0.010776381,-0.021520872,-1.768542,-0.820426,-0.16510206,-2.37791,-0.28886968,-0.11258073,-0.35889488,0.058796614,0.15212612,-0.28021693,0.032367304,-0.0292532,0.19148582,CUST11104,0.00013285823,Low
0.14607958,0.25129107,-0.7292032,0.27191117,-0.06028595,0.38036513,0.0963771,-1.1041895,-0.24104635,-1.9271172,-0.63442445,0.8038881,-0.46219647,0.1948277,0.01694296,0.13580962,-0.0646605,-0.061287127,-0.0045550074,-0.13399425,-0.26580098,CUST11105,0.031175472,Low
-0.17045353,0.008715775,-0.42391333,0.2549967,-0.1030543,0.27901727,-0.34160727,0.44946364,0.10678148,-0.6317818,-1.445566,-1.1185334,-0.6783105,-0.15913643,-0.25130787,0.3834025,-0.06532152,0.11656083,-0.009820374,0.06974316,0.0040021166,CUST11106,0.022503892,Low
0.18785508,-0.17335525,-0.12725863,0.5751289,-0.072453946,0.37680858,0.16230671,0.24240601,0.5028466,1.8016584,-0.5575255,-0.9917582,-0.24599007,0.27953732,-0.15804593,0.06830049,-0.028876795,0.12085177,-0.06177254,-0.03656898,0.21795607,CUST11107,0.88461393,High
1.8077477,0.21189357,-0.24708354,0.69445044,-0.10852495,0.49284726,0.102282144,0.19075744,0.33695886,2.206802,-0.79498047,-1.3781247,-0.18057498,0.010550294,-0.9936415,0.0059786825,0.015314819,0.24815618,-0.02494087,0.38937524,0.36771953,CUST11108,0.9646948,High
-0.15587115,-1.191174,-0.44392636,-0.7094875,-0.040118422,0.032580048,-0.5029206,-0.35051855,-1.0530937,-0.47902188,-0.6262231,-0.6447191,-0.28222874,-0.20523807,-0.073778056,-0.38292208,0.1330644,-0.043415908,-0.0015390632,0.032707095,0.08478233,CUST11109,0.0009593972,Low
-0.84814954,-1.2361476,-0.3729841,-0.3313531,-0.085518196,-0.33069435,-0.1492389,0.25502622,-0.8672411,-0.6691402,-0.9027255,0.50502574,-0.41612703,0.086296804,-0.08059899,-0.21432999,-0.018277684,0.007233332,-0.017530568,-0.24686255,0.067695014,CUST11110,0.0027026231,Low
-0.01979179,-1.1290094,0.05425932,-0.8206801,-0.09245236,-0.16350323,-0.3347469,-0.048402652,-2.4901547,0.9720776,0.29539424,0.23123378,-0.33430132,-0.17179692,-0.5280771,0.03745391,0.097768426,0.14749765,-0.0066879294,-0.6450691,-0.081121325,CUST11111,0.0062104445,Low
-0.71047616,0.39241132,-0.34455198,0.19791324,-0.10026375,-0.28998905,0.09693526,0.16417232,0.38900194,0.16146779,-0.017965963,-3.7649724,0.47811815,0.011576522,0.04245681,-0.1788098,-0.04362772,0.17388184,-0.006222972,-0.26426038,-0.7096365,CUST11112,0.012517595,Low
-1.115779,-1.550232,0.04130767,0.3098521,-0.038233735,-0.29664516,-0.44596747,-0.09760818,-0.8125738,-1.5939366,0.23254377,-1.054326,0.33245295,-0.03527043,-0.22524819,0.32315305,0.165539,0.01602513,0.017862225,-0.09091574,-0.181318,CUST11113,0.0021406494,Low
-1.0485579,-0.29697087,-0.30385315,-0.080833875,-0.06260518,-0.10153707,-0.49095047,0.3004107,0.2489999,-2.4859369,0.36264595,0.46705458,-0.41289413,0.011650168,0.654066,0.369013,-0.09343967,-0.23113829,0.015543893,-0.27722025,0.21178581,CUST11114,0.035917573,Low
-0.061129343,0.13762093,0.057054143,-0.05782782,-0.097173706,-0.33063665,-0.35854802,-0.09087132,-0.09047092,0.21714944,0.52188337,0.5809942,-0.71399164,0.005114562,-0.103723295,-0.067082964,-0.069960214,-0.03322208,-0.0092891585,-0.69051164,0.18808787,CUST11115,0.24755093,Low
0.74604434,1.0719718,0.49969006,0.36222485,-0.05102845,-0.10138327,-0.11900151,0.13183741,-0.5281421,1.8412308,1.3377012,1.9555126,0.38523465,0.10021903,0.09833983,-0.09361409,-0.018746259,-0.35609207,0.01178978,-0.7436162,0.19878486,CUST11116,0.99875045,High
-0.9919232,0.21320696,-0.16846928,-0.2525182,-0.11601376,-0.79089123,0.17126514,0.158861,0.4733374,0.22668636,0.67214423,-1.9639621,-0.39493814,0.07886485,0.22190306,0.029055886,-0.0010705718,-0.26445237,-0.011217902,-0.48173913,0.41387263,CUST11117,0.05608438,Low
-0.870437,-0.28207383,-0.04546703,-0.37332016,-0.07971585,-0.3553095,-0.34648904,-0.04904697,0.32085952,-0.5747359,0.24064438,-2.6842558,0.36992317,-0.14058216,0.043785203,-0.3985775,0.026409088,-0.35585904,-0.008538,0.16488832,0.41020107,CUST11118,0.006477772,Low
0.29482,-1.3731687,-0.441093,-1.1420981,-0.059603047,-0.035410237,0.1045322,-0.16322058,0.28410348,2.2845638,-1.5393105,0.53877705,-0.44956207,0.24544926,-0.20755355,-0.07062997,-0.07138661,-0.19607449,-0.02007172,-0.16350651,0.049515754,CUST11119,0.101916425,Low
-0.0012106542,2.336031,0.08870447,-0.27073056,-0.027817272,-0.08656481,0.26475033,0.21150593,0.6943087,-1.563985,0.6972859,1.2913059,-0.4471241,0.12837718,0.25329393,-0.029800149,-0.03577695,0.09456208,-0.009148823,0.04043107,-0.6811653,CUST11120,0.9479477,High
-0.11702635,-0.865867,0.06352197,0.39729238,-0.03131162,0.10993983,-0.2247831,-0.6550915,0.80897963,-1.8526156,0.22756183,-0.69052625,-0.5208702,-0.32837948,-0.2347523,0.07173088,0.17939009,-0.0144769205,0.06949757,-0.61937696,0.113313705,CUST11121,0.015382355,Low
0.056544315,0.34062922,-0.09633627,0.1971088,-0.031563208,0.25406635,0.12516417,0.24104674,0.32092318,-1.7295104,0.4051615,1.0664407,0.44522515,-0.10702022,0.13843271,0.16227995,-0.02844371,0.2457182,-0.0009341375,0.044497754,-0.3926764,CUST11122,0.83362937,High
0.16074589,0.41191778,0.41548666,0.57857245,0.3470185,0.1906592,0.2534048,0.23488958,0.2403592,-0.59819734,0.48119712,-0.53717595,0.5413578,0.112526186,0.022985987,-0.059143163,-0.028087467,0.09833035,0.0031651887,0.13135871,0.013270982,CUST11123,0.9511753,High
1.1510118,0.97498715,0.15120447,0.44553,0.36495912,-0.034719817,0.28410456,0.08869445,0.3615025,2.0425022,-0.57972944,2.1059952,0.35032156,-0.2542924,-1.1483862,-0.2700526,0.038865566,-0.017558001,0.02456516,0.11083239,0.3046242,CUST11124,0.99842167,High
-0.98974067,-0.36075574,-0.85933435,0.308648,-0.055589285,-0.4803965,-0.032516558,0.09829394,-0.5614472,-1.8354229,-1.4187115,0.45807105,-0.2973525,-0.122456156,-0.042677525,-0.0009347647,0.00810205,0.23755753,-0.04043089,-0.08968718,0.22097161,CUST11125,0.002729257,Low
0.24989282,-1.0741558,-0.18726827,-1.2689897,0.5093393,-0.08276585,-0.033501685,-0.002450266,-0.559653,0.50459,-0.8256035,-0.72267365,0.25134635,-0.25171566,-0.11687012,0.12546584,-0.106704146,0.03446652,-0.014965417,-0.45134115,-0.55435574,CUST11126,0.00972679,Low
0.0052846707,0.3664575,0.42342263,0.2836541,0.3788936,-0.061426025,0.08346791,0.39572474,0.19808866,1.481958,1.3816497,1.6814486,0.8803151,0.05092358,0.15013969,0.030262498,-0.11859087,0.21432588,0.0016104244,-0.21498452,-0.82485944,CUST11127,0.9988218,High
0.0039397795,0.012687842,0.011491997,0.16485777,-0.030953871,-0.24952485,-0.10615364,0.13863313,0.11731632,-2.2947347,-0.7050106,0.5075954,0.4623151,-0.43603355,0.21235487,-0.08818598,-0.018203832,-0.0020376653,0.001563306,-0.06521349,0.013953381,CUST11128,0.083591,Low
0.7757075,1.2710736,0.45540258,0.31457055,0.26680854,0.19002266,0.05650029,0.22384407,0.057796553,1.9631336,1.1705469,0.702537,0.18127565,0.22378835,0.1462661,-0.058821034,0.0041625695,0.15112096,0.0017689592,0.15819049,-0.86137944,CUST11129,0.9993573,High
-0.6767746,1.9912086,0.607033,0.38777524,-0.04598915,-0.25098303,0.16339856,0.55515295,-0.5162976,-1.8174088,1.3959401,1.7662691,0.59747404,-0.18162903,0.1866795,0.055003587,0.020442821,0.115524136,0.012496015,0.010604062,-0.5959696,CUST11130,0.9766782,High
0.03917571,0.3465312,0.76917833,-1.6413422,-0.059940718,0.08370919,-0.20026405,0.5996565,-0.8031454,-0.5048283,0.23377348,-0.91818553,-0.8206349,-0.168266,0.0087566255,-0.11760822,-0.050031547,-0.30675945,-0.009472013,-0.48803046,0.15120266,CUST11131,0.019807119,Low
1.0389411,1.4622355,-0.110938184,0.50561136,-0.038138743,0.15093341,0.10160385,0.18966915,-0.13246565,-0.726018,0.36758235,0.25711954,0.596107,-0.23874693,0.08169464,-0.06285626,-0.044632304,-0.0004290184,0.0028810138,0.5813707,0.12633099,CUST11132,0.98308796,High
0.117055476,1.5894177,0.09993809,-0.99120957,-0.047206268,0.26102492,-0.20919558,0.0067189187,-0.72962815,-1.7651384,0.20467164,0.6493161,-0.6825545,0.09762314,-0.0731122,-0.22469284,-0.014546185,-0.52279025,0.00887759,0.029879501,0.13441625,CUST11133,0.10848435,Low
-0.8306821,0.18406384,-0.34665808,-0.1076404,-0.07272521,-0.23734117,-0.004639045,0.0047031725,-0.6301696,-0.680691,-1.4473804,0.9195559,0.4736796,0.24483055,-0.03231744,-0.14409791,-0.056054022,-0.12863518,-0.0081058275,-0.3478006,0.04298774,CUST11134,0.037316196,Low
-0.055418976,-0.9348069,-0.1662717,-0.6720515,-0.07413334,0.025270643,-0.13593604,0.12855041,-0.09528885,-0.3513307,0.26083246,-3.3022256,-0.5383464,-0.56012666,-0.29947534,-0.1352293,-0.107557,0.006927306,-0.06687905,-0.34345716,-0.046049424,CUST11135,0.00054827484,Low
0.7977359,0.29938036,0.54085076,0.4458376,-0.054825056,0.2195699,-0.0575426,-0.74615157,0.10948783,-0.37834153,1.0621349,0.8889453,-0.4330181,0.20869265,0.046881005,0.17693734,-0.081364036,-0.07220467,0.0030313646,-0.64701116,0.19164273,CUST11136,0.92240524,High
-0.027866375,0.5366701,0.2973053,0.4753502,-0.08064154,0.14939223,0.09108784,0.05997078,0.34797695,2.1350222,0.5941204,0.6649575,-0.56221503,-0.8771153,-0.7114359,0.42824084,-0.04453927,0.17479733,0.004857379,0.25657,-0.010290858,CUST11137,0.9793067,High
0.09556896,-0.61159027,-0.5700392,0.4974325,-0.05295951,0.10292047,-0.048929144,0.44382724,-0.41238454,0.9982042,0.5039862,2.292921,-0.3352045,-0.17155933,0.4329916,0.048965838,0.019929802,-0.015522425,-0.010024285,-0.001209816,-0.0006302139,CUST11138,0.95935994,High
1.0244099,-1.4023502,0.7102959,0.28593317,-0.07141967,0.14490825,-0.29916376,0.08055697,0.4185807,0.9834958,0.5794409,0.66205055,0.17925765,-0.007637756,-0.03521494,0.018870905,-0.03494646,0.08757375,0.022777809,0.14537159,-0.4013331,CUST11139,0.95462143,High
-0.12754433,-0.93362623,-0.011956466,-0.3750933,-0.07651735,-0.29671496,-0.045150585,0.072932675,0.071045995,-0.4799392,-1.0472419,-2.578388,0.39629668,-0.023858251,0.6272431,-0.1380696,-0.073721245,0.02044072,-0.034260467,-0.15173265,0.0041777645,CUST11140,0.0052364515,Low
-1.2758648,0.18756075,-0.112972386,-0.013981804,-0.051719204,-0.7752594,-0.08433955,0.039052863,0.2812738,-0.9981364,-0.048117287,-1.1785891,-0.3957042,0.15212095,0.03259121,-0.17820191,0.0046908315,-0.37480882,0.0034727678,0.18140419,-0.10016563,CUST11141,0.008570052,Low
0.065561675,-0.9425235,-0.1401861,-1.562887,-0.073906474,-0.028447974,-0.41379136,-0.002409459,-1.6551454,-0.2631848,-0.9573246,-2.5065057,-0.36027437,-0.03869026,0.10532737,-0.13265926,-0.15395342,0.059982598,0.012887392,0.30294132,0.069700845,CUST11142,0.00017323729,Low
0.036666684,-0.5706288,-0.13252561,-0.09373736,-0.047622748,-0.057125725,-0.017494824,-0.65673065,0.9056425,0.50387627,0.09898671,-0.54127777,0.46222323,-0.016092457,0.87510985,-0.042387046,0.03412628,-0.03460445,-0.005210487,-0.03321582,0.31003326,CUST11143,0.7176489,High
-1.2388177,0.086558856,-0.16920358,0.59189993,-0.05706145,-0.2805294,-0.083369866,0.32790557,0.41731417,-2.6062248,0.026961379,0.46846583,0.56547433,0.052177254,-0.19762,0.65711,-0.020126587,-0.21708441,0.044488262,0.11317411,0.00827891,CUST11144,0.17430587,Low
-0.3280379,0.09764853,-0.24710447,-1.2894131,-0.036947213,-0.26932493,-0.012085187,0.014122317,-2.035104,-1.7674941,-0.4250939,-2.206133,-0.43719882,0.11504233,-0.06863266,-0.13755791,0.0030755347,0.05473939,-0.004236659,0.17228116,-0.16839683,CUST11145,0.000120826255,Low
-0.7448777,0.17544203,-0.14521554,-1.6722279,0.2619821,-0.19175828,0.05506215,0.18781754,-1.9731915,-0.6968004,0.47558662,-2.2390106,0.64415103,0.08386759,-0.072482765,-0.2345789,-0.008783816,0.055801917,5.7900324e-05,0.021638203,0.07670794,CUST11146,0.0025074007,Low
-0.75606775,0.51059335,0.006948531,-1.1634873,-0.08454852,-0.6782519,0.02148586,0.054892834,0.18087037,-0.5779872,0.5353298,-3.217524,0.32745144,0.0407456,-1.0238422,-0.36076945,0.061664976,0.12503846,0.0072691943,0.395401,-0.072680764,CUST11147,0.0032930248,Low
1.0302846,1.1915045,0.43148872,0.41826457,0.24137765,0.29757112,-0.043704413,0.32083166,-0.41924715,1.8656214,0.58995134,1.7242658,0.34373823,0.0058740964,-0.39402625,0.25985935,0.050793365,0.034536622,0.013583536,0.6039857,-0.07165671,CUST11148,0.9997861,High
-0.18573259,-1.201914,0.29512432,0.43758267,-0.05911629,-0.20656352,-0.7758841,0.017975263,0.1331196,-1.4568851,-0.6322686,-1.495488,-0.41683137,0.066504434,0.3934531,-0.06384056,0.17844307,0.05387333,0.0024348833,0.33751234,0.270743,CUST11149,0.012705404,Low
-1.1902072,-0.46749252,-0.9023605,0.44470462,-0.03810736,-0.6252381,0.2538125,0.2416383,0.48358652,-1.7188034,-0.8962951,-0.45113304,-0.2567993,0.16835985,0.24540874,0.01699684,-0.10622539,0.08396585,-0.017138805,0.039384615,0.11630427,CUST11150,0.009748736,Low
-0.7835248,-1.0914742,0.14616922,-0.51266176,-0.029595548,-0.042992372,-0.1447874,0.2103628,-0.78008294,-1.861847,0.16049625,-0.6460947,-0.48624963,-0.20247094,-0.14970322,0.06126494,-0.14368215,-0.12448628,-0.028585175,-0.36836523,-0.09463329,CUST11151,0.00094997126,Low
0.15226622,0.49302265,-0.08052006,-0.68288106,0.32951957,0.23309718,-0.041807275,0.28494743,-1.5175503,-0.41738793,0.2223463,1.4352067,1.0832124,0.19975904,0.09127206,0.033040315,-0.009493313,-0.14591725,-0.003721009,-0.3051611,0.25507814,CUST11152,0.8268043,High
-0.24315366,0.4405717,-0.09551625,0.014236844,-0.058897056,0.11018021,-0.23494042,0.2709792,-2.42601,-0.60259926,-0.07339235,1.4016144,-0.7675683,-0.3903097,0.04969634,-0.10548098,-0.054877326,-0.068062976,-0.010425015,-0.42525065,-0.16092731,CUST11153,0.030022847,Low
-0.035168666,-0.83148474,-0.026025241,-1.2652338,-0.05639412,0.24788819,-0.2421882,-0.766772,-0.8821482,-1.1087569,-0.8783326,-1.5787339,0.29558408,0.10554287,0.21998753,-0.16165398,0.024106398,0.01783391,0.0013343496,0.15303034,0.11575258,CUST11154,0.0012330731,Low
1.2685807,-1.0256819,-0.06865712,-0.5860568,-0.07834086,0.15921517,0.19173837,-0.036871955,0.22472115,-0.61433923,0.40135938,-0.048839603,-0.39312947,-0.20833914,-0.43082073,-0.020480262,-0.04691459,-0.21335253,-0.01910632,0.0738339,0.082875475,CUST11155,0.19250907,Low
-0.13895738,-0.60881966,-0.19672056,0.0024383836,-0.088615954,-0.09528557,0.24767995,0.16019805,0.45875332,-1.3575313,-0.7170347,-1.8469789,0.40208015,0.031047562,-0.982062,-0.38296854,-0.07915395,0.07787143,-0.014136508,0.044431623,0.004907666,CUST11156,0.0059167203,Low
-0.213497,-0.7622449,-0.29644826,0.29997194,-0.07611836,-0.26908547,-0.62041616,0.17191286,0.27627596,-1.4351237,-0.6995283,-2.0736904,0.43942913,-0.15110594,-0.26890805,-0.06323653,-0.12975818,0.1685501,-0.005989156,0.44354936,-0.6724737,CUST11157,0.0025146143,Low
-0.16690528,0.17770103,-0.21952912,-1.3634367,-0.053884752,-0.03705815,-0.18823071,0.13000546,-1.8541163,-1.0970248,-0.92539597,-2.504349,0.5348845,0.103258,-0.013170589,0.22892362,-0.06480766,0.0657683,-0.01042439,0.46078745,-0.13829453,CUST11158,0.00092898746,Low
-0.09428806,1.3955635,-0.44306293,0.4923623,-0.09032473,-0.34205616,-0.04799103,0.11376381,-0.059610687,-0.6307929,-1.7274435,0.8631163,-0.5259654,0.0872056,0.0027437205,-0.3412479,-0.045726307,0.065828584,0.014806811,-0.58455986,-0.42985448,CUST11159,0.08527712,Low
-0.29458383,-1.0295277,-0.048337348,-1.6112185,-0.096542224,-0.5229158,0.08487558,0.22548388,-2.055907,0.47713578,-0.9326363,-2.2120302,-0.32571238,-0.18113658,-0.34588748,0.31969944,0.26258248,-0.034988035,0.033564933,0.40011674,-0.16508555,CUST11160,0.00030398316,Low
0.013915661,1.1828291,-0.43151656,-0.123885505,-0.054831967,0.0252906,-0.027845386,-1.3464619,-0.98141867,0.9850447,-0.06819373,1.2639383,-0.45772743,-0.3066362,0.033718284,0.011779806,0.03168599,-0.28805366,-0.005783307,-0.11819904,0.28192636,CUST11161,0.39517596,Medium
-0.005344605,0.05785833,-0.31002593,-1.0930415,-0.04767527,0.045695286,-0.010897125,-0.009139886,0.6319657,-2.1330006,-1.068575,0.29914543,-0.4978086,0.066701196,-0.009339318,0.13398135,-0.027864618,0.09537157,0.0012057698,-0.050826564,0.1189718,CUST11162,0.020677304,Low
-0.2422218,0.014124583,-0.18037468,-0.4404054,-0.053945594,0.08162284,-0.09693692,0.157129,0.1550577,-1.369953,-0.93222207,-2.649164,0.39625502,-0.00069648214,-0.14580335,-0.045271322,-0.005792062,0.17036235,0.0015476666,0.18733433,-0.108152196,CUST11163,0.005750568,Low
1.2078927,0.5865039,0.31339416,-0.14997846,-0.06868617,-0.039536618,0.05314266,0.32243267,0.42993826,2.263795,-0.8689395,2.020119,-0.31313515,-0.28468555,0.0897935,-0.12558009,-0.01612987,0.09085494,-3.328314e-05,0.15985525,0.0703787,CUST11164,0.99665266,High
-0.010670632,0.28859767,0.45471683,0.06072643,-0.05115382,0.12547429,0.2269343,0.16617948,0.13492082,2.2230191,0.5313615,1.9284151,0.36547515,0.049805034,0.058760576,0.10894741,-0.0122883385,0.038529806,-0.011886569,0.49757951,0.08336206,CUST11165,0.99926263,High
0.8655629,-1.1649663,-0.40969726,0.5001623,-0.034909587,0.04980127,-0.06871347,-1.3759444,-1.1420776,-0.5234867,0.3807649,0.24902746,-0.35934013,-0.030473595,0.3873304,0.018856103,0.21092889,-0.08648909,0.0052040494,-0.071716115,-0.009817189,CUST11166,0.065670766,Low
-1.318831,0.22570457,-0.1749668,-0.051250815,-0.045941766,-0.7975415,-0.038769674,-0.018532129,0.114403106,-1.9119807,-1.0984281,-0.8168539,-0.44005534,0.018377453,0.269359,-0.19402929,-0.029767413,0.03883847,-0.00835689,0.59741855,-0.13899796,CUST11167,0.0028279151,Low
-0.7786143,1.5632702,-0.37451622,-0.38270915,-0.046867702,-0.7006659,-0.11981511,-0.5534055,-0.76291406,-0.75622123,-0.12798956,-2.9808328,-0.5014876,0.09978048,-0.06025479,-0.090184115,-0.020519422,-0.035843253,0.0063980576,-0.06805032,-0.116514236,CUST11168,0.0010550186,Low
1.4314282,-0.82730764,-0.104119316,0.75845456,-0.07406852,0.24235657,0.2129615,0.31611344,0.21832903,1.5032202,0.44903398,-0.3890268,-0.20006058,0.11217756,-0.58895123,0.24714684,0.23645489,0.08605084,0.057380944,0.28535095,-0.5191367,CUST11169,0.96797246,High
0.17140946,-0.31257847,0.04283661,0.20021605,-0.041049156,0.43775555,0.0783722,0.15899615,0.344589,-0.8206762,0.16640845,0.8348099,-0.26694116,0.20550448,0.054747704,0.34588352,-0.025474168,0.08040858,-0.0008888766,0.079982534,-0.6097903,CUST11170,0.74636894,High
0.22458045,-1.8618112,-0.10186391,0.22661924,-0.10224447,0.19366647,-1.1955295,0.020589551,0.1889788,1.0842342,-0.18550435,-1.996317,0.18161358,-0.22654031,-0.33089292,-0.578941,0.11269117,0.08090024,0.018479707,0.50425243,-0.08247606,CUST11171,0.020418266,Low
0.010639356,0.35469744,-0.17811489,0.507305,0.37981623,0.41674772,0.0067726607,0.16227347,0.3137322,-0.43153968,0.56851673,1.3241147,0.6364243,0.0022445633,-0.19552913,0.20659626,-0.03403771,0.06484394,-0.0047264737,0.06321813,0.12985878,CUST11172,0.9860561,High
1.2940266,0.041549884,0.34865957,0.31929347,-0.067496926,0.34284157,0.05167634,0.18365881,0.22358839,2.223289,0.47229826,-0.8956196,-0.15788983,0.22310601,-1.1757776,-0.20693734,-0.02595162,0.10416929,-0.0010953229,-0.37800893,-0.15643637,CUST11173,0.9380666,High
0.83199793,-1.4682283,0.0040798495,0.43494388,0.23030809,-0.09771046,-0.75776064,0.14579451,-0.046060484,2.1577294,0.5220873,2.2156222,0.42768812,-0.25967357,0.1345321,-0.15469071,-0.040465415,0.038531885,-0.03531371,0.14516513,0.21625993,CUST11174,0.9900448,High
-1.0241885,1.11712,0.44842976,0.037506856,-0.061727002,-2.3821369e-05,0.0476155,-0.02690431,0.19629319,-1.6128713,-1.297557,0.084993236,-0.6259003,-0.38124034,-0.07639375,-0.09340584,-0.044747215,0.08484406,-0.0022668517,-0.24203001,-0.07553118,CUST11175,0.026774513,Low
-0.62955403,1.4395157,-0.13176101,-0.08070468,-0.025578292,-0.2992875,0.42566398,0.22945127,-2.631668,-1.7809238,0.18923777,-1.097901,-0.54043514,0.0957294,0.04613889,-0.08952736,-0.023026353,-0.00014769752,0.020086996,0.05681977,-0.02692774,CUST11176,0.0073916772,Low
-0.88626915,-0.74544746,0.37417886,-1.4858154,-0.0761447,-0.42110795,-0.07179549,0.45086923,-0.63621646,-0.22685446,-0.85885745,-2.503434,-0.50969845,-0.00078790553,0.25724137,0.19589813,-0.0024623238,-0.11957652,-0.01905629,0.3079563,-0.0883034,CUST11177,0.00081552216,Low
-0.7329395,0.19068488,0.009189513,0.09065141,-0.09292784,0.1638506,-0.12310828,0.069677204,0.66792655,-0.62233156,0.52187884,-3.1276376,0.4380949,-0.10213693,-1.2728883,-0.31542224,0.0053574657,-0.0779808,-4.2025e-05,-0.61162394,-0.1741119,CUST11178,0.0058176727,Low
-0.14751783,0.34598213,-0.035785973,-1.535384,-0.09594559,-0.25647196,-0.13025296,0.12586235,0.11950482,0.2322218,-0.7195213,-3.4291127,-0.52366304,-0.05103856,0.042578682,-0.02262344,-0.048804928,-0.2629128,-0.0044157393,0.29899266,0.2062736,CUST11179,0.00263241,Low
-0.13036205,-1.2311894,-0.2228872,-0.635843,-0.056164887,-0.18893537,-0.12324194,-0.7555516,0.07155294,-0.37268013,0.20494711,-2.385908,-0.30146524,-0.5920891,-0.16117485,-0.15257765,0.1876441,-0.054297265,0.0012064199,0.31914106,-0.48694173,CUST11180,0.00081459875,Low
-1.1645366,-0.84111106,-0.1606663,0.29719087,-0.03823005,0.31504345,0.17379983,0.018553633,0.28866792,-2.05562,-0.55453116,-0.6015605,-0.36923045,0.037642483,-0.21604952,0.39813682,0.021459196,0.034063295,-0.00607722,0.13992739,-0.14326064,CUST11181,0.011300176,Low
-0.19043839,-1.0671656,-0.21602894,0.049960535,-0.07206309,-0.33525607,-0.52154654,0.15209812,-2.0066838,0.40829715,0.21789643,0.9140711,-0.4001299,-0.42675495,0.02290054,-0.15914921,-0.16052495,-0.01217345,-0.027856683,0.24416937,-0.7197492,CUST11182,0.01272587,Low
0.1912367,0.121101156,-0.16708018,-1.1434126,-0.032399315,0.6202568,0.23338018,0.1365771,-1.993756,-1.8105552,-0.0015531518,-1.9206403,-0.49801534,0.12338194,-0.10272724,0.020745331,-0.042284656,-0.015230346,-0.0031954823,0.49654663,0.010009805,CUST11183,0.0029505794,Low
-0.7878374,-0.89040285,0.053619448,-1.2975931,0.12216569,-0.34157673,-0.08986187,-0.8217993,-2.2540154,-1.7405909,-0.37846106,-0.97184944,0.78007627,0.045320723,0.2697188,0.06267332,-0.033680465,-0.015382825,-0.0028409008,-0.083314985,0.12307903,CUST11184,0.00024901802,Low
-0.045001607,0.30475086,-0.2987089,0.32167536,-0.049049556,-0.41047764,-0.20561655,-1.5325086,-0.6328983,-0.9472358,0.65639985,0.9248074,-0.66474164,0.19811411,0.2732621,-0.21134785,-0.13100317,-0.05105256,0.0020013917,-0.5453817,0.14123277,CUST11185,0.049832895,Low
1.1138116,-0.86349016,0.22323734,0.0005293973,-0.047370058,0.23032455,-0.3316528,0.22582318,0.2953996,1.3675649,-0.13051423,2.61425,-0.2575197,0.13794392,0.03927355,-0.2338016,0.0055421516,0.057147477,0.009872653,0.19974145,0.28471935,CUST11186,0.9925764,High
0.063201234,0.6425043,0.0668542,-0.047784057,-0.071371146,-1.2594223,-0.095772885,0.12549223,0.07374308,-0.50855845,0.39419588,1.9463186,0.53146875,0.1615893,0.08928447,0.24797761,0.015451228,0.050469656,0.015332902,0.20808338,0.17516775,CUST11187,0.9415328,High
-0.04571079,-0.24628659,-0.62266934,-0.47105178,-0.08000453,0.24826226,0.07825809,0.15296143,0.37974584,0.08089618,-1.4503813,-0.4705527,-0.4364543,0.10107577,-0.14299493,-0.12744233,-0.066479035,0.10407509,-0.032117963,0.5541806,-0.58991975,CUST11188,0.041975275,Low
-0.015629752,-1.3039142,-0.2515359,-1.4739867,-0.0524218,0.022564922,0.078783974,0.13973105,-0.0421428,-0.2429904,-0.10123427,-3.0818944,0.2611114,-0.11009106,0.040282093,-0.106741786,0.09328133,-0.35525227,0.0057459073,0.25861555,-0.5103315,CUST11189,0.0011200801,Low
-0.61143136,1.6201416,-1.0452675,-0.077824615,-0.0854246,-0.12760848,-0.048989568,-1.0566269,-0.750912,0.16547292,-1.8359022,0.83038723,0.39801723,0.052179642,0.061779898,-0.24364612,-0.018748578,0.015664302,0.014826404,-0.39319855,-0.0040615397,CUST11190,0.03968248,Low
-1.0505316,0.52801526,0.4921524,-1.1663412,-0.06289606,-0.4129593,-0.20105681,0.16775377,-2.1039445,-0.8491799,0.4857931,-2.507559,-0.50042814,-0.1304168,-0.1955,0.026630415,-0.07913218,-0.06886176,0.0033942428,0.038269013,0.31156427,CUST11191,0.00066144776,Low
0.8193957,1.1688917,0.20789981,-0.00094121625,0.3206557,0.01505987,-0.17060728,0.3635289,-1.282523,2.1925697,0.43900716,1.8018614,0.36917368,0.2696716,0.32077926,-0.17727484,0.042735837,0.15167673,0.016637458,-0.69471925,-0.28884163,CUST11192,0.9970981,High
-1.0060388,1.1814598,0.07560308,-0.06745993,-0.07344076,-1.0296724,-0.08256122,0.42540598,0.15387468,2.5159388,0.3782869,1.5771506,-0.40803325,0.32909602,-0.015968239,0.16403791,0.07871877,0.040053383,0.011972792,0.50153965,0.20441365,CUST11193,0.9926756,High
0.010339701,0.7178088,-0.023398623,0.22713362,0.3744756,-0.24196719,-0.074070185,0.42019993,0.39069763,2.2733953,0.621094,1.1613032,0.7958632,-0.15205713,0.25208622,0.18430136,-0.053085983,2.928637e-05,0.008368839,-0.27669096,0.1214439,CUST11194,0.9987608,High
-0.10335695,0.12400946,-0.85162294,-0.2510673,-0.074842095,-0.24666207,0.001471668,-0.6968959,0.42888233,-0.9044305,-1.190141,0.9014594,-0.5760664,-0.2007823,0.18417847,-0.19410846,-0.073616825,-0.028952558,-0.013308654,-0.46692103,0.132293,CUST11195,0.015586134,Low
-0.8885765,-0.7700425,-0.13104448,-1.4425311,-0.08738857,-0.46672094,-0.042908233,0.039864335,-2.0883696,0.24642673,-0.7281669,-2.5835524,-0.391885,0.35048383,-0.00035805535,0.066036016,-0.0848457,-0.09807593,-0.048354328,0.20509455,-0.07380576,CUST11196,0.00011575664,Low
-1.004123,-0.19166388,-0.17429663,-0.3258748,-0.040830903,-0.19914852,-0.14496778,-0.047144417,-0.4900316,-2.218296,-0.003824721,-1.1947372,0.5913338,0.08121204,-0.27762774,-0.30083624,-0.033505708,0.12114327,-0.00893154,-0.34400964,-0.090403974,CUST11197,0.0017581224,Low
0.14719948,0.23288691,-0.2536157,0.09895847,-0.0757331,0.33222967,0.35571942,0.2537525,0.21297361,-0.45230195,0.1754166,-3.9215312,-0.39924064,0.21996981,-0.13336228,0.15580887,0.0110205505,0.10974176,-0.0018570665,-0.53212553,-0.08635254,CUST11198,0.02671051,Low
-0.20488442,1.3893534,-0.28613108,-0.3737548,-0.08373701,0.16745332,0.30328396,0.031500615,-1.7373893,-0.6889294,-1.563502,0.52365494,-0.46292382,-0.067010656,-0.05355282,-0.018558383,-0.089864194,0.086817876,0.0010286104,-0.024726529,-0.1042043,CUST11199,0.03552803,Low
-0.02285936,0.15347308,-0.44181377,-0.07655956,0.16355266,0.011089926,-0.06819923,-1.0003195,0.29476967,-1.7044257,-0.026825089,-0.77864987,0.39869556,-0.3240945,0.417405,0.24549033,-0.060762167,0.12999213,-0.011935333,-0.27650785,-0.86725235,CUST11200,0.020017684,Low
-0.92472696,-1.5128287,-0.18777147,0.57184064,-0.10086098,0.04979533,-0.28217894,0.06326158,-0.70921206,-0.5501299,-1.8031726,0.87921023,-0.23501152,0.067496195,-0.27370057,-0.20413062,0.113968536,0.06253189,0.0068950937,-0.552963,-0.36391607,CUST11201,0.002649355,Low
0.025721818,-0.1348718,-0.065224975,0.19925624,-0.078620285,0.12432092,0.20839052,0.33943558,0.48630884,-0.5846225,-0.85486394,-0.34904218,-0.4674177,0.04945994,0.41314518,-0.117248066,-0.024782714,-0.1276195,-0.01915192,-0.6687858,0.11333894,CUST11202,0.17107098,Low
-0.0021135756,1.3891786,-0.20151593,-0.44682205,-0.07636156,-0.49249017,0.1251852,0.365552,-0.34400213,-0.59227145,-1.6209359,0.44863886,0.5106943,-0.06009321,-0.29770046,-0.08978354,0.01906029,-0.29227796,0.0016081268,-0.06366181,-0.51632714,CUST11203,0.09265651,Low
-0.6943138,0.23055555,-0.3338875,-0.38084665,-0.05882252,0.11077887,-0.10152089,-0.02572602,-0.5177814,-2.1247697,-1.0026441,0.6911115,-0.33032444,0.0962614,-0.8981527,-0.060678758,-0.0014357003,0.023317399,-0.006393648,-0.29629713,0.30135173,CUST11204,0.004383991,Low
-0.18063785,0.50462294,-0.24913342,-0.69826025,-0.029427573,-0.2630846,-0.39535066,-1.0773344,-2.248035,-1.02351,0.2854185,0.8538797,-0.4406683,0.14771454,0.3641339,-0.050873887,0.06784248,0.093935445,0.0022469396,-0.08715767,-0.14285244,CUST11205,0.0098370435,Low
0.3470239,-0.8266636,0.24558611,0.95381534,-0.041281,0.37326068,0.38757944,0.313423,0.1385222,-0.43543985,0.035766713,-0.6975165,-0.27231437,0.2616195,0.123446584,0.40687618,0.21378265,0.1217419,0.04247377,0.77411,0.1927947,CUST11206,0.9317207,High
0.13404001,-0.8464279,-0.030943869,0.08574663,-0.11779578,-0.1583207,-0.54534835,-0.583127,0.28015184,0.63423526,0.121338785,-4.1975055,-0.23739107,0.22603917,-0.27369162,-0.2607111,-0.12232645,-0.4610702,-0.0006614812,0.4232594,0.026674312,CUST11207,0.0026016084,Low
0.07680338,1.5465379,0.4413251,-0.27498755,-0.06527664,-0.1645206,0.14976662,0.39686695,0.31624094,2.2410178,0.5843554,-0.49220553,0.52569306,0.08160287,0.20586687,-0.052694358,0.09976411,0.15382732,0.023696002,-0.13531071,-0.03218635,CUST11208,0.9962453,High
-0.0022973896,0.52918893,0.6664712,-0.057961546,0.63968414,0.15381707,0.14902414,0.1761186,0.5052699,0.97396517,1.3941367,-3.4539375,0.9441456,-0.036811385,0.47825608,0.22269697,0.011785664,-0.49590933,0.021629263,-0.18720998,-0.05594953,CUST11209,0.92628187,High
-0.23720552,0.35179457,-0.1497757,-1.2868581,-0.04310066,-0.016272185,0.0627124,0.22267911,-0.67334545,-1.2051729,-0.12051394,-1.0311722,0.5971868,-0.08144678,-0.07393835,0.044605482,-0.0003254267,0.074791834,0.0044306726,0.05231986,0.044055942,CUST11210,0.029036585,Low
1.173944,0.73645324,0.26283064,-0.3004363,-0.064038076,0.17055517,0.2397776,0.30861312,0.26412514,2.1995018,0.0507678,-0.48297122,-0.4007601,0.12067267,0.24277596,0.11311665,0.014902994,0.14272755,0.003389188,0.20892999,-0.07437785,CUST11211,0.9925,High
0.23915981,1.2959031,0.10862223,-0.4962174,-0.09720479,-0.19922727,-0.100607984,0.29333058,-0.03497809,0.6691075,0.028745148,-3.722707,-0.641758,-0.25704628,0.12782675,-0.052197516,0.0043947324,0.020427492,-0.005220607,0.29894787,-0.07263134,CUST11212,0.066700585,Low
-0.96739894,-0.82000995,-0.059673533,0.302674,-0.0838635,-0.68038875,-0.40897155,-0.15933476,-0.053020496,-0.63116616,-0.117011115,-0.57200825,-0.33896148,0.057968162,-0.2386752,0.41388065,-0.1259651,0.050104465,-0.031979263,-0.02265299,0.01766335,CUST11213,0.010836098,Low
0.2200332,-1.030982,-0.41133913,0.5605321,0.3686157,-0.044753805,-0.27424544,0.23780583,-0.10133865,0.5609243,-0.19650792,0.4191238,0.25799626,-0.24410231,-1.4199264,-0.54420155,-0.0604734,-0.36779842,-0.036011733,0.23814401,0.16829517,CUST11214,0.14862923,Low
-0.6459653,-0.88911206,-0.10439045,-1.1700898,-0.041529942,-0.023873255,-0.22981726,-0.012430194,-2.132988,-1.2424991,0.2742095,-2.274156,-0.46778515,-0.423844,-0.24156605,-0.108874716,-0.18684778,0.096300215,-0.008643039,-0.17658779,-0.43469432,CUST11215,2.7802193e-05,Low
0.0648911,-0.8943814,0.7576086,0.38186204,-0.050384957,0.43071136,-0.018092318,0.50076884,0.7063664,-0.47743207,0.66404194,0.8348025,-0.3728247,-0.20898415,0.5085015,0.235873,-0.08865005,0.133903,-0.004225282,0.024716852,-0.87030625,CUST11216,0.9014627,High
-1.4189026,-0.34335145,0.33765903,-0.3817981,-0.056905672,-0.9560831,-0.030488607,0.3630977,-0.002263495,-1.9233428,-0.5908141,0.6661919,-0.596845,0.13222732,-0.11147341,-0.069887966,-0.035483792,-0.20220532,-0.015026342,-0.06807029,0.14745626,CUST11217,0.005478168,Low
-1.0851063,0.19571206,-0.28299725,-0.2439845,-0.044426125,-0.65519714,-0.12392321,-0.010510473,-0.62432796,-1.698802,-1.0087609,-1.0117229,-0.520033,-0.040029928,-0.1446026,-0.1255593,-0.039473675,0.012644784,0.0013983538,-0.34784946,-0.19513503,CUST11218,0.00032289146,Low
-0.109195486,-0.91717786,-0.3763751,0.17000756,-0.07960903,-0.53718925,0.15803057,0.087701924,0.23767987,-0.76069504,-1.6874901,0.3760155,-0.35871413,-0.13333617,0.026155716,-0.04636376,-0.08175132,0.07028414,-0.018665783,0.14045498,-0.5490947,CUST11219,0.011721864,Low
-1.3791816,0.08796612,-0.24173555,0.21858189,-0.060786292,-0.85825175,-0.017051244,-0.037329618,-0.64929354,-0.6237869,-1.2783237,-1.0364296,-0.47237596,0.044328175,-0.06656713,0.10585594,0.009058623,-0.36086696,0.009222181,-0.5793991,0.09836632,CUST11220,0.00079753745,Low
-0.72059935,0.1806153,-0.20690341,-0.95114046,-0.05285862,-0.073795736,-0.025029097,-0.10086726,-0.54365844,-0.9446573,-0.11054619,-3.159469,0.67102087,-0.10634692,-0.42899257,0.00047110632,0.0014271627,-0.06764545,0.0052546514,-0.22530735,-0.14241312,CUST11221,0.0008695832,Low
1.0107286,0.55394816,0.51968217,0.3326944,-0.0512157,-0.118949294,0.055358876,0.12543303,-0.04885493,2.2273343,0.47557878,1.7613027,-0.3896703,-0.18840104,0.011294145,-0.05110922,-0.029361896,0.107874826,0.009657634,0.1257055,-0.13075557,CUST11222,0.9980983,High
0.604001,0.12823519,-1.0496911,0.31360358,-0.06969084,-0.46465322,-0.1679866,-1.5909983,0.19170862,2.3020368,-0.94163156,0.39225778,-0.61134094,-0.5216779,0.16183075,-0.18208298,-0.030749809,-0.09431993,-0.023951348,-0.8455004,0.085934676,CUST11223,0.07872124,Low
1.1056356,-0.7430449,0.10537984,-0.7505851,-0.059616096,0.3252077,0.3224593,0.15491556,0.7586122,2.446802,-0.81639254,0.6674131,-0.30717847,0.23177853,-0.037787117,0.012182081,-0.017286168,0.11427415,-0.01353924,0.769219,-0.5432528,CUST11224,0.975398,High
-0.02882878,0.2376634,-0.24800289,0.23867497,0.7949669,-0.17485431,-0.75005615,0.33144307,0.5512802,1.0751348,0.39286056,-1.2166458,0.22549921,0.018392079,0.5861342,-0.48736352,0.011649767,0.05023257,-0.018596066,0.012266574,0.52316487,CUST11225,0.8889277,High
-0.09724077,-1.0611248,-0.20372733,-1.3622352,-0.0505447,-0.037417386,-0.25492704,0.11212252,-0.46537966,-0.90256673,-1.0069239,-2.277222,0.44347432,-0.025141878,-0.13745566,0.021499986,-0.021086795,0.035650663,-0.0085799005,-0.09520929,0.3286052,CUST11226,0.00081572623,Low
-0.06501201,-0.58744663,-0.27326915,0.42699298,-0.13397712,-0.3961128,-0.028113559,-0.8064861,0.78489727,0.2549008,-1.2389584,-1.7546343,-0.31648126,0.33936495,-0.1928783,0.0044179657,-0.03994047,-0.07829976,-0.025083613,-0.5078399,0.22853898,CUST11227,0.011536896,Low
-0.2469634,-0.93631583,-0.4373616,-0.57797533,-0.038361963,0.052564085,0.102492444,-0.5779727,-2.2949884,-0.8523427,-1.0634903,0.50022507,-0.36503682,-0.25456497,0.037269965,-0.0064827166,0.096243836,0.11718378,-0.0028288988,-0.06891371,0.13838857,CUST11228,0.0011997814,Low
1.0421646,-0.13877039,-0.54361886,-0.9852861,-0.062040675,0.17958955,-0.48307744,-1.0926176,0.63857484,1.9331325,-1.0524237,0.5576509,0.18364082,-0.2617722,0.2495324,-0.07565272,-0.030945372,-0.031313047,-0.0049677924,0.7081193,-0.6793869,CUST11229,0.5013376,Medium
-0.949198,0.3553374,-0.05078682,0.053409595,-0.05171135,0.17803514,0.03180674,-0.07359188,0.05597785,-2.2449517,-0.26747274,0.35097224,-0.67315465,-0.3355382,-0.18111429,0.1105516,-0.0423482,0.123134166,0.02578855,-0.32555756,0.4380023,CUST11230,0.028815884,Low
-0.039968666,0.30875352,-0.07581289,0.3645615,-0.05894619,0.26812527,0.20123957,0.39822763,-0.008173602,1.142488,0.25738692,0.885122,-0.28668642,0.34793603,0.07212446,0.048572935,-0.0018485134,0.19120184,0.002906763,0.5010461,-0.095534384,CUST11231,0.9875995,High
0.31604576,0.5353486,0.40844256,0.38167018,-0.058255624,0.28611174,0.017073877,0.27114618,0.32134417,2.3320312,1.5126724,2.1047776,-0.3192142,0.104363546,0.1064334,0.22532086,0.0075368937,0.08170564,-0.0013090598,0.0228132,0.09239021,CUST11232,0.99983394,High
-0.10226837,-0.69789565,-0.41489452,0.65389174,-0.03526736,-0.22916526,0.05782874,0.27031907,-2.3490474,2.363204,-0.12233223,2.145448,-0.2447636,0.26883718,0.1208808,-0.060463414,0.00033180468,0.20388417,-0.03235785,0.41121274,0.19620724,CUST11233,0.91360015,High
0.0820793,-0.86022073,-0.33130234,0.5587315,-0.07429959,0.108943865,0.2773517,-1.239618,0.16707881,-0.5842849,-0.19188444,0.5482147,-0.3074297,0.100842565,-0.00466962,-0.013160412,0.023272414,-0.24086884,0.00035914034,-0.42703092,0.26770607,CUST11234,0.1010719,Low
-0.1537074,0.29213238,0.5566716,0.23740765,-0.07937167,-0.17122874,0.18500814,-0.0047240146,0.41708454,-0.584888,0.24104199,-3.7639863,-0.5197796,0.10096227,-0.09223674,0.03855344,-0.05297825,0.043070514,-0.0018395111,-0.11531118,-0.018385937,CUST11235,0.029549735,Low
0.054416504,1.6271482,0.52615196,-0.563692,-0.07098631,0.20275527,0.23522341,0.36301148,-0.035418518,-0.45451504,0.55619955,0.7001902,0.5978214,0.05995389,-0.27410287,0.09418023,0.014513135,0.08898843,0.01222579,0.40504414,0.16638198,CUST11236,0.98607856,High
0.120180994,0.32932,-0.26079828,-0.4959948,0.55045223,-0.03226157,-0.0213662,0.092477344,-1.8525109,0.56323195,-0.06220013,-2.1651,0.6653089,0.072581336,-0.7209219,0.19112721,-0.09899389,0.04271117,-0.049325302,-0.42438927,-0.11528558,CUST11237,0.023731388,Low
0.16944072,-0.8486345,-1.0132618,0.5035733,-0.03884256,0.0036075646,0.07914381,-1.0439768,0.074881144,-0.7410573,-0.24687701,0.6423054,-0.31064564,0.13594207,0.2380438,-0.069342725,-0.12655081,0.10627694,-0.03150793,-0.41920832,0.034561347,CUST11238,0.04986376,Low
-0.08539142,-0.21407938,-0.103998646,-0.7747981,-0.049438104,0.04006502,-0.022794673,-0.82653105,0.17201594,-0.7962398,0.34699324,-3.490073,-0.41958296,0.21369882,0.36545128,0.10360665,0.006736677,0.09100127,-0.0063375076,-0.0076946937,0.21640922,CUST11239,0.0050356477,Low
-0.7267274,-0.74606484,0.13874957,0.588321,-0.010416012,0.29908022,0.2735935,-0.20459677,0.48990786,-1.4155927,0.46257138,1.8451021,-0.15258947,0.24247628,0.6363702,0.56386244,0.23291361,-0.17274514,0.022805743,0.0423243,0.1689635,CUST11240,0.9264318,High
0.019784983,-1.6942683,-0.018254694,-0.9280638,0.4074904,0.16688548,-0.81959915,0.14196402,-0.75984454,-0.5139473,0.20037414,0.6493825,0.2552334,0.15173674,-1.1009159,-0.33043107,-0.055560485,0.04291937,0.0052088266,0.38274682,0.12754978,CUST11241,0.023781246,Low
-0.24255794,0.07087761,-0.3000576,-0.7419995,-0.046716705,-0.10549298,-0.26363218,-0.5735715,-0.24006844,-1.2003064,-0.5911273,-2.6454692,-0.55617684,-0.2891964,-0.06271418,-0.067142606,-0.024784911,0.042817667,0.0027559428,-0.03080714,-0.2929083,CUST11242,0.0002736288,Low
1.0800943,-1.0521799,0.002118716,0.19700025,-0.064246975,0.057312343,-0.35693362,0.35700074,0.37221175,1.4073876,0.15872015,2.423937,0.27901104,0.14306666,-0.73428476,0.24474703,-0.046231166,0.05106177,-0.021061797,0.4972253,0.09432335,CUST11243,0.99360037,High
-0.7513188,0.23617986,-0.1737254,-1.0641583,-0.03745106,-0.5511696,-0.16298999,-0.55723614,-2.214814,-1.2430587,-0.11575618,-1.3489048,-0.4020339,0.3056645,0.3353828,-0.08621763,-0.073372096,-0.16527265,-0.0057414817,-0.10494493,0.0073310207,CUST11244,0.0002694676,Low
-0.019202307,-1.4122721,0.53304714,0.2946848,-0.067766964,-0.4743927,-0.8715857,-0.018600024,-0.8957057,-1.1173897,0.61626035,0.78609806,-0.33782294,0.12980412,-0.05582366,-0.11519663,-0.06273848,0.03340327,0.009982436,-0.0072955326,-0.07080254,CUST11245,0.040368672,Low
-0.018989038,1.1053115,-0.47201985,0.28971487,-0.020678885,-0.30646718,-0.06803681,-1.5080917,-0.19245149,-1.7610881,-0.13289836,0.55976355,-0.5180311,-0.30048868,-0.049917392,-0.00061304396,-0.051676426,-0.4731601,0.0012212005,-0.11230198,0.43410587,CUST11246,0.025531596,Low
0.051276032,-0.8367632,0.58398205,-0.3604834,-0.05845698,0.1515159,0.26944593,0.39965898,0.8912168,-0.4525085,-0.006273823,0.6929329,0.53569835,0.041106895,0.20653395,0.25690818,-0.051292576,0.050692923,-0.004899827,-0.019629003,0.17323492,CUST11247,0.9219193,High
0.06268036,-1.052642,0.34876525,0.57510054,-0.04822868,0.26484,0.20547234,-0.043787,0.15374038,-0.51553965,0.52864504,1.8706986,0.5976925,-0.06007808,0.46662086,0.21993312,0.108908154,0.017881818,-0.01261344,-0.19192594,0.23127706,CUST11248,0.97545177,High
-0.035732538,1.4460632,0.6269787,0.2702968,-0.05029827,0.067802265,0.4395158,0.23635727,0.20226546,0.34151822,0.5124829,1.2911851,0.48100492,-0.085985154,0.21344054,-0.3251572,0.005718188,0.06719217,-0.0053939195,0.017795987,0.20574607,CUST11249,0.9972064,High
-1.0579826,-1.1993121,0.6331017,0.15223554,0.45985338,-0.58974755,0.03567391,0.044524647,0.4381458,-0.59483737,0.48712853,0.58750665,0.7032786,-0.039151963,-0.6099603,-0.19465138,-0.09084083,0.22076656,-0.004516691,0.053183846,-0.02244313,CUST11250,0.34677935,Medium
-0.16984567,0.36805677,-0.06651495,-2.1729994,-0.04497081,-0.12986544,-0.3551676,0.3625984,-2.2683508,-0.19532014,-0.056079943,0.4601141,-0.6368143,0.17879486,-0.013195751,-0.18317841,-0.013392408,0.04609131,-0.0075845607,0.48418137,0.0664692,CUST11251,0.012222764,Low
1.0472914,1.090764,0.6022733,0.59166867,-0.040142212,-0.11137352,-0.107840404,0.29559258,-0.030531427,-0.37124094,1.3505496,0.5413425,-0.5244355,0.16691296,-0.08094746,0.35694978,-0.027043227,0.038748182,0.010571583,0.04530362,0.18330024,CUST11252,0.99319,High
-0.87857133,1.7490536,0.6674484,0.32146335,-0.054508127,-0.05197048,0.33512425,0.28869927,0.21795867,-1.1692325,-0.8429699,0.5856153,0.64572066,-0.30710408,0.19472863,-0.14923468,0.005518137,0.19303855,0.0051688664,0.044446003,0.38304588,CUST11253,0.8945664,High
-0.7853736,-0.9159006,-0.18352298,-0.8086532,-0.05338499,-0.17903428,-0.5115766,-0.40572086,-0.581437,-0.8031371,-0.06771204,-1.4994425,-0.27335498,0.028784478,0.48377657,0.00010245858,-0.14578313,-0.31074426,-0.019439552,0.02298468,-0.4626875,CUST11254,0.00054377096,Low
-0.7410468,1.1009574,-0.15443933,0.15464577,-0.038643803,-0.77113825,0.18599862,-0.060174372,1.0151527,-1.0369183,0.21941894,-3.082766,-0.44973037,0.07578471,0.006747677,-0.1326952,-0.0033907827,0.048603028,-0.008462091,0.03381633,-0.15541807,CUST11255,0.021064425,Low
-1.0089828,0.25486472,0.017901087,-0.45540997,-0.03480908,-0.49250144,-0.07707925,0.43912143,-2.5052156,-0.69834334,-0.048439026,-0.21816249,-0.46321386,-0.2563814,0.07385601,0.050316747,0.06011756,0.08706246,-0.0011549201,0.11130005,-0.549344,CUST11256,0.003142216,Low
-0.114771806,-1.5850515,-0.19198316,0.59400314,-0.071146846,-0.045807324,-0.33105728,0.31952527,-1.7788403,-0.3235404,0.09848741,1.2306988,-0.3069345,-0.28493762,-1.1073663,-0.37873846,0.20061272,0.0642753,0.013972471,-0.3909291,-0.08442554,CUST11257,0.010780905,Low
0.92701524,0.4530616,0.20028579,0.472976,-0.045848273,0.3396343,0.052390732,0.12901235,0.11236798,2.2737947,1.4451532,1.1155947,-0.36187664,-0.16047828,0.0070657535,0.1300153,0.004498782,-0.05906509,-0.0068711513,0.4227355,0.22782297,CUST11258,0.9995166,High
0.02220678,0.3064439,-0.622853,0.30202842,-0.07026532,0.06431717,0.12188917,-1.4184031,-1.2616928,0.83657515,0.6303945,-0.6890596,-0.5313492,-0.3706433,0.21543577,-0.08134053,-0.12708028,0.05008385,-0.001757211,-0.42654642,-0.10376193,CUST11259,0.03914465,Low
-1.1204982,0.27448374,-0.031809386,0.42996243,-0.041492637,-0.11323668,0.3090322,-0.057563145,0.22424789,-2.2940452,-1.5262253,-0.4751193,-0.5751894,-0.60126704,-0.07856813,-0.234561,-0.040688727,0.014573098,0.019106826,0.3892063,0.08004851,CUST11260,0.0040913364,Low
0.05044417,-1.1740247,-0.38253754,0.45151296,-0.045610327,0.042781293,-0.5780752,-0.79879516,0.19040808,-1.1540034,-0.62628955,-0.9317186,0.28798628,-0.0910536,0.58027697,-0.28715578,-0.10524714,0.053159907,-0.04039359,-0.23781118,-0.051950403,CUST11261,0.0074409945,Low
0.08268291,0.23993376,0.20458807,0.19346534,-0.06879191,-0.13062052,-0.09754774,-0.93592596,0.08697838,1.0609887,0.30691695,0.3291369,0.18965693,-0.07363215,-0.25558546,-0.10985871,-0.07526289,0.015960416,-0.028965104,-0.123884805,-1.1145852,CUST11262,0.41349563,Medium
-0.08263605,-0.97397184,-0.055348676,-0.86601317,-0.06515807,-0.42485118,0.18089706,0.055863775,-1.071973,2.0942125,0.24362133,-1.1539971,-0.5883794,-0.8183064,-1.3247375,-0.2671883,-0.021422006,0.04904017,-0.024270277,0.44916826,0.1310961,CUST11263,0.010155446,Low
-0.12416757,0.24610315,-0.36607397,-1.4182659,0.64512926,-0.144245,-0.08710799,-0.785365,0.18166918,0.53436244,-0.049017467,-3.1271162,1.0732824,-0.08626493,-0.11140171,-0.22162049,0.04104479,0.019165305,0.0043271817,-0.038840886,0.24026246,CUST11264,0.026101261,Low
1.1050841,0.5739412,0.4669915,0.35855967,-0.04340543,0.096265994,0.18744826,0.19983904,0.4738722,2.411458,0.55956084,0.45927322,-0.3042867,0.11036051,-0.14183143,-0.012782501,-0.0015332459,0.11843022,-0.0027870436,0.1215603,0.08377122,CUST11265,0.9988589,High
0.043522034,1.2432778,-0.46434167,-0.030722767,0.36716306,-0.2465702,0.23103608,-0.84430206,0.39358404,0.58566135,0.4943751,1.0668343,0.8917342,0.30741566,0.23929767,0.031488538,0.03102497,0.19137527,-0.00988289,0.12042055,0.114252806,CUST11266,0.9910885,High
-0.9656924,0.4197761,-0.25478393,-0.024808258,-0.071219966,-0.99935526,-0.05409114,-0.6803044,0.9719778,-0.7362886,0.5645225,0.9092106,-0.40687358,0.22809921,0.3647819,-0.19973487,-0.00042986617,-0.004789739,0.009460617,0.13472949,0.054672588,CUST11267,0.31295872,Medium
-0.19662811,1.2001781,-0.094083205,-0.06818441,-0.03317876,0.2529573,-0.11755466,0.08992127,0.016140696,-1.6603646,-0.7216668,-1.30353,-0.53641313,0.0828864,0.10956128,0.036557704,-0.022789333,-0.39024505,0.0076367147,0.15373506,0.017243477,CUST11268,0.038309306,Low
-0.6796253,-1.0795438,-0.22521557,-1.1057807,-0.055466834,-0.15681921,-0.1379387,-0.7284404,-1.9363446,-0.48363295,-0.16670273,-2.4454563,0.25327584,0.105522454,-0.051990066,-0.10179968,-0.032900598,-0.03096805,-0.0006351685,-0.074838676,-0.50887907,CUST11269,6.193498e-05,Low
-1.1846449,0.018848302,0.0043601105,0.1940307,-0.07453783,0.36451575,0.074068345,0.03620737,0.12311202,-2.0192513,-1.4082476,0.8308056,-0.4825651,-0.056658454,-0.04926116,-0.23491149,-0.031220045,-0.19404766,0.0009063324,0.6802121,-0.072935686,CUST11270,0.028570442,Low
-0.6524924,-0.9296483,0.11971141,0.30961284,0.5940097,-0.04535435,-0.031692166,0.29959983,0.891688,0.85218436,0.29718184,-0.78184134,0.41319358,0.18206172,-0.5641605,0.21888687,0.16286643,-0.05325965,0.053329516,-0.3577566,0.4989667,CUST11271,0.80719805,High
0.93143857,0.52917695,0.26914343,0.35901472,0.24022476,0.19058499,0.028651236,0.2543026,0.021534894,2.3584914,0.41834778,1.7071557,0.7457258,0.16183507,-0.04286877,-0.015089381,-0.084188506,0.14741953,-0.0018684438,0.54989636,0.20457159,CUST11272,0.99986744,High
-0.59431094,0.2746388,-0.1985324,-1.2637081,-0.031584017,-0.14532745,-0.13734123,-0.11957092,-2.1468663,-1.4424673,-0.5990263,-0.65165246,-0.73499304,-0.6369703,0.29639387,0.07904496,-0.07873862,-0.004615071,-0.0142047135,-0.05020969,-0.23355994,CUST11273,0.00020778878,Low
-0.088265985,-0.21776113,-0.006670781,0.38555628,-0.04370836,-0.37371293,0.25022942,0.38521314,1.0782866,-0.9346179,-0.027325343,-0.73443246,-0.30978104,0.090057,0.22083588,0.009506765,0.03518191,0.16309099,0.0020988751,0.0478099,0.30537674,CUST11274,0.54779994,Medium
-0.57551396,0.3940894,0.022630366,0.26187515,-0.07877239,-0.08892006,0.0012290622,0.21149546,0.0915946,-0.75956446,0.48244938,-3.4401636,0.5684007,0.07299203,-0.18281987,-0.15738994,0.04565381,0.04916263,0.010060707,-0.37632358,0.37992713,CUST11275,0.04257056,Low
0.09517223,0.9727299,-0.32774127,0.6406711,-0.04476769,-0.11394679,0.15248953,-1.0394012,-0.7776889,2.1606922,0.470373,1.6103472,0.4428318,-0.26298407,0.2199354,0.012929126,-0.0493819,0.11476564,0.020004509,-0.42354155,-0.0356305,CUST11276,0.9779614,High
-0.14826594,-1.7819349,-0.06418842,-0.80660576,-0.051226664,-0.17758544,0.11261074,0.15321298,-0.91133595,-0.5985061,-1.4307543,-0.6333381,0.30626464,-0.07617012,-0.12174924,-0.11925188,0.13397051,0.041509505,0.02348979,-0.29883164,0.21573071,CUST11277,0.001873373,Low
-0.22099644,-0.37729308,0.6918296,0.06400506,-0.09958206,-0.21359569,-0.6863752,0.1591532,-0.20801151,-0.53414845,0.3515131,-3.056034,-0.3733182,0.036457367,0.049499575,-0.15773635,-0.07745743,0.16443123,-0.0068397336,-0.01910224,-0.075301334,CUST11278,0.009621527,Low
0.26828673,0.33155313,0.4564944,0.58522195,-0.07525502,0.015411859,-0.1544002,0.27435938,-0.50389254,1.602109,0.5715751,2.2879736,-0.41725627,0.13012058,0.3137471,0.10609817,-0.02157985,0.11411626,0.007912554,-0.43147838,0.053399436,CUST11279,0.99580365,High
-1.0522072,-1.6329352,0.096975885,0.2581849,-0.047192946,0.19906607,-0.35457498,0.018786654,-0.24943624,-1.2749013,-0.16948998,-0.3921414,-0.30069983,0.038544953,-0.1940299,-0.3458213,0.089206845,0.104452305,-0.033580896,0.33094788,-0.09953224,CUST11280,0.0063334247,Low
0.9534044,0.43894488,0.054115538,0.5563745,-0.0817357,0.20744438,0.08508467,0.11708966,0.24291344,1.3284407,-1.0489564,0.49491486,0.29734606,0.1353234,0.047516577,-0.049918603,-0.05377793,0.2105554,0.0012237709,-0.79045045,0.2557771,CUST11281,0.9663154,High
-0.22318901,0.9278784,0.6438175,-1.3548409,-0.0372357,-0.41481984,-0.0013750293,0.45141107,-2.0512512,-0.30110276,-0.56843156,-2.4211867,-0.6251282,-0.40990448,-0.039800897,0.017662685,-0.052077238,-0.10811708,-0.020025799,-0.11160526,0.007155153,CUST11282,0.0011843826,Low
-0.26084107,0.24961464,-0.36050883,0.4979988,-0.06363036,-0.27224544,0.04900164,0.0895521,-1.7244276,-0.6236653,-1.4300123,0.5830858,-0.55701375,0.082354896,0.047379855,0.02444304,0.09058536,-0.2647749,-0.03111717,-0.101807304,0.07469226,CUST11283,0.018955624,Low
-0.107043386,0.33741432,-0.43539566,-0.20762727,-0.026882492,-0.26020932,0.15825586,-0.7692206,0.11336604,-2.1792636,0.018825881,0.3126613,0.40729576,0.032191712,-0.12516385,-0.12011139,-0.0036663904,-0.42965895,0.008928723,0.009885582,-0.12390218,CUST11284,0.031234398,Low
-0.7682834,-2.2170544,0.3417338,-0.025562624,-0.062296048,-0.2717801,-0.8299624,0.12087645,0.076034695,-0.68081254,0.5003262,-0.6986551,0.23633881,-0.24572738,-0.19515693,-0.23109664,0.011799031,0.093920946,-0.01924117,-0.18324324,0.2886365,CUST11285,0.008127103,Low
0.053568725,0.4607758,0.5582718,-0.034549203,0.33681178,0.07675919,-0.0873594,0.42390633,0.47635126,-0.28480846,1.2999607,1.2111082,0.8904591,0.14217924,0.25942898,-0.02301551,-0.006275342,0.14041942,-0.005894061,0.014320174,0.08707915,CUST11286,0.99738616,High
-1.1098317,-1.071598,0.20183846,-0.3109497,-0.0678996,-0.3330002,-0.05222314,0.016973758,0.513633,2.419254,0.2474617,2.434308,-0.24414049,0.47684935,-0.0071346946,0.1299788,-0.01353686,0.089437835,-0.022329733,0.5504078,-0.49699482,CUST11287,0.96461093,High
-1.2554827,0.24731551,0.04242967,-1.3578976,-0.061031133,-1.0134648,0.1268679,0.12268233,0.24393655,-2.2010055,0.2333989,0.9410851,0.569813,0.20635971,-1.2393063,-0.24312404,0.036245257,0.011623784,0.016389627,0.48165667,-0.029873211,CUST11288,0.01526874,Low
-0.8593051,-0.79777616,-0.020600224,-0.0038537462,-0.045091905,-0.26612675,-0.26289386,0.28213844,0.20389862,-1.6249039,-0.96513194,0.350567,-0.3985038,0.025553357,0.48993918,-0.44471872,0.15422353,-0.010464698,-0.048324883,-0.2825599,-0.011211776,CUST11289,0.010147487,Low
0.3327502,-1.0242711,0.05855698,0.5227255,-0.06426183,-0.1264753,-0.76326936,-0.015881553,-1.9797496,-0.90113467,-0.87850136,0.8307971,-0.3933818,0.021133248,0.23647457,0.21101765,0.13980572,-0.089835174,0.0019176034,-0.44494388,0.023924764,CUST11290,0.012770202,Low
-0.19730046,0.20697366,-0.30148232,-1.4681044,-0.0580028,0.016433666,-0.23451526,-0.77657604,-0.29485226,-0.46367875,1.4241,-2.8706315,0.4897161,0.105771646,0.28743982,-0.008379842,-0.05843555,0.017756665,-0.016758902,0.26091546,-0.011768766,CUST11291,0.018047022,Low
-0.77082175,-0.932887,-0.14927898,-1.3384284,-0.057867926,-0.22004913,-0.060079977,0.12107544,-1.9984174,-1.0717143,-0.45612022,-2.0856407,-0.42475915,0.099387616,-0.17071891,-0.20185295,-0.116463825,0.11162311,-0.012024002,-0.09397316,-0.1547828,CUST11292,4.4101376e-05,Low
-0.065172166,-1.1176823,-0.06863562,-1.1428976,0.3151884,0.8855728,-0.03033804,0.47870392,-1.9789445,-0.5138134,-0.7011892,-1.7561115,0.3984911,0.17256702,0.015116436,0.0610574,-0.06426816,0.06636206,0.002165704,-0.018355776,0.15391316,CUST11293,0.0070095113,Low
-0.14457682,-1.0626773,-0.07726282,-1.9010528,-0.08264044,-0.27851158,-0.038991485,-0.03637732,-2.015455,1.5344915,-0.75747055,-3.059163,-0.35901237,0.21432619,-0.2985417,-0.18888596,-0.15136474,-0.052993402,-0.028797546,-0.3246744,-0.053417183,CUST11294,0.000100201214,Low
0.021443158,-1.1304393,-0.05708433,0.46842194,-0.045236304,0.024212148,-0.29847503,-0.97821486,0.09087313,1.9562125,1.5754111,2.7734597,0.093135506,-0.015099921,-0.028873578,-0.009016518,-0.10338603,0.06656295,-0.034871675,0.08329804,0.10151447,CUST11295,0.98910683,High
0.0135402465,0.42275333,0.0006855766,0.43192953,-0.045386128,-0.005897615,-0.0423467,0.19322354,0.21345428,0.8415557,0.8569179,-0.43824095,0.45265538,-0.07006303,0.46123096,0.07223111,0.041270476,0.12794779,-0.0076821,0.20168805,0.025862101,CUST11296,0.9759235,High
0.82156575,0.5313278,0.48671106,0.24771613,-0.042683646,0.2527011,-0.03442419,0.12184252,0.39745313,2.1403506,0.6207153,-0.47564042,0.44926634,-0.0012212539,0.30580008,0.2782685,0.019038772,-0.21067484,-0.005189261,-0.7189847,0.09989553,CUST11297,0.9947206,High
-0.06854,-0.5712596,-0.35257703,0.5693061,-0.09846451,-0.07611219,0.1809995,-1.0663686,0.70857334,0.77327734,-0.9792969,-3.0231187,-0.19455568,0.58233976,0.14766003,0.103456244,-0.04598773,0.093184754,0.02480271,-0.06396888,-0.13347746,CUST11298,0.028324086,Low
-0.046527315,-0.4197789,-0.19532177,0.22305919,-0.011647874,0.36586225,0.42076382,-0.267811,-0.10347876,-1.4020008,0.14541376,0.6896175,-0.22281098,0.019100958,0.6802424,0.66911227,0.2960308,0.10768173,0.055223152,0.0695707,0.20810935,CUST11299,0.7747324,High
-1.0599409,-1.0343714,0.06710399,0.24700029,-0.030350916,0.20887959,-0.23660964,0.038881164,-0.05234143,-2.532985,0.32176524,1.6773503,-0.44837508,-0.14704046,0.0047406117,-0.33435905,-0.0074318396,0.07725511,-0.007518944,0.08880733,-0.03270662,CUST11300,0.03778127,Low
-0.060515948,-1.030068,0.25961968,-0.6888001,-0.049014058,0.15781033,0.32475507,0.17848189,-1.9091542,-1.0991702,0.14492221,-1.9897561,-0.36155778,0.0704152,0.089562185,0.02653729,-0.10279503,-0.30489826,0.0006231952,-0.20851,0.2022163,CUST11301,0.0016679642,Low
-0.78079695,0.11660105,-0.18726783,-0.3016049,-0.025449319,-0.09469767,-0.12374862,0.062504895,-1.9583313,-1.8174497,0.432172,-1.9708886,-0.5032332,-0.31828618,0.42531198,0.16206431,0.021932986,0.11414308,-0.029496966,-0.21353655,-0.16042563,CUST11302,0.00074926467,Low
-0.938867,-1.0682447,-0.2971716,-0.22150557,0.21903004,-0.2982794,0.08462862,0.1924221,0.1119859,-2.0265298,-0.8170249,0.10129218,0.74116045,-0.15034398,0.046961598,-0.37054366,-0.1073466,-0.009362166,-0.012865106,-0.17345627,-0.07157215,CUST11303,0.005995,Low
-0.17590484,-0.9431603,-0.122922495,-1.2870997,0.09554283,-0.15123513,-0.02183431,-0.7535558,-1.7005408,-1.2804306,0.09228988,-2.5747044,0.7599001,-0.117345,-0.23489127,-0.057896364,-0.015558177,0.0070362436,-0.003667708,-0.14344613,-0.13175526,CUST11304,0.0001497547,Low
0.22376135,-0.12535967,0.07462947,0.3067983,-0.05791944,0.3562752,-0.220395,0.123143375,0.27555814,-0.5038816,0.3499058,2.3872797,0.28972295,-0.04236996,-0.20561011,-0.4068001,-0.044383254,-0.007284729,-0.00064959936,0.06766241,0.27261856,CUST11305,0.9555329,High
-0.9063562,-0.9625177,0.62891895,-0.6816768,-0.03135478,0.12684669,0.17157054,0.05617195,0.1536099,-2.2828043,-0.11869057,-0.8362172,0.3701681,-0.099310055,0.35009134,0.05352779,-0.13315338,-0.36052415,-0.034587592,0.32419622,-0.54460406,CUST11306,0.008147389,Low
0.073477335,0.30816555,0.15317331,-0.36058438,-0.073108524,0.3615963,-0.30550537,-0.22092976,0.5148725,1.1231613,0.5911405,0.86081475,0.19570218,0.2887645,0.23568325,0.022941452,-0.024899296,0.22153068,-0.017411334,-0.23423754,0.06837078,CUST11307,0.9767412,High
-0.06287863,-0.17862062,0.019712422,-0.87456757,0.39877403,-0.008154405,0.11097754,0.09514542,0.11476194,-0.25533086,0.33302146,-3.2615755,0.5213061,-0.42463094,-0.5679473,-0.45808887,-0.08226591,-0.07575358,0.00018891087,-0.4360914,0.010723299,CUST11308,0.0059023947,Low
-1.0464197,-0.73748946,-0.06198169,0.32706895,-0.060767926,-0.66313845,-0.11425459,0.031172927,0.4682964,-1.3879404,0.03408783,-2.5774941,-0.30714998,0.08857673,-0.22646695,-0.14207174,-0.12328692,-0.10794899,-0.01862497,-0.10866903,-0.5658126,CUST11309,0.0006450739,Low
-0.12832007,0.3754026,-0.56995875,0.21815719,-0.09724231,-0.888136,-0.072264,-0.9396312,-0.92817056,1.239927,-1.2893943,1.5091157,0.17827664,0.12276829,0.003076287,-0.1466094,-0.0365508,0.014534142,-0.002065204,-0.47615495,0.012694184,CUST11310,0.12502006,Low
0.2616737,-1.1824993,-0.4340865,0.6491863,-0.05896174,0.2969029,0.08770928,0.3326221,0.24442804,2.3196025,-0.65451056,0.68743783,0.19586876,0.219134,0.07506156,0.26737222,-0.037026543,0.24914196,-0.036999434,-0.4910243,0.27299827,CUST11311,0.9615375,High
-0.017902767,1.225215,0.5140316,0.49111357,0.33245426,-0.91303045,-0.0608055,0.045560203,0.16825886,2.3398128,1.4570688,-0.4090785,0.565389,0.16168286,0.16939132,0.17160647,0.01882589,0.16848263,0.005652299,0.12256309,-0.026492445,CUST11312,0.9984756,High
-0.07134829,0.53359914,-0.15181263,-0.7740883,-0.031510897,0.017825473,0.16230118,-0.5002533,0.90531725,-1.9100925,0.48132506,1.011884,-0.5556164,-0.5658181,-0.18087897,-0.43947127,-0.027091386,-0.1620324,0.00077425083,0.089397565,-0.8795229,CUST11313,0.04342616,Low
-0.938377,0.14532045,-0.3772367,-0.5466756,-0.112586066,-0.36049184,0.0047150534,-0.53233373,0.35662013,0.27654392,-2.0259547,1.1238374,-0.4863508,0.08491673,-0.103085175,0.08783195,0.0032090629,0.043141063,-0.0063793897,-0.420007,0.15668753,CUST11314,0.024799053,Low
0.11480352,0.14809558,0.0730344,-1.4733257,-0.10944329,-0.10667405,-0.7050009,0.059908647,0.4087033,1.4146942,0.38761035,-3.3774674,-0.3759521,0.3822018,-0.11867052,0.104683004,0.023361297,0.06412527,-0.011587958,-0.38204333,0.24986811,CUST11315,0.03646488,Low
0.119343564,1.5792091,-0.05281478,-0.38245654,-0.045777924,-0.06280357,0.071772456,-1.0696644,-0.18492462,2.205725,0.52246547,0.5695698,0.78114176,0.083048984,0.10468047,0.17988099,0.081161104,0.07545583,0.009819537,-0.40118754,-0.0022851669,CUST11316,0.98426765,High
0.85756207,-1.3517516,-0.2172927,-0.49776644,-0.041043732,0.24642052,0.14679515,0.29813862,0.37474057,1.7779622,0.2485033,2.238759,0.33747202,0.043231484,0.4133898,0.12963769,0.14238015,0.08687964,0.020406222,0.12367044,0.12328831,CUST11317,0.99574846,High
-0.024635915,-0.05102193,-0.112042025,-0.9081765,-0.050414983,0.16034284,0.15945867,0.022857064,0.6695523,-1.9855573,-0.48326656,-0.6647614,-0.6659632,-0.05478286,-0.33270168,0.2013758,-0.062653854,0.035164285,-0.01068028,-0.7244021,-0.10632554,CUST11318,0.0064717503,Low
1.3888185,-1.0729684,-0.4385266,0.4626312,-0.05048145,0.4007423,0.03483857,-0.83658975,1.056424,2.2266095,-0.68890357,-0.5423046,-0.13697675,-0.37306023,-0.1325628,-0.026085872,-0.08546202,0.2967874,0.0051417556,0.6479518,0.0073520467,CUST11319,0.89072734,High
-0.80263275,0.22705878,-0.074136056,0.20428123,-0.07219218,-0.087664686,-0.3284429,0.20899199,0.28857574,-0.9854526,-1.3154236,-1.3065933,0.7151835,0.077337734,0.057289477,-0.24639797,0.055687103,-0.07167934,0.0012836708,0.010955657,-0.46493655,CUST11320,0.018815314,Low
-1.2603053,-0.95230025,-0.16887769,-0.2557395,-0.07083123,-0.30998802,-0.123342454,0.09086815,0.9124353,-0.89573956,-0.2589968,0.023477985,-0.33851925,-0.24223667,-0.14088409,-0.09882101,0.035557788,0.09104524,-0.017685512,-0.46943128,0.020586772,CUST11321,0.011262967,Low
-0.12034959,-0.28983596,-0.29471272,0.12889332,0.36165738,0.19058134,-0.666684,-0.6261073,0.24014243,-0.8837603,-0.16385043,0.56252855,0.605744,0.06770528,-0.25468317,-0.32051387,-0.04279873,-0.51717705,-0.011433189,-0.015149383,0.075532004,CUST11322,0.11717546,Low
0.147637,-0.3093758,0.025261827,-1.155602,-0.06105551,0.12467581,0.29075518,-0.02517685,-0.40251613,-1.0698866,0.32307518,-2.5848448,-0.48291636,-0.1499252,-0.224335,-0.22891493,-0.023614177,0.07736054,-0.014598025,-0.55644387,0.12512122,CUST11323,0.001984299,Low
0.12273495,1.2860729,-0.21682662,-1.213138,-0.04745328,0.24056716,-0.19524457,-0.15734856,-2.2701259,-0.9730314,-1.1435024,1.7073809,-0.690815,0.21785682,0.03628057,-0.17208529,-0.010712119,-0.10263547,-0.003081443,0.5130508,-0.09616666,CUST11324,0.038664322,Low
0.08797351,-1.2390509,0.088368356,0.52755266,-0.03788749,0.28517428,0.24694176,0.24031647,0.003371263,-1.4535153,-0.80314046,0.8679127,-0.47177386,-0.30095056,0.27469397,0.1974267,0.12935442,0.06697502,0.0039796447,-0.0193619,-0.0047336984,CUST11325,0.20496362,Low
-0.27123243,-0.86556196,-0.22409189,-1.3512701,-0.04494237,-0.39875686,-0.17310949,0.13140112,-2.0652893,-1.0362492,-0.5744278,-2.1414254,-0.47099358,-0.0042145923,0.24659222,-0.15241024,0.20213294,-0.22305177,0.025090003,0.012127243,-0.1092059,CUST11326,7.2339004e-05,Low
0.15460902,-0.6926383,-0.42703635,0.25324568,0.27538273,0.24659695,0.31276187,-1.0514259,0.42965648,2.1879296,0.02275294,0.60563105,0.69252205,-0.2877924,0.39464322,0.2429679,-0.086467214,-0.5398805,-0.010035928,0.46383235,-0.8072173,CUST11327,0.91172296,High
0.26516384,0.85271704,0.33937868,0.2800309,-0.051907178,0.27612686,0.16092543,0.3406555,-0.4879211,0.95126873,1.5374738,1.361468,-0.49284887,-0.3768884,0.14585918,-0.008331345,-0.041121937,-0.29279223,0.018454814,-0.4498165,-0.079761855,CUST11328,0.9852688,High
0.056632895,0.40954605,0.3463732,-0.057532374,-0.046808355,0.19970743,-0.054737836,0.1922141,0.41782686,-0.7342575,0.67804015,1.2671802,0.5016284,0.09515761,0.22634429,-0.07285575,-0.041051812,0.11935229,-0.023111215,0.012648309,0.07032114,CUST11329,0.9711798,High
-0.8674247,-0.8027592,-0.28052315,0.529759,-0.09910926,-0.2863177,-0.36636624,-0.45747617,-0.009003471,-0.4983675,-1.3841423,-2.4688354,-0.31553844,0.17771499,-0.09145368,-0.15338565,-0.09919069,-0.0021167542,-0.020086158,-0.025147488,-0.114319436,CUST11330,0.00046209674,Low
1.1829754,0.12355855,0.08095499,0.38064128,0.23368715,0.1424795,0.44434902,0.3930816,0.37288824,2.1208584,0.53874844,-0.54631466,0.67183393,-0.06934111,0.43431166,0.11255293,-0.04626958,-0.5012895,-0.011016259,0.009865898,-0.6314622,CUST11331,0.9954673,High
-0.0019917502,-1.132263,-0.21540816,-0.6126673,-0.054611716,0.24544376,0.1768975,0.34752935,0.1976379,-0.94366884,0.008126415,0.76925623,-0.38308993,0.03885508,-0.03357774,0.059021864,-0.05381682,0.032437496,-0.011370671,-0.7942012,-0.6912564,CUST11332,0.043193944,Low
1.1031554,-0.7748056,0.23436083,-0.088213444,-0.0605982,0.3338264,-0.4227473,0.08893746,-0.010626334,1.3163505,0.9759996,0.91799635,-0.21417305,0.28712875,0.2919643,0.1774109,0.0028015191,0.17667755,0.00033037737,0.15717906,0.093576565,CUST11333,0.98945343,High
0.10467552,-0.24177726,-0.964817,-0.07482768,-0.04914385,0.11948391,0.011143315,-1.0247326,0.24456517,-0.40648717,0.14112273,0.9871164,0.28656703,0.12828992,0.09754758,-0.12079868,-0.0002374571,0.10001275,-0.024484245,-0.28411502,0.08587067,CUST11334,0.28288263,Low
0.10303564,-1.4742717,-0.025537213,0.14003497,-0.056263566,0.064366765,-0.06661627,0.086863264,-0.5196643,0.19980186,0.4663324,-1.212214,-0.34151214,-0.25174537,0.256058,-0.39427885,0.15007728,0.047882862,0.0018593315,-0.404098,-0.74023366,CUST11335,0.017717876,Low
-1.0960522,-0.9630736,-0.23532337,0.15979671,-0.061025612,-0.40248594,-0.020136256,0.0858095,0.37820917,-1.4247012,-0.062401548,-1.8217822,0.3832113,-0.15104243,-0.3322024,-0.24589375,-0.12722407,0.008480387,-0.012888901,0.29545274,0.026211213,CUST11336,0.0034557856,Low
-0.56290215,0.4534659,-0.2225146,-1.3802661,0.11365607,-0.07710543,0.0010571816,-1.1237655,-1.507261,-1.5278589,0.1403436,-2.3481433,0.28746888,0.0080841705,0.19099934,-0.14121018,0.006617931,-0.31723428,0.0024466105,-0.021458967,0.15475678,CUST11337,0.00036472233,Low
-0.16659544,-0.6993093,-0.22006755,0.4648997,-0.07244589,-0.49210328,0.2322663,0.16303907,0.3775825,-0.6109722,-0.58448684,-2.4948964,0.39437923,0.0053508016,0.231328,0.22597654,0.1732546,-0.15151894,0.05585125,0.5000216,-0.09195975,CUST11338,0.057022996,Low
-0.18808953,-0.10768782,-0.22651136,0.3079909,-0.11263885,0.4042283,-0.3302144,-0.4866785,0.3849833,-0.6570824,-0.6286036,-2.5394826,0.46097186,0.048779275,-0.03658226,0.029176638,-0.053988226,0.1826385,-0.017518686,0.05825874,0.026765773,CUST11339,0.02856847,Low
-0.0734894,-0.9351237,0.22623046,-2.7736332,-0.05118506,0.1246226,-0.53856725,-0.07426961,-2.061293,1.4377549,0.20176268,-1.1342454,-0.23555252,0.2720648,0.25948796,-0.19210355,0.028514698,0.012458257,0.0022201356,-0.044577952,-0.08670791,CUST11340,0.0033991782,Low
-1.133927,-0.091049895,-0.17391644,0.2319172,-0.041259453,-0.6330681,0.38971972,0.2089886,0.43070197,-2.0913863,-1.446459,0.4855186,-0.41303626,-0.08292257,-0.047661033,0.10284514,-0.057932664,4.322594e-05,-0.031044172,0.31294703,0.13791999,CUST11341,0.018195033,Low
-0.021878447,-1.0328729,0.14573763,-1.7089889,-0.11143251,-0.22633573,-0.38813353,0.42193583,-0.4808188,0.2572407,-0.027419422,-2.372429,0.52071214,0.068666555,0.06373594,0.10810899,-0.009535884,0.03934738,0.0053856783,0.056828104,0.13091856,CUST11342,0.009888834,Low
0.0664335,0.11202667,-0.33061427,0.42439657,-0.053479575,0.2155999,0.027917502,0.33984962,0.5181145,0.58618265,-0.053593833,2.8221176,-0.44830722,0.24208502,0.04024633,0.18027243,-0.044571724,-0.1304176,0.0043362533,0.57723767,0.0737252,CUST11343,0.9940852,High
0.1730711,0.33316767,0.19378796,0.673027,-0.04346166,0.32698414,0.17540385,0.22094147,0.11279368,2.4998376,0.5652551,1.049973,-0.5464629,-0.78428894,0.17942804,0.15521824,0.01500092,0.12209158,-0.006765322,0.029875018,0.07368339,CUST11344,0.9958205,High
-0.20502776,0.19985859,0.18919076,0.39648002,-0.031097185,-0.20287338,-0.1355654,-0.029463544,0.9045645,-2.6773772,0.1813967,-1.0074744,-0.76031566,-0.23064922,-0.15625454,-0.076644704,-0.028127342,0.0156191625,-0.009644133,0.45923123,-0.04230306,CUST11345,0.035858497,Low
-0.045245953,-0.702457,-0.1665889,0.75681293,-0.10613097,0.0253894,-0.2326202,-1.2169695,0.76592916,0.27618754,0.46399373,-2.4486263,-0.43674207,-0.22436374,0.3456538,0.0920294,0.16480507,-0.082182966,0.09527271,-0.06044675,-0.0040975325,CUST11346,0.058108453,Low
-0.08944662,-0.2352141,-0.52435094,-0.48919082,-0.049488172,-0.033989776,-0.02657488,0.30329272,0.36376637,-0.7686428,-1.2587296,0.38928035,-0.36134002,-0.24684794,0.020961238,0.15396474,-0.103707395,-0.30794716,-0.029636832,0.38508603,0.15934087,CUST11347,0.057616845,Low
-1.0163988,-0.5417901,0.094225824,0.20991041,-0.042428054,0.2190906,0.11692069,0.12560739,0.43724257,-2.23768,0.38534915,-1.1149995,-0.40273377,-0.56113863,-1.1911967,-0.18233606,-0.014803334,-0.43871778,-0.014344979,0.0021479095,-0.60375994,CUST11348,0.0010937856,Low
0.21564306,0.58797336,0.06581502,-0.64451337,0.28178656,0.34711385,0.35860306,0.072014466,0.38999036,2.281419,0.07437277,1.9601426,0.28254923,-0.034674168,-1.1110275,-0.08507368,-0.07020883,0.10501203,-0.0057523223,0.3951571,0.02802821,CUST11349,0.99571866,High
-0.12954524,-1.0548307,0.224281,0.63541436,-0.08845649,-0.19225463,0.25678885,0.3317693,-0.53569365,-0.7344727,0.16153595,-2.356273,0.6292651,0.05980172,-0.16522588,-0.068750784,-0.057926595,0.16394064,-0.025837352,-0.52098966,-0.087747514,CUST11350,0.02658698,Low
0.04667736,-0.96899706,-0.2791411,0.023494182,-0.042000722,0.0652665,-0.018220281,0.27309895,0.5755724,-0.73509055,-0.07826687,-0.71014404,-0.3626178,0.15945153,0.25328204,-0.17163989,-0.09718798,0.09913873,-0.017551562,-0.63926774,-0.06770099,CUST11351,0.060823515,Low
0.04424324,0.3982427,-0.07768837,-0.21017274,0.54935014,0.20043431,-0.30908304,0.31362453,0.19304776,-0.36793986,0.58625174,0.8858925,0.77813846,0.19167136,-0.804537,-0.01775647,-0.01590454,0.27331275,-0.04203808,-0.14855453,0.35564625,CUST11352,0.9388312,High
-0.16376443,-0.9496209,0.3213398,0.6735012,-0.107145935,0.064744815,-0.04179125,0.3116161,0.22028053,0.120436735,0.39243582,-4.1124253,-0.3174226,-0.32945767,-0.15847404,-0.07386644,-0.091443345,-0.37173787,-0.02426863,0.03665044,-0.6404138,CUST11353,0.005036417,Low
1.3617166,0.4194211,0.14176929,0.5499317,-0.081919245,0.33254507,-0.46956468,0.24866812,0.17543255,1.5508842,0.33107924,0.37205246,-0.20087108,0.5008485,-1.2254572,-0.2817102,0.0006134219,-0.14053336,-0.00068876706,0.3774008,0.15201576,CUST11354,0.98318374,High
0.32460436,-0.9905415,0.08447444,0.26121995,-0.05626504,0.1305207,0.26411057,-0.124306045,0.0011670124,1.5596834,0.3374206,2.5243797,0.27471542,0.19013445,-0.6324109,0.31570503,0.17390278,0.052439727,0.066760376,0.60987455,0.07718643,CUST11355,0.99550194,High
1.1040298,0.2842321,-0.47693408,0.090870254,-0.08272754,0.19580415,0.06638725,0.16669822,-0.36409706,0.1709283,-1.7259953,0.4993337,-0.5999168,-0.2384074,0.04368517,-0.033033855,0.02084478,-0.025667137,-0.008683525,-0.03650356,0.13869472,CUST11356,0.29825106,Low
0.33038482,1.535269,-0.28588617,0.3574828,0.52681994,0.31956214,0.16419397,0.13558453,0.41199937,-0.2332251,-0.88236743,0.98489,0.5185019,0.15251802,0.14089769,-0.12939434,0.004870385,0.09478788,-0.007910841,-0.38830876,0.110720746,CUST11357,0.9784629,High
0.085253306,-0.99715537,-0.21466215,0.1589931,-0.10272363,-0.2791354,-0.043496583,-0.71958905,0.37371725,0.2259062,0.26271853,-2.4506915,0.49222627,0.0109499125,0.5546904,-0.30230403,-0.024756785,0.018649342,-0.0072397236,0.1351474,0.35561052,CUST11358,0.07494673,Low
1.8360361,0.3172004,0.55798966,-0.83352107,-0.055995673,0.23321292,0.29692805,0.55378366,0.6471872,-0.06439167,0.15135098,-2.4655774,-0.43667218,0.25556123,0.39765263,0.18229361,0.02204073,0.15809713,-0.0040887846,0.47793087,-0.07054851,CUST11359,0.89199555,High
0.1399414,-0.27747303,-0.99062103,0.6188583,-0.094857216,-0.13816933,-0.5816751,-0.82483447,0.52093005,1.3053292,-1.192257,-0.76053035,-0.32159913,0.14192742,0.32123345,0.3487961,-0.05826454,-0.37954247,-0.022408456,-0.31671548,-0.1835272,CUST11360,0.057832003,Low
-0.9359914,-1.3203467,0.14724982,-1.3239156,-0.034190845,-0.31413668,0.22122927,0.6713496,-2.0826125,-0.85528594,0.036264762,-2.1476812,0.64439803,0.104654744,0.081221856,0.16909836,0.08811133,0.06427106,0.012316097,-0.10795946,-0.16065072,CUST11361,0.00083454454,Low
-0.0097968355,-0.84391284,0.23019032,0.43761095,0.32974997,0.105928525,-0.051893752,0.19221,0.51575285,1.5280715,0.33243933,1.4374962,0.17213711,0.07040875,-0.16750431,0.11669735,-0.053957816,0.07672896,0.029086547,0.3120543,0.028943436,CUST11362,0.9913651,High
0.27129698,1.0417184,0.22234654,0.28226286,-0.059442297,-0.2544615,-0.09475643,0.23531723,-0.2701821,2.0685759,0.39150754,1.7643011,0.34010097,0.23255327,0.25711071,-0.08121523,-0.012421034,0.09822463,0.010372313,-0.40866953,0.16744891,CUST11363,0.9978854,High
-0.7613249,0.07828916,-0.062009346,0.13990815,-0.06346267,0.07939703,0.00608249,-0.038570024,-0.029909823,-1.6599251,0.446988,-3.1391475,-0.5299441,-0.101756096,-1.0685469,0.26770106,-0.027801506,0.10065959,0.000526018,-0.5242546,-0.24723044,CUST11364,0.00076145754,Low
-1.2919394,0.1286348,-0.16322571,0.35835,-0.041383103,-0.5739885,0.0515958,0.19991712,-0.6364418,-1.6798657,-0.7432946,-1.1347722,-0.6872791,-0.28567094,-0.053164624,0.010967499,0.0064151767,0.0059836553,-0.0007451968,0.3956585,-0.09073264,CUST11365,0.0018883421,Low
0.86858654,-0.6467586,0.20118707,0.41149992,-0.06652452,0.11168953,0.16966583,0.09704936,0.3258106,2.4669192,0.39856917,2.0225852,0.31914687,0.24837402,-0.10892781,-0.08990508,-0.045084808,-0.07658609,-0.024733111,-0.90577114,0.22752573,CUST11366,0.99715436,High
-1.2487139,-0.3383986,-0.23423761,0.12500285,0.2923157,-0.9548915,-0.2398302,0.13244389,-0.52856827,-2.3044639,-0.1432521,0.7660224,0.30726254,0.09128575,0.006425285,0.003991764,-0.035937894,0.055021353,-0.008379871,-0.05476427,0.25910836,CUST11367,0.016338786,Low
0.82361776,-1.7541893,0.007062994,-0.46506572,-0.043006457,-0.15365453,-0.3579269,-1.3901119,0.01967607,1.8587905,0.44278815,1.1058155,-0.1907142,0.10977438,-0.02447522,-0.2655381,-0.09962687,-0.50117296,-0.04831679,0.1574094,-0.7730872,CUST11368,0.16978776,Low
-0.7060623,-1.3992089,-0.07249567,-0.2514917,-0.025605867,0.1877724,0.15050368,-0.56526285,-0.91732806,-1.5506926,0.3379957,1.7754062,-0.3533334,-0.24952374,0.15233529,-0.1421072,0.22857033,0.070205934,0.011726499,-0.28771266,-0.075908974,CUST11369,0.023490217,Low
0.003749561,0.3701653,0.5959877,0.17186771,-0.025399325,0.37011868,0.07541607,-0.094739206,0.26423484,-1.4386644,0.51352286,0.044680536,0.9701181,0.08164059,0.37330395,0.46729195,-0.003263223,0.057984784,-0.0013766875,0.47586823,0.019135421,CUST11370,0.9625458,High
-0.007574913,-1.31463,0.20265082,0.33408213,0.3910464,0.13791999,-0.19846368,-0.00800414,0.17367491,-0.56235904,0.4436725,0.96542406,0.36129826,-0.3909596,-1.406053,-0.3021409,-0.08881438,-0.103224084,-0.040384956,-0.5684431,0.09260878,CUST11371,0.12632433,Low
-0.15786085,0.0048129503,-0.33927187,0.3044024,-0.054399174,-0.13979541,0.29719847,-0.47967246,0.05431241,-1.9267075,-0.6595579,-2.762254,-0.44646814,0.014663447,-0.11820752,-0.06280132,0.013738601,-0.03236937,0.0029110624,0.17987584,-0.355858,CUST11372,0.0012190151,Low
-0.0896317,-1.2340853,-0.24439628,0.30334023,-0.046129398,0.25476092,0.15085144,0.3021448,-0.94465876,-0.86616814,0.38854605,-0.6843673,-0.3559893,0.22349885,-0.20771177,-0.08710263,-0.10653861,0.08319858,-0.048930638,0.10828698,-0.10593089,CUST11373,0.037248116,Low
1.1755186,0.5770257,-0.032605812,0.6450206,-0.048809018,0.15905373,0.23392448,0.23730083,0.32384908,-0.3739691,0.6110106,0.41098094,-0.45153308,0.13892119,0.055626217,-0.11505452,-0.00841793,0.012765432,0.002925652,0.15733066,0.13005587,CUST11374,0.97802734,High
-0.8508056,0.11482349,-0.080138415,-0.5076073,-0.056814853,-0.1309193,-0.106133744,0.011039122,0.29673624,-1.4670715,0.26326066,-3.2043896,-0.61955994,-0.11301674,-0.26263192,0.14886779,-0.04738049,-0.0041161687,0.0012009805,-0.2735111,0.16441411,CUST11375,0.0011475934,Low
-0.051290188,0.25474164,-0.1252162,-0.24028073,0.2692939,-0.12899709,-0.1324242,0.24410996,-0.14260165,-2.134214,-1.0563767,1.0907556,0.37998253,0.17248775,-0.049851086,-0.1237513,0.021846501,0.20973217,0.01135076,-0.07499164,-0.041636795,CUST11376,0.1554455,Low
-0.53406125,-0.9505776,-0.20105818,-1.0757198,-0.047493048,-0.55187047,-0.15124063,-0.61307544,-1.9726396,-0.27081382,0.5902855,-1.2120813,-0.27158013,0.081157714,0.44045746,0.010640495,0.17190988,-0.0676199,0.017426249,-0.28098875,-0.38428932,CUST11377,0.0006627735,Low
-1.128755,-0.36946014,-0.36863008,0.40099627,-0.052346986,-0.47830838,-0.09557814,0.11252453,0.050316744,-0.99111927,-0.15610227,0.7880322,0.34747452,-0.3303425,0.048785176,0.01496911,0.021771098,0.13980517,-0.0031617088,0.057042107,0.08826961,CUST11378,0.12466233,Low
1.3739805,0.6499412,-0.014877264,-0.6069911,0.32065746,0.06592279,-0.5952955,0.20791194,0.39556104,1.2409441,-0.02720231,0.6086869,0.56004566,-0.3854672,-0.5350172,-0.00079453574,-0.000103338854,-0.045167446,-0.0072373166,0.51801604,0.0695401,CUST11379,0.9769747,High
0.09553803,1.2237107,-0.52437615,-0.0086650355,-0.08601236,0.15308818,0.032921165,-1.5264572,0.4366942,1.984711,-0.7224077,0.38734168,-0.510539,-0.19205596,0.07231667,0.053710733,0.008978912,-0.35224673,-0.01145158,-0.44034317,0.09975117,CUST11380,0.5322118,Medium
-0.64163035,-0.86836493,-0.39254,0.683561,-0.11932491,-0.22564614,-0.428847,-0.52745473,0.49452448,0.7229316,0.5790788,-2.0613592,0.13315159,0.11904234,0.3572434,-0.18674156,-0.06391076,-0.05490164,0.025609324,-0.088125244,-0.110930145,CUST11381,0.06298429,Low
-0.022613809,0.63779116,0.490382,-0.36818123,0.45741895,-0.7411003,-0.15969405,0.3148088,-0.10912168,2.1796496,-1.2547625,0.8316908,0.90086854,0.42944625,0.24308981,-0.2703163,0.11020051,-0.48193103,0.0022274572,-0.07104165,0.09870816,CUST11382,0.9597799,High
-0.10704799,1.2406442,-0.12842646,-0.16536796,-0.04478749,-0.05204454,-0.030235836,0.17945346,0.54096234,-0.73842436,-0.7456976,-0.7099273,-0.40800866,-0.39896,0.21043621,-0.099744014,-0.033035018,-0.17219196,-0.009306425,-0.120807275,-0.7363347,CUST11383,0.07082835,Low
-0.09909454,0.46250355,-0.73973775,-1.2676474,-0.0456103,-0.12875676,-0.0596765,-1.2398055,-1.9421724,-0.34726387,-0.042400233,-0.72279984,1.1380501,-0.051974643,0.17890726,0.08187344,-0.03482992,0.06471606,-0.008087085,-0.028351374,-0.06037969,CUST11384,0.007119858,Low
0.054382127,-2.8057845,0.3507134,-0.8977703,-0.045777865,-0.052361336,-0.15666467,-0.047688145,-0.87992996,0.40670544,0.623664,1.5280147,0.31442288,-0.4648368,-0.07925323,-0.40996262,0.02120867,0.0063690245,-0.018795097,-0.4184837,0.19769356,CUST11385,0.056289278,Low
-0.031087702,0.42273584,-0.14542133,-0.6614031,-0.0945002,-0.76671684,0.097859405,0.16316117,0.15338533,-0.5043832,0.42340463,1.4171422,0.4787177,0.16137151,-1.8313519,-0.77856743,-0.04552963,-0.28010365,-0.007084224,0.0317063,0.082124345,CUST11386,0.14682488,Low
0.24779226,1.1075078,0.023678586,0.27251846,-0.056698352,-0.09913055,0.0022405502,0.007959768,0.23396805,0.43134084,0.23606738,2.3881836,-0.60918593,-0.22832555,0.21216932,0.106101274,-0.0017237384,-0.15300454,-0.007572651,-0.2858995,-0.029401993,CUST11387,0.9770989,High
0.10192415,0.49386775,0.7294643,-0.07016549,-0.044685874,-0.15441678,-0.108742565,0.1515942,-0.19353193,-0.5226851,0.6072923,0.7510793,-0.46200085,0.21782504,0.06880168,-0.06370093,0.037516132,-0.08082077,-0.005969392,0.07961529,0.16567664,CUST11388,0.83926296,High
0.81351703,0.16294284,-0.19766441,0.15479064,-0.08222616,0.06842305,-0.1092677,0.0033800993,-0.16348656,0.32816768,-1.0983291,-0.4826211,0.18125115,0.0045882477,-0.14813367,-0.08832607,-0.071454644,0.13164055,-0.006737546,-1.0186199,0.031261295,CUST11389,0.16354483,Low
-0.00013124268,0.113317646,-0.41905433,-0.45785496,-0.03253949,-0.05025315,0.22745587,-0.72098505,-0.03353605,-1.7532439,0.44310585,-2.2744045,0.25947002,0.078903094,0.20868942,-0.104016,-0.031985525,-0.05236211,-0.004681142,-0.15488487,0.24218015,CUST11390,0.010333306,Low
-0.0256328,1.0414166,0.67784065,0.61751395,-0.052284073,0.15329778,-0.016093146,0.2617565,0.5074555,0.5742537,1.3424084,-0.44382867,0.6063174,0.15859266,0.04362041,0.04476898,0.01890496,0.076904304,0.014213044,0.4493647,0.26486292,CUST11391,0.9981122,High
-0.1681741,0.09910725,0.16956876,0.19361652,-0.06874257,-0.073458426,0.24017577,0.11290851,1.0021089,-0.6255788,-0.11732219,-3.733861,-0.543749,0.09378685,-0.07254798,0.24618383,-0.0046942816,-0.11667076,-0.0021190452,0.055863455,0.32617894,CUST11392,0.04597464,Low
1.8883193,0.55295193,0.71337104,-0.5490517,0.29807436,0.39180234,0.114896365,0.22004086,-1.3888211,-1.4871634,1.0010628,-0.14811246,0.5253889,-0.12379359,-0.20771478,0.0070264773,0.045890108,-0.04266803,-0.008915173,0.6116884,0.14186886,CUST11393,0.9249065,High
-0.29130346,-0.87532836,0.22385179,-1.3458796,-0.038103472,0.04668184,0.0027796426,0.61111695,-1.5375584,-0.6975349,-0.68838686,-2.1381855,-0.4173874,-0.06768949,0.04373848,0.04298869,-0.10581175,-0.11439865,0.015777279,0.20895877,0.07487886,CUST11394,0.0008310553,Low
-0.15501843,0.048619222,-0.3976356,0.16731603,-0.1046122,-0.2550731,-0.029097676,0.14594893,0.79395527,-0.6330953,-0.71093005,-2.0562005,-0.6030204,-0.21983926,-0.21328975,-0.070739016,-0.010606741,0.1605023,-0.008476766,-0.035604883,-0.5855685,CUST11395,0.008020927,Low
-1.3060842,1.9485884,0.2407012,-0.1501047,-0.044000514,0.29301202,-0.0102176145,0.29408258,0.42342108,-1.7503288,0.3628922,2.479483,-0.5409133,0.16160654,-0.013213593,0.07173459,0.032972015,0.07146314,0.00412629,0.14143357,-0.070726804,CUST11396,0.9305227,High
0.17892957,-0.7517724,-0.48631066,-0.23111743,-0.08202386,-0.15344712,-0.4014485,-0.53228563,0.12374577,0.108585,-1.636601,0.3655066,-0.46267396,-0.2790743,-0.34761667,-0.17850196,0.0024684623,-0.0274535,-0.0020628907,-0.18019825,0.05069883,CUST11397,0.006910105,Low
-0.057215285,0.31990904,-0.14855069,0.46037978,-0.063473456,0.30011547,-0.016615298,0.16384546,-0.35836932,-0.6534906,-0.08905722,-1.4681779,-0.6121597,0.12015145,-0.11249513,0.13132815,-1.0321921e-05,-0.3795941,-0.009462886,-0.68585616,-0.033850837,CUST11398,0.037766594,Low
1.0813873,0.57380986,0.15172817,-0.02835509,0.2693431,0.08715854,0.08747064,0.26842386,0.8688672,2.3726497,0.3057436,-0.46967727,0.31202933,0.09872931,-0.009086256,0.10302135,-0.0027121773,-0.1072204,-0.0022196458,-0.6114981,-0.075990655,CUST11399,0.9946666,High
0.12477663,0.42047545,-0.25061306,-1.9626532,-0.0850212,-0.019151911,0.011202719,-1.2828951,0.05187729,0.4552686,0.31285295,-0.9304444,0.25962952,0.06915267,0.3034252,0.07762561,0.016707387,0.08741855,-0.00901622,-0.40351948,-0.064565994,CUST11400,0.054031126,Low
-0.7781145,-0.600396,-0.12903012,-0.61631584,-0.12334338,-0.3876586,-0.18210475,-0.97853374,0.17296201,0.9486044,-0.5354122,-2.2716532,-0.3592155,0.108738385,0.047857556,-0.14263414,-0.06146844,-0.017811652,-0.02268534,-0.3515816,0.27962172,CUST11401,0.0023632317,Low
-0.003668966,0.29370517,0.43582678,0.13810667,-0.047316313,0.15264519,0.131165,0.15038367,0.34928733,2.0871365,0.5726946,2.1913123,-0.3529784,0.09126967,0.23418379,0.09393895,-0.009901759,-0.39125904,-0.0011390806,0.4581211,0.29508913,CUST11402,0.99891317,High
0.04851188,-0.17571265,-0.3150812,0.39506686,-0.04705354,-0.20523648,-0.013668543,-0.6033221,0.49003804,-0.67676264,0.56991386,1.1770918,-0.3137921,0.16995221,0.4890523,0.007030125,0.09064698,0.07935534,-0.00651043,0.12681928,0.107383125,CUST11403,0.79389095,High
-1.0167232,-1.487588,0.6058084,-0.6408035,0.27102092,-0.92621726,0.07491002,0.17183276,-0.8916873,-0.6572114,0.33950326,-0.5222832,0.32623392,0.052321278,0.2971737,-0.07906185,-0.04088067,0.07029724,-0.015319729,0.0063722953,-0.09105329,CUST11404,0.014795329,Low
-0.8830971,1.4278047,-0.068232775,-0.11447901,-0.033671707,0.016827622,-0.057868607,-0.031153057,-0.8326659,-2.302403,0.46784496,-0.8708606,-0.69057745,-0.6081694,-0.1971809,-0.05890038,-0.009181127,-0.074259095,-0.0010932009,0.30300072,-0.39451045,CUST11405,0.006318046,Low
0.71508193,0.69467276,0.11258675,-0.473669,-0.06030859,0.26319882,-0.005922052,0.09004895,0.5417024,2.5899646,0.6684421,0.62243295,-0.43431047,-0.19198777,0.15575694,-0.08488268,-0.03944839,0.22298567,-0.0040970426,-0.71835536,0.32730377,CUST11406,0.9929386,High
-0.90474254,0.13541114,-0.24290654,0.09069313,-0.06523537,-0.35376132,0.08062604,-0.0399102,0.32386157,-1.6744194,-1.0212568,-2.447375,-0.41074908,-0.22570238,-1.1205856,-0.14015771,-0.031821202,0.07920812,-0.015976086,-0.18416335,-0.14960851,CUST11407,0.00023311251,Low
-0.08559623,0.27542394,-0.31091976,-0.11098779,-0.1181961,-0.08470445,0.16921651,0.0477648,0.35411394,0.44477135,-0.05000951,-2.7725093,0.5869844,-0.03872842,0.33915687,0.20301335,0.028410627,0.0075285407,0.005101305,-0.0045938543,0.42669746,CUST11408,0.32448328,Medium
-1.0736773,-0.81473476,-0.14724416,-0.29531524,-0.048383784,-0.3263385,-0.1790796,0.16427425,0.09217384,-1.7668775,0.10930966,-1.7208712,-0.37504432,0.010456002,-0.20194143,-0.09636638,-0.14269613,-0.107125014,-0.025515746,0.21747643,-0.076658495,CUST11409,0.0010590107,Low
0.17678046,1.0517671,0.048534896,0.64813304,-0.055866662,0.29689553,0.17855307,0.11248146,0.15853268,1.2892339,0.14400639,0.48126197,-0.46933648,-0.43299425,0.04099461,0.21893142,-0.037377313,-0.38462982,0.00741582,0.24190928,-0.14408234,CUST11410,0.97141755,High
-1.0035617,0.4712614,-0.05274138,-0.35303345,-0.0686961,-0.41054192,0.42106616,0.2662571,-2.6269054,-0.5305978,-0.3200482,0.43584493,-0.53727245,-0.3400497,0.14725038,0.008251525,-0.0921106,-0.26266342,0.0029847901,-0.014359496,0.15920104,CUST11411,0.008614575,Low
0.2484599,-1.9426666,0.21171436,-0.56363344,-0.06507373,-0.06034398,-0.14163864,0.24481548,0.06948907,-0.45573482,0.11002061,0.7740906,-0.42421252,0.13838693,-0.11134295,-0.3323221,0.06701621,-0.3519879,0.01838425,-0.017727874,0.025148483,CUST11412,0.06885955,Low
-0.08145221,-1.6786563,0.21378933,-0.9118937,-0.07380079,0.011497653,0.05213421,0.14380813,-1.7620629,0.23620525,0.04185864,-2.7550268,0.22307073,0.2939548,0.029704662,-0.06627249,-0.0045296233,-0.24874058,0.0134219965,0.028800944,-0.4702317,CUST11413,0.0011019165,Low
0.20179029,-1.0483949,-0.23135698,0.16744742,-0.06653487,-0.10471362,-0.4932146,-0.01705258,0.23197089,0.23327671,0.30297223,-1.7172838,-0.28103253,0.109453574,-0.31203872,-0.5533475,0.19996528,0.010497893,-0.012973456,-0.55500096,0.13177082,CUST11414,0.020857137,Low
-0.03140511,0.5187057,0.7329872,-0.13550296,-0.07520932,-0.3297384,0.050098214,0.2861798,1.0365582,1.1329648,0.74209857,-0.80672175,-0.32060042,0.07524283,0.30972427,-0.20637226,-0.033194523,0.08139311,-0.007066814,-0.014121794,0.47081843,CUST11415,0.9686794,High
-0.026189242,0.5133072,0.33718553,0.7900167,-0.079616174,0.14295755,-0.03702747,0.1717213,-0.34471846,-0.40430614,0.7569775,1.1673527,0.62975365,-0.16309306,-0.38181028,0.48922276,-0.02230597,-0.11401732,0.011175423,-0.54873455,-0.062016353,CUST11416,0.94162136,High
0.026429437,0.22139935,0.37089142,-0.4843715,0.2993683,-0.05102983,-0.026675308,0.5593054,-0.45771107,-2.0396845,-0.42678872,-1.6892828,0.7843058,0.064303584,-0.057317536,-0.3007496,-0.07833065,-0.029147102,0.006621491,0.08321669,0.13283333,CUST11417,0.041582942,Low
0.015331781,-0.24445865,-0.06578414,0.8044926,-0.029166523,0.2829736,0.32413015,0.18122415,0.014861483,-1.6948107,0.57603693,1.3873665,-0.22937623,0.10565873,-0.026897416,0.36660054,0.037329365,0.15619074,-0.0007505377,-0.36112684,0.60432136,CUST11418,0.89650345,High
-0.21678653,1.431359,-0.009894786,0.8050557,-0.095450334,-0.5359781,0.1651088,-0.27904963,0.5902611,2.5165231,0.56483984,-2.390108,0.3082815,0.30179486,-0.41235554,0.0029324896,0.011299621,0.27553505,0.0018867934,0.09922266,0.023259234,CUST11419,0.9574077,High
-0.9345077,-1.2687738,-0.20513125,-1.3958468,0.20313978,0.012179647,-0.14772777,-0.012075992,-2.0289803,-1.8055265,-0.27166605,1.137626,0.89261085,0.08023864,-0.056798324,0.04529232,-0.16085298,-0.011603186,-0.02661878,0.18459621,0.16190414,CUST11420,0.0034922694,Low
-1.0404602,0.21522257,-0.52349854,-0.06959442,0.16175053,-0.15792294,-0.40099564,-0.98010284,0.24574347,-2.1274157,-0.017422266,-0.8564967,0.3819958,-0.016476477,-0.14595486,0.37193343,-0.055007756,-0.2781638,0.0034749443,0.30203527,0.44936204,CUST11421,0.0101189185,Low
-0.7496971,-0.92883533,-0.0974651,-1.1079766,-0.039803293,-0.44269887,-0.27788395,0.41551363,-2.1552873,-1.0200661,-1.0071622,-0.582484,-0.37254283,-0.0029842206,0.07517159,0.2015472,0.052695353,0.016319502,0.0031700488,0.013415657,-0.26071516,CUST11422,0.0002452584,Low
-0.9597621,0.70248926,0.85909635,0.41693082,-0.064157926,-0.36165872,0.16582075,0.15835677,0.39088225,-0.45179445,1.0383172,-0.67748606,0.6660783,0.19233036,0.04842422,0.0512248,-0.007808543,0.104474515,0.011267566,0.46745977,0.045571275,CUST11423,0.9399628,High
-1.099265,-0.9690468,-0.32383537,0.77908933,-0.08398539,-0.64215285,0.03433312,-0.0014211102,0.106904246,-0.61338204,-1.5617754,0.5118069,-0.2930187,0.20198493,-0.22845867,-0.11700041,-0.07781016,0.022860264,-0.058222137,0.13480352,-0.08360737,CUST11424,0.012052224,Low
-0.051695716,0.8663386,-0.8378149,0.28609976,-0.04712713,-0.20724037,-0.09273923,-1.0254307,0.08412214,-0.6588996,-1.010045,-2.2360363,-0.54681367,-0.28341335,0.09334786,0.18574351,0.037994098,-0.36422938,-0.0022429554,-0.31333244,-0.22732045,CUST11425,0.0016655789,Low
-1.0443734,-1.0289607,0.09286309,0.3281469,-0.028555572,0.5738426,-0.03315404,0.32847783,0.4545875,-1.8054105,0.12097385,-0.85448384,0.5488232,0.077964865,-0.11015694,-0.072245106,-0.02723667,-0.26949924,-0.0020964127,0.33487752,0.3691027,CUST11426,0.109906666,Low
1.2839035,0.29378557,-0.20262475,0.52469987,-0.060952872,-0.073587425,0.0056815017,0.3692308,-0.6009462,-0.31915927,0.30866405,2.2508304,-0.51959044,-0.0023824312,0.04538214,-0.12053483,-0.034986455,-0.0015764404,-0.0064526517,0.15194964,0.14267226,CUST11427,0.9673534,High
-0.7040091,0.40488112,0.6787371,0.77131224,0.32750204,-0.09920323,-0.07216893,0.28857923,0.28795937,-0.6705788,0.4989863,-0.583479,1.0823172,0.067288235,0.52045214,0.16410314,-0.022436354,0.07847593,0.006267577,-0.026684372,0.39622912,CUST11428,0.9660836,High
0.09274523,-1.2938408,0.53839123,-0.011684276,0.38561103,0.17141508,-0.2479221,0.35886583,-0.2951416,1.577067,0.5091067,0.6012418,0.27633524,0.0695516,0.22159544,0.031013068,-0.051698495,0.21849611,0.015368521,-0.025106994,0.019829165,CUST11429,0.9575502,High
0.018693838,-0.64072895,0.3748114,-0.28733557,-0.07165046,0.20330662,-0.039613817,0.25004056,0.93859035,2.3282733,0.42332268,-0.7691916,-0.42931795,-0.064941496,0.61017406,0.22066559,-0.04584726,-0.114192255,-0.0056710932,-0.43388587,0.33868727,CUST11430,0.94042003,High
-0.83596265,-0.93197936,-0.33060473,-0.29481512,-0.037753716,-0.24190423,-0.09011081,-0.6771434,-0.72835803,-1.5403059,-0.6997309,-0.94279164,-0.30855292,0.17623149,-0.195284,-0.13231322,-0.16551532,-0.31700578,-0.037944295,-0.17266546,0.018893192,CUST11431,0.00019725799,Low
-0.10263644,-0.039365157,-0.05932649,0.15979922,-0.08216029,0.3339377,-0.51084656,0.28999823,0.1415747,-1.6488656,-0.98664075,-2.9002562,-0.41992548,0.16038756,-0.08906418,0.1448722,-0.08503879,-0.34759873,-0.01061967,0.47915956,0.32176572,CUST11432,0.004986439,Low
-0.13646117,0.1010138,-0.16979563,0.28609097,-0.09427862,-0.15280347,-0.07023015,0.14560519,0.3045228,-0.42712724,0.5752062,-4.0025973,-0.62718594,-0.23035048,-0.33224037,-0.062873974,-0.0030183513,-0.27827597,-0.01594107,-0.10011756,-0.08474874,CUST11433,0.0044041653,Low
-0.19933273,-0.62276787,-0.44377488,0.5886572,-0.031368386,-0.26833704,-0.06274636,-0.7866819,-0.08481009,-1.8568705,-1.0845846,-0.8905274,-0.46018845,-0.19801058,-0.21627079,-0.1380776,0.008593222,-0.007057452,-0.013384262,0.21063691,0.1616613,CUST11434,0.0015931854,Low
-1.3056233,-0.019935831,-0.07587405,-0.8264776,-0.06034106,-0.44696322,-0.057923954,0.04831531,0.50406104,-2.2192643,0.1362999,1.0919394,-0.46692276,-0.07685579,-1.0913724,0.30624247,-0.006148509,0.010249391,-0.017114231,-0.3973756,0.005555624,CUST11435,0.0066220206,Low
0.22690636,0.3761009,-0.28390846,0.42465374,-0.057100963,-0.097133964,-0.07457588,-1.2369691,0.32476932,2.721732,0.3992857,1.8731924,-0.34180135,0.13312516,0.022738459,-0.007688049,-0.016928472,-0.023643203,-0.0024010423,0.6043405,0.17895462,CUST11436,0.99393094,High
0.012673207,1.2616186,0.3910835,0.44558308,-0.052394763,-0.2199961,0.380163,0.21553196,0.09388816,1.9193375,0.6366569,0.5894249,0.4276547,-0.0039701657,0.11223224,0.10587001,-0.020990027,-0.4747233,-0.0039753914,0.4678207,0.23901801,CUST11437,0.99846447,High
-0.8091386,-0.034089606,-0.27561396,0.38352552,-0.053329356,0.0062251184,0.022846695,-0.47960362,-0.605208,-2.3060772,-0.8700902,2.0898576,-0.5970577,-0.5752175,-0.08795339,0.40288362,-0.006762276,0.035456695,0.02523183,-0.005251023,-0.5989121,CUST11438,0.012328202,Low
0.14123781,0.5446595,-0.49888805,0.34750146,0.37935978,0.21462324,0.021409377,0.44439524,0.2164888,0.4276255,0.39395154,0.78907675,0.39302158,-0.33114207,0.040298507,-0.10517572,0.01659544,0.06338521,0.004976498,0.13232817,-0.40417886,CUST11439,0.9603181,High
-0.87892425,-0.2455364,-0.16649646,-0.6522617,-0.0755632,-0.49380514,-0.32337293,-0.079207264,-1.7527006,-0.25026077,-0.8625851,-2.6626344,-0.55164033,-0.27865002,-0.091472454,-0.062533684,0.03640064,-0.056639995,-0.008051343,0.36631665,-0.27877784,CUST11440,8.16013e-05,Low
0.14501041,0.47025135,0.17974648,0.240765,-0.08224782,-0.12728813,-0.45316204,0.26049462,0.16659379,2.245196,0.39868078,0.68458647,-0.53471327,0.079220474,-0.08428176,0.031835403,-0.072450966,0.05729165,0.0033524823,0.03075856,0.062782854,CUST11441,0.9748454,High
1.0749049,-1.6508147,-0.38608998,0.1676765,-0.07383325,0.369459,0.07741523,0.17001672,-0.8785297,-0.61702245,-1.3158016,0.31254983,0.3587243,0.16466658,-0.10901509,0.13662256,-0.08253724,-0.14338712,-0.039486185,-0.12953693,0.036734313,CUST11442,0.0689798,Low
-0.9600356,0.19740455,-0.53232,-0.78808945,0.21054676,0.097699046,-0.14684255,0.051160395,-0.857985,-2.335808,-1.0518502,-0.8993376,0.7106014,-0.18224892,0.15995151,0.27456942,-0.07937216,0.041643474,0.0078038024,0.28637758,0.06435914,CUST11443,0.0030885597,Low
-0.15583558,1.2633487,0.056418475,0.6296091,-0.029138202,0.01849177,-0.15783505,-0.012258849,0.35586265,-2.3555892,0.20680213,-0.49797937,-0.48791906,-0.01681136,0.19738209,-0.1834147,-0.0008100823,0.026260851,-0.008289551,0.117218174,-0.42362872,CUST11444,0.18193434,Low
-0.10915089,0.16407171,-0.012252193,0.7961525,-0.13019328,-0.058511898,-0.4808653,-0.10782765,0.5152884,0.18321238,0.31672,-4.2636204,0.85970527,-0.33272666,-0.42181665,0.19952983,-0.034084477,0.093052015,-0.0010700908,-0.39740688,-0.077778116,CUST11445,0.034067366,Low
-1.0495499,-0.77544826,0.027971106,0.32142785,-0.05030604,-0.37441766,-0.22519602,0.14205183,0.20902918,-1.6606864,-0.93598455,-0.65436137,0.48966542,-0.021925006,-0.11356518,0.103373826,0.004739213,0.06949072,0.0012638126,-0.4035677,0.1803262,CUST11446,0.008485677,Low
-1.1957549,-0.75415975,0.004994506,-0.33727035,-0.04687235,-0.2481686,0.0015753545,-0.563004,0.38780618,-2.5010614,1.3291656,0.114012696,-0.4028062,-0.03691039,-0.4384151,-0.12569149,-0.14423524,-0.051015977,-0.0018371032,-0.344164,0.027139984,CUST11447,0.0046240236,Low
-1.1326289,-1.2712655,0.40240514,-0.13867044,0.34568423,-0.38870022,-0.017085297,0.43869627,-0.43523425,-0.8335882,-0.06592831,1.8203907,0.4173957,0.07786114,0.2567343,0.40085548,-0.06431865,0.113095656,-0.047256522,0.1367211,0.06415165,CUST11448,0.5085326,Medium
-0.013682593,-1.0442188,0.6261078,0.23423977,-0.06100957,-0.3862095,-0.9003187,-0.2529484,0.31855354,1.9831982,0.615132,0.6688349,0.15389727,-0.047205802,0.5657856,0.0034175003,0.043520097,0.14518207,-0.0010543261,-0.022437055,0.21326007,CUST11449,0.942506,High
-0.8634588,-1.1882709,-0.25058904,0.2142057,-0.068491876,-0.100748,-0.4048384,-0.108697064,-0.5899549,-1.8435165,-0.8592024,0.65713143,0.32324338,-0.26979366,-0.34595785,-0.021734377,-0.1302718,-0.14443474,-0.05753956,-0.5690862,-0.74882406,CUST11450,0.0006011801,Low
0.25720233,-0.6086959,-0.36060733,0.3039629,-0.05305481,0.6362411,0.023287043,-0.6311404,0.528448,-0.8516224,-0.6945651,-0.6275413,-0.5191364,0.2275956,0.41438532,-0.03168999,-0.030629741,0.015798347,-0.014197342,-0.04307983,0.09567332,CUST11451,0.11830817,Low
-1.1890616,-0.42796105,-0.1915096,0.09254246,0.39308906,-0.57674265,-0.095402874,0.089789204,0.3876899,-2.337126,-1.2757872,0.36472204,0.52774507,0.0858791,-0.22082359,0.33851996,0.014707719,0.015924387,0.013154279,-0.01930428,-0.05254744,CUST11452,0.016179737,Low
0.89491284,-1.6415379,0.29114032,-0.11020503,0.28216666,0.35405484,-0.3611255,0.11944059,-0.5794069,2.1149042,1.3874456,0.3395192,0.25934833,0.24696153,0.043103747,-0.03884052,-0.03859664,0.16165072,-0.02038176,0.11406681,0.20794585,CUST11453,0.981682,High
0.8119774,-1.3023977,-0.04514318,0.58452827,0.25127345,0.4171931,0.51717526,0.4177621,-0.40556765,2.214393,-0.6526587,0.7299749,0.8497866,0.20605437,0.10858441,0.038522553,0.084107764,-0.043575116,0.038116537,0.64702857,-0.5552622,CUST11454,0.99236006,High
0.24856232,-1.0795662,-0.33691865,-0.24644628,-0.056683056,-0.34263596,-0.026969451,0.21827817,0.07676502,2.2122543,0.47345623,0.96677244,0.29479575,-0.4591594,0.61638236,-0.30781332,-0.018856717,-0.106413096,-0.057573244,-0.14856511,0.3048424,CUST11455,0.8983776,High
-0.110694475,-0.73544824,-0.7891887,0.20169643,-0.06464416,-0.0005415641,-0.04397748,-0.83512205,0.39993134,-1.0254422,-0.8788933,-2.9173524,1.0179864,-0.05493306,0.093037255,0.274261,-0.07758204,0.13274182,-0.012614891,-0.3253076,-0.082221076,CUST11456,0.0027884077,Low
-0.8782613,-0.7320856,0.10515226,-1.1938977,-0.04581156,-0.4306661,-0.30177295,-0.15283804,-1.8282828,-0.8922008,-0.5262114,-1.9137522,-0.38603938,0.2382515,0.33977467,-0.10662251,0.07088172,-0.12224871,0.00022565667,0.24659202,0.076964825,CUST11457,0.00020794394,Low
-0.9957941,0.1793768,0.47737837,-0.49540937,-0.08861522,-0.4237834,-0.35021073,-0.0077573434,0.17713359,-0.71191925,0.59603447,0.92099565,-0.48513147,-0.21129413,-0.05083811,0.0997386,-0.059562754,-0.027933396,0.008023135,-0.014606936,-0.9948448,CUST11458,0.0755641,Low
-0.27861187,-1.5999622,-0.3029213,-0.5987307,-0.068728685,-0.2968918,-0.4400255,0.12995426,-1.8121074,-0.31233084,-0.8878326,-1.7394776,0.2184329,-0.11163983,-0.061112527,-0.33509296,0.12852553,-0.07659445,0.009293277,0.34040827,-0.28016755,CUST11459,0.00022019005,Low
-1.034492,-1.2878258,-0.059880905,-1.1717294,-0.047849953,-0.5629238,-0.14417164,-0.07487178,-2.2099118,-1.2675785,-0.15317132,0.9152739,-0.16694716,-0.025852399,-0.948539,-0.3704548,0.18910803,-0.15850171,0.0037640268,0.09783045,-0.082873166,CUST11460,0.00018282852,Low
-0.030920349,0.5041035,0.4306176,0.48529038,0.29816955,-0.37195837,-0.049635224,0.07207601,0.24825716,2.140437,0.15650596,1.0610024,0.64867944,0.21373722,0.06352605,-0.41861746,-0.065524384,0.22269097,-0.010414887,-0.042547155,0.12883037,CUST11461,0.99645656,High
-0.1250053,-0.62384444,-0.2627832,-0.7589063,-0.059371855,-0.20528637,-0.037205085,-0.06651262,0.04787145,-0.591254,-0.96329564,-2.365653,-0.42291832,-0.026264148,0.10290393,-0.07420042,0.22137617,-0.27926826,0.03006378,-0.07762474,0.08598114,CUST11462,0.0015066206,Low
0.012769184,0.2697906,-0.118666925,0.026501026,-0.034395304,0.1948304,-0.022223327,0.23807174,0.17208166,-2.015332,0.1805832,1.0358814,-0.5696923,-0.32472795,-0.023191804,0.17203473,-0.061489895,0.006553187,-0.0015520221,-0.34851336,-0.9070813,CUST11463,0.1031271,Low
-1.1753505,-0.89368135,0.0042571696,0.6276568,-0.040202737,-0.00990121,0.094812915,0.05261587,0.24443308,-2.607916,0.37152433,0.20594761,0.25725597,-0.0021750117,-0.32981023,-0.4126954,-0.06082858,-0.43610686,-0.02261802,0.19480872,0.06493907,CUST11464,0.019489152,Low
0.09469478,1.0244089,-0.89699346,0.24377593,-0.08372414,-0.42208013,-0.14839524,-1.0792965,0.37012434,-0.74537474,-0.5452273,-0.76288813,-0.63993764,0.061256714,0.13313106,-0.12188542,0.019008234,-0.12983933,-0.011502279,-0.63983667,-0.15975134,CUST11465,0.011145448,Low
0.035867754,0.36696807,0.46976933,-1.7649292,-0.0795207,-0.01497093,0.051399678,-0.052485473,-2.1309524,0.1297612,0.38186473,-3.396033,-0.49065042,-0.13027583,0.33715582,0.104834594,-0.08511253,0.07662419,-0.009339894,-0.020384517,0.48573065,CUST11466,0.0030796197,Low
-0.1956753,-0.79937017,-0.08118508,-2.0744805,-0.08421102,-0.056506436,-0.05525364,0.2714905,-2.132724,0.31452706,-1.0445392,-0.7484884,-0.6632188,0.08881343,-0.0973036,-0.06088301,-0.09701872,0.019450117,-0.020721538,-0.04807448,0.037338637,CUST11467,0.00051377015,Low
0.6917754,1.1823331,0.5125572,0.37522542,0.26294592,0.2668444,0.15340535,0.18458782,0.039482284,1.8174387,0.577086,1.5070134,0.36757615,0.2341409,0.035267502,0.03804413,0.036914423,0.1977818,0.020599458,-0.53740096,0.19885494,CUST11468,0.9997017,High
-0.90952367,0.51280975,0.044267796,0.42986497,-0.06904691,-0.92494684,0.1384103,0.5068514,0.36254874,1.2709606,0.49817428,1.4283224,-0.3035391,0.34200212,0.046494752,0.29789388,0.013716454,0.11597046,0.0037986357,0.32039025,0.045849428,CUST11469,0.9841106,High
-0.01821996,-0.5178625,-0.07681454,-0.47190636,-0.0515299,-0.31816757,-0.1628723,-0.9245237,0.51402235,-1.3502631,-0.049134806,-2.8367155,-0.596281,-0.09560823,0.13742402,-0.2521752,-0.13554011,0.08196094,0.015575508,-0.31903905,-0.0158522,CUST11470,0.0005590522,Low
0.17903188,1.0902501,0.35229918,-0.23289548,-0.04497565,0.1846592,0.08686992,0.27787313,0.4324869,2.055707,0.5339341,1.8586102,0.24539223,0.19992068,-0.10074043,-0.18598135,0.030626295,0.08755084,-0.0066986186,-0.5255575,0.11448825,CUST11471,0.9986247,High
-0.07155879,-0.3063867,-0.22687398,-0.376707,-0.08401848,-0.13764744,-0.20148653,-0.8396698,0.46788862,-0.38201427,0.42532447,-3.0501885,-0.49882922,-0.5894059,0.51238096,-0.043248698,-0.109401815,0.059847195,-0.016885636,0.13825744,0.32411695,CUST11472,0.0063578268,Low
0.11362574,0.75572354,-0.34411514,0.39142632,0.29240376,0.2926103,0.121701136,-1.3329934,0.21048869,2.3805525,0.199403,0.51273614,0.7830374,-0.13366775,0.16278924,-0.102649644,0.02395458,0.05473367,0.00062550977,-0.050094545,0.28858846,CUST11473,0.9898059,High
1.8433286,0.37087113,-0.28383654,-0.52773225,-0.07477774,-0.050344758,-0.09835676,0.17110643,-0.91564053,-0.2679819,-0.7019458,-2.4415615,-0.5933754,0.35017195,0.034223195,-0.031114718,-0.016869908,0.18957031,0.0040669926,0.3853962,0.056905,CUST11474,0.06641677,Low
-0.015027413,-0.18900234,-0.11528321,-0.53451705,-0.078890055,-0.32897383,-0.35284597,0.09493519,-0.44763312,-0.5665801,0.027301583,-1.1850532,0.95514405,-0.061512582,0.35440686,0.058547046,-0.0402182,0.12155415,-0.010610861,-0.09382697,0.26056987,CUST11475,0.10040815,Low
1.5425864,-0.1835419,-0.2805419,-1.6425532,-0.10241194,0.34177348,-0.04304609,-0.11239469,0.016897673,-0.30909526,-0.74732673,-1.4835546,-0.5092118,0.09498826,-0.5234828,0.058557637,-0.06982164,-0.14601119,-0.034761637,0.18020086,0.07849282,CUST11476,0.019465733,Low
0.23408899,-0.6053458,-0.2981367,0.72902304,0.42354175,0.30550897,0.38626438,0.22897536,0.36170742,0.68096733,0.077952534,0.7350127,0.71154946,-0.33258194,-0.48298684,-0.13154055,-0.08797136,0.16945018,-0.03081817,0.17498238,0.10330401,CUST11477,0.96469426,High
0.119949624,0.7441471,0.06821258,0.288385,-0.040034086,0.014673339,0.004197073,-0.88374305,-0.10137206,2.3184657,0.5759684,1.2686076,1.0004175,-0.536327,-0.029498102,-0.34287748,-0.03297292,0.06080688,0.0047327685,0.03416586,-0.018396733,CUST11478,0.98870826,High
-0.836394,-0.9115101,-0.22454666,-0.4123226,-0.09408161,-0.61886746,-0.31323162,0.101326056,0.15380892,-0.46121967,-0.9374116,-2.7198093,-0.43980816,-0.12138428,-0.08851441,0.20009178,-0.13560612,0.18120196,-0.016638333,-0.0046179155,-0.20114355,CUST11479,0.00035399903,Low
0.03976267,0.42637715,0.057524417,-1.1566962,-0.0863508,0.011934289,-0.13514277,0.22146876,-0.60813737,0.24820292,0.58830214,-1.1796217,-0.8532732,-0.25491458,-0.11176309,-0.115127265,-0.03187268,0.08139053,0.004257695,-0.6120173,-0.13891838,CUST11480,0.025337711,Low
0.3590379,-0.18305582,-0.29531088,0.5538256,-0.06522574,0.55356395,0.5025061,0.23590104,0.894566,0.7445313,-1.2858717,-0.6005093,0.31384608,0.19257616,0.26066303,0.30769166,-0.058089856,0.066513605,0.036052875,0.13956282,-0.06084674,CUST11481,0.92869043,High
-0.86384887,0.16286035,-0.8928945,0.1873887,-0.04570939,-0.58933127,-0.09166107,-0.96175337,-0.29939857,-2.104746,-0.046234526,0.52684623,-0.39444312,0.16762665,0.21407245,0.32206592,-0.08400971,0.005334919,0.018616676,0.09349412,0.0052541904,CUST11482,0.008874542,Low
-1.0382686,-0.20624818,-0.1518324,-0.33045977,-0.048914563,-0.4007632,0.25948566,-0.08631244,-0.61766547,-0.35873768,-0.093084514,-2.873708,-0.526006,-0.2133925,-0.1141819,-0.10669953,0.04140471,-0.023531597,-0.006022027,0.059522677,0.18921888,CUST11483,0.0012400256,Low
-0.80267555,-0.8111621,-0.17594786,-0.35186547,-0.033817254,-0.61234415,0.29099232,-0.7994989,-1.7823461,-1.1883279,1.5404419,-2.0727823,-0.22992207,0.054516915,-0.1175662,0.0511085,0.03671949,0.07137755,-0.0040393933,-0.09989312,0.32761016,CUST11484,0.001164139,Low
0.05678325,1.4437629,-0.51456916,0.45032176,-0.05411518,0.2958194,0.18334989,0.24878123,-0.65733004,0.4747605,0.57185113,1.1994938,0.4907837,0.2041149,0.12355111,-0.08244338,-0.054518465,0.003168525,0.0107816,0.18981543,0.033257686,CUST11485,0.9897709,High
1.0588728,-0.11496399,0.44142118,-0.6909618,-0.047150254,0.21151948,0.2334528,0.18796915,-0.5756934,1.2820724,1.2663801,1.4340153,-0.27876642,0.15265387,-0.0003848574,-0.12917441,-0.054019034,0.028866805,-0.004981955,0.58755136,0.14263625,CUST11486,0.99385613,High
-0.21695334,0.3506322,-0.56771445,-0.29448482,-0.06073288,-0.15412588,-0.05658722,0.025245525,0.7486123,0.07244347,-1.1617639,-0.8197351,-0.47161275,-0.35772678,-0.12997612,-0.071414754,-0.044969674,-0.25512254,-0.0031928886,0.631345,-0.77771103,CUST11487,0.02506911,Low
-0.6505365,-1.0327607,-0.043056916,-1.3138577,-0.044514857,-0.67745435,-0.06700449,0.16840239,-1.7074718,-0.5726886,0.16929255,-2.561172,0.3076193,0.11122398,-0.18604787,-0.09707643,-0.06654709,-0.091479056,-0.009715209,-0.2558582,0.2616679,CUST11488,0.00022387119,Low
1.2284414,0.3370295,0.013843635,0.36353776,-0.057167657,0.16334215,0.05483584,0.19766906,0.4533405,1.1503446,0.21450806,2.2711477,-0.35405284,0.21683767,-0.034145117,-0.061669767,-0.025733748,0.11779784,0.0061925156,0.7395055,0.07694107,CUST11489,0.9991135,High
-0.92893386,-0.77871,0.005588252,0.33519885,0.38729435,0.047998305,-0.4887307,-0.027107414,0.4083306,-1.4466367,-0.5998434,-2.8215833,0.59317374,-0.15522963,-1.2342173,-0.27387384,-0.12639932,0.04143779,-0.006333362,-0.067188494,-0.09815386,CUST11490,0.00068932807,Low
-0.088250875,-0.08191751,-0.28767744,0.3690688,-0.08278114,-0.063032866,-0.02988902,-1.069557,0.95450705,-0.73488337,-0.07362415,-3.2830822,-0.37732384,-0.036423244,0.032844566,-0.24146718,0.022892354,-0.27609083,-0.0029334119,-0.26032677,-0.15738353,CUST11491,0.002981,Low
-1.0261086,-1.0615424,-0.14781205,0.2972756,0.5007687,-0.014875988,-0.08704408,0.10509129,0.3294137,-0.91435194,-1.5221862,0.8330094,0.32900092,0.18565103,-0.109158516,-0.08588748,-0.1282946,0.10646935,-0.030375456,-0.43989313,-0.035769284,CUST11492,0.049181715,Low
-1.2101475,-1.5156403,0.05205247,-0.90757436,-0.10393152,-0.8410849,-0.45911348,0.33082798,0.38160217,-0.28839234,-0.063392445,-0.08574664,0.24753454,0.05726258,-1.0423526,0.800061,0.09284051,-0.20947802,0.03104367,-0.39582255,0.22120833,CUST11493,0.007009708,Low
-0.5964408,-0.7167109,-0.0944774,-1.2018248,-0.056865577,-0.13802657,-0.3988094,0.036294382,-2.0232925,-1.0496111,-0.54145724,-1.5637739,-0.50235844,-0.5191355,0.4020205,-0.27278924,-0.1105477,-0.02557246,-0.016405495,-0.080067076,0.19082364,CUST11494,8.922945e-05,Low
-0.84081435,-1.218115,-0.1757075,-2.136233,-0.07467009,-0.4401947,-0.022186004,-0.0019965358,-2.7297895,0.4601015,0.34820402,0.9810075,-0.39247012,-0.072637275,-0.14115955,-0.0025497992,-0.125966,0.11758313,-0.008448644,-0.06878272,0.008569334,CUST11495,0.001383935,Low
-0.12048243,0.5195614,-0.32548323,-0.46735683,-0.07809182,-0.13383478,-0.21184734,-0.011555281,-0.54156303,-0.67738396,-1.0349813,-0.7153995,0.73951644,0.08492865,-0.07208001,0.28251362,-0.032156315,-0.25072113,0.0071774507,-0.5012861,-0.08420736,CUST11496,0.024845593,Low
0.9243795,1.3986816,0.5279255,0.3453037,-0.03933197,0.24262786,0.022704117,0.30713147,-0.117044926,1.7099808,1.2933577,0.9894235,0.62808007,0.10970147,0.21621849,-0.14607933,0.0020481006,0.15107754,0.012251819,0.0810678,-0.009466429,CUST11497,0.99981683,High
-0.9573487,0.12795196,0.020621438,0.16958131,-0.1246807,0.08487709,-0.76245344,-0.06784635,0.25440916,-0.827432,-1.0960441,0.3301995,0.43442857,-0.35466838,-0.19494933,0.06262232,-0.05631815,0.049316924,0.014188282,-0.28064626,-0.15372996,CUST11498,0.033146754,Low
1.1602364,1.2677957,-0.53106016,0.27948427,0.38492885,0.47256643,0.0620538,0.2836975,0.32847506,1.8260962,-1.1387055,1.0776225,0.28022632,0.38157398,-0.18159612,-0.23164539,0.087403774,-0.29426193,0.023818322,-0.0032964055,0.16653936,CUST11499,0.9965184,High
-0.05550261,-0.9551502,-0.89588547,-0.79796344,-0.043519806,-0.15473618,-0.18811595,-0.5699919,0.6699996,-2.1009612,-1.1332619,2.085225,0.18322197,-0.11229903,-0.11600136,0.39838213,-0.121319555,0.086515024,-0.013117535,-0.012121011,-0.7898545,CUST11500,0.009178786,Low
0.13773297,0.31883246,0.63657635,0.40827385,-0.0765913,0.24835044,-0.6105471,0.0872812,0.20600742,1.8961983,0.40423453,0.5671642,0.31732455,-0.41154152,0.15637092,-0.22555459,-0.03407738,0.042699315,-0.007821776,0.18739012,-0.40162337,CUST11501,0.9781507,High
0.18298544,-1.0351374,-0.14833233,-0.67956007,-0.04412472,-0.14117943,-0.15571995,0.046383172,-0.89344823,-1.3770291,-0.08197294,-1.5323156,-0.42258072,0.13536957,0.22187157,-0.11748745,0.03639204,0.044939563,-0.0024267295,0.115991816,0.2407968,CUST11502,0.003499008,Low
0.10676807,0.0823529,-0.5206401,0.11814388,-0.08692048,-0.10022903,-1.1578124,0.13538776,-0.005408019,0.32511184,0.31047007,0.8213272,-0.4405428,-0.3805148,0.26298913,-0.2184753,-0.1098907,0.013995621,-0.029393565,0.19845948,-0.011195761,CUST11503,0.32493168,Medium
0.068685964,-1.139468,0.36415878,0.45355567,0.3029253,0.20794109,-0.33776644,0.29866493,-0.45077106,1.3344386,0.9980822,2.1364908,0.6206768,0.13116184,0.3304285,-0.08627262,-0.031787764,0.17642765,-0.0045996117,0.06484235,0.14592578,CUST11504,0.99608314,High
-0.013874972,0.46815488,0.69700265,0.54676706,0.32665303,-0.008284962,0.41572183,0.34894446,0.55622655,0.77362406,-0.38586757,0.6134507,0.43902078,-0.2866015,0.28506106,-0.3360889,-0.022307776,0.22732738,-0.007802127,-0.07706884,-0.6229033,CUST11505,0.980003,High
-0.9111211,0.3440999,-0.61531,-1.0168482,0.3576471,-0.28486848,0.03207059,-0.6652934,-1.9558963,-0.2766953,-0.0649663,-1.9097557,0.7957262,0.00038421393,0.27254668,-0.21329717,0.0039378596,0.03969465,-0.007512286,-0.10705913,0.23915392,CUST11506,0.0025010388,Low
0.0062616128,0.23443216,0.6035553,-0.018481242,-0.0823206,0.3021088,-0.44621015,0.17007911,0.7976928,0.9674824,0.53203493,1.0762273,-0.3968849,0.032380804,0.19808587,-0.07670814,0.11231456,-0.12407715,-0.0022508297,-0.2982573,0.07336007,CUST11507,0.97380507,High
0.025915459,0.992131,0.44577402,0.31538326,-0.05479877,-0.17884725,0.16194281,0.3953423,-0.33184823,1.2049258,0.5253402,1.9717021,0.52667177,0.07474447,0.1658304,-0.08558624,0.0038492137,-0.26737395,-0.0007401495,-0.61062247,0.24715741,CUST11508,0.99585503,High
-1.1201324,-0.66248745,0.37282354,0.3662639,-0.069498084,-0.9430537,0.10381229,-0.04622142,0.00065094605,2.7273402,0.448815,0.41608053,-0.24260093,0.23294888,0.20664981,0.026605774,-0.02402469,-0.12378048,-0.03308192,0.48286897,0.27244416,CUST11509,0.91271466,High
-0.054742396,-0.564122,-0.0074420613,0.43110022,-0.08220482,0.12564658,-0.106411904,-0.840804,-0.1111529,-0.4210297,1.5153245,-2.7081254,-0.4508309,-0.45954323,0.21510051,-0.020628959,0.039170686,-0.28407595,-0.0017361613,0.0568374,-0.061515197,CUST11510,0.021116309,Low
-0.28863987,-0.8400024,-0.14295712,-2.0935051,-0.08506057,-0.35537603,0.024141433,0.08814457,-1.8706751,0.9107702,-0.8669503,-2.9899292,-0.44845042,0.20550944,-0.20133288,-0.1472314,0.2330076,-0.014690942,0.038351204,0.46491042,0.015207564,CUST11511,0.00022259328,Low
-1.0319396,0.056935344,-0.14543971,0.08815774,-0.07836957,-0.41001973,0.026618123,-0.00049912464,0.2532059,-0.51273453,0.11688838,-3.3803728,-0.68766916,-0.2813477,-0.29712245,0.0010374326,0.009014798,-0.10347934,-0.016040262,0.26528874,-0.25152555,CUST11512,0.0016185621,Low
0.025181588,-0.7041487,-0.44457513,-0.8373964,-0.048987493,-0.25487623,-0.11350521,-0.80345947,0.3428836,-0.8587573,-1.3655317,2.3569982,-0.42573723,-0.081789464,0.27560622,-0.4231704,0.022912558,0.05011601,0.0005949887,-0.4559524,0.09598754,CUST11513,0.024297426,Low
-0.8524321,0.064818636,-0.19002411,-0.14948985,-0.09339002,-0.02294894,-0.36894512,-0.038966693,0.10757244,-0.665429,-0.13747144,-3.1228008,-0.50859845,0.1020701,-0.17889099,0.076334976,-0.025980655,0.013309509,-0.0051143016,-0.25427717,-0.51036143,CUST11514,0.0011056677,Low
-0.91691506,1.4296961,-0.25784585,0.11096914,-0.065287136,-1.0255138,-0.12891853,0.118927956,-0.12436329,-1.0044504,0.26643255,1.0477396,-0.40012264,0.016728213,0.116808295,-0.22362566,0.030335844,-0.177309,0.013155006,-0.5743089,-0.5334129,CUST11515,0.08895487,Low
-0.7886527,-0.8071363,-0.3007904,-0.9983293,-0.06698556,-0.5310297,-0.51634777,-0.106475025,0.050379902,-0.7619435,-0.96388257,-2.210593,-0.15405327,-0.054563135,-0.8622006,-0.3564496,0.017883148,0.070948854,0.00035225437,0.0008800733,-0.17926325,CUST11516,7.024617e-05,Low
-0.11259485,-0.96896434,-0.09518393,-0.5399095,-0.08787887,-0.23955216,0.15223753,0.12131285,-1.1880349,0.8418287,-0.06590196,-3.0609639,-0.42772862,-0.11465224,-0.10923847,-0.24830227,0.17548466,-0.053908385,0.040374517,-0.21279843,0.0014759982,CUST11517,0.0019497928,Low
-0.07195672,-0.9476982,-0.36994636,-0.53471994,-0.0605304,-0.2692351,0.102249414,0.038494267,0.70040554,-0.5999811,0.21118173,-2.9194076,0.3521437,0.014076918,0.41091418,-0.1260625,-0.0731922,0.017532086,-0.006516237,-0.081398666,-0.042952035,CUST11518,0.013363407,Low
0.12126644,0.078684725,-0.23874167,-1.7275318,-0.10635391,-0.10970301,0.1383875,-0.018602453,-1.9982625,0.41846502,-0.8431115,-2.3824172,-0.5084119,-0.21002308,-0.27221826,-0.1357742,0.07716139,-0.013719998,-0.013548907,-0.54150283,-0.018712053,CUST11519,0.0002363748,Low
0.17731786,1.3088698,0.4092279,0.4152782,-0.045456313,-0.0418914,0.254863,0.24035728,0.27969572,2.1168642,1.0791651,1.1902981,0.3854497,0.19944222,0.24197854,0.145301,-0.006916727,0.17945504,-0.00026099477,0.070571564,0.017353121,CUST11520,0.99981064,High
1.1595567,0.43046048,0.27882323,-0.050968956,-0.04653381,0.22782159,0.116921104,0.24642166,0.33857974,2.4314213,1.2938485,1.8714128,-0.32956064,0.23899499,0.0826822,0.060655873,0.009772733,0.1684392,-0.0013349047,0.37387374,0.16834475,CUST11521,0.9998796,High
-0.08920123,0.43937668,0.5100947,0.27456927,-0.07605078,-0.51205283,-0.4308991,0.055161804,-0.5825685,-0.604223,-0.066109315,0.91601413,-0.7117218,-0.87177825,0.27677414,-0.4343208,-0.08605613,0.109385036,-0.001980531,-0.08061893,0.24497673,CUST11522,0.14598909,Low
0.7706983,-0.30546564,-0.2851026,-0.91729075,0.16462974,0.17549223,-0.06799612,-0.27094096,-0.7174087,-1.2289374,0.74098074,0.22690026,0.5002353,-0.42563668,0.07050686,-0.14896774,-0.06459082,-0.075962394,-0.021044554,0.058609035,0.10361888,CUST11523,0.1464331,Low
-0.8242911,-1.1314236,-0.2883737,-0.39434078,-0.06769946,-0.32784644,-0.52477735,0.1617125,-0.6112213,-0.58767694,-0.4204582,-2.7502112,-0.4233272,0.074725084,-0.14517027,-0.05235985,-0.18126872,-0.27654207,-0.06442166,0.15523873,-0.3332614,CUST11524,0.00011642116,Low
0.03598269,0.9852963,0.52753776,0.44660294,-0.05648875,0.32730773,0.19072816,0.1362256,0.20881738,0.4492026,0.56652045,1.3869218,-0.5582679,0.17944783,-0.0024969783,0.057432827,0.023925278,0.099578284,0.0120755145,-0.48130617,0.28069797,CUST11525,0.99159557,High
0.19636865,-1.5252905,-0.0471014,-0.75783217,-0.12198903,0.12963834,-0.0037292973,0.31915513,-0.03093382,0.25043744,-0.50762904,-2.9489446,-0.37642813,0.1052741,-0.21546507,0.005785316,0.1536111,-0.3157221,-0.00162256,0.11124792,0.11670147,CUST11526,0.004031193,Low
-0.01677761,0.49660894,-0.061502595,0.049677476,0.2706594,0.049183726,0.14163654,0.19539009,0.14345053,0.50995076,0.5001824,1.4231944,0.696051,-0.23798935,0.09870216,-0.36834323,-0.05971006,-0.048293237,0.009450051,-0.2365161,-1.017813,CUST11527,0.92357975,High
0.19298251,-2.3847787,0.2175209,-1.1086274,-0.056451563,-0.29463595,0.04137664,0.037660457,0.115301184,1.0520192,0.13374221,0.34917942,-0.25689504,0.1480575,-0.11056609,-0.23408587,0.05481572,-0.4759813,-0.0011445419,0.39304832,0.112744145,CUST11528,0.107177645,Low
1.0368699,0.36210755,0.00202017,0.2619975,-0.080577955,-0.047944922,-0.06897671,0.35730076,-0.5197346,1.1237092,-1.0227365,1.586553,-0.32953066,0.4240634,0.07242988,0.029665733,0.014382573,0.10473495,0.009212042,0.08648833,-0.34056824,CUST11529,0.9533043,High
-0.7563906,-0.88809556,-0.5212132,-1.0732706,-0.05490738,-0.36047682,-0.34996828,-0.61599904,-1.8719336,-0.61380965,-1.1358955,-1.0517505,-0.29542446,0.16708976,-0.25334737,-0.1729695,0.055855345,0.046324722,-0.0036712545,-0.24526656,-0.17732765,CUST11530,3.651933e-05,Low
-0.98514843,-0.030556932,-0.168045,0.2074009,-0.16500925,-0.6645233,-0.4544109,-0.08102482,0.17367828,0.016254814,-1.2551858,-2.4309068,-0.47740567,0.056705784,-0.37349564,0.0825773,-0.036769122,-0.34500134,0.004800058,0.005195763,-0.6560189,CUST11531,0.0004892859,Low
-0.068532996,-1.1198928,-0.20106253,-0.5043026,-0.0145753175,-0.2658709,0.28755316,-0.754329,-1.028585,-1.3240113,-0.52835524,-0.77818054,-0.2683889,0.15818429,0.44506323,-0.16304828,0.21877784,-0.11219032,0.004392418,-0.2753906,0.20876211,CUST11532,0.0021736596,Low
0.2586391,-0.15927717,0.56078756,0.62240034,-0.071643144,0.4243162,0.19841729,0.42029604,0.8774641,0.53741586,0.69029266,1.0334089,0.50984704,0.0056597,0.16314697,0.08728905,-0.0474582,0.10788277,-0.002242962,0.00990538,0.1005012,CUST11533,0.9981336,High
-0.09082654,0.20418906,-0.21107899,-1.3278723,-0.063218646,-0.023405198,0.23741615,0.29379067,0.040325575,-0.36234915,0.01372038,-2.7826834,0.5950599,-0.03219909,-0.24692056,0.06478906,-0.017924316,0.09205024,0.0010486764,-0.30229455,0.010962717,CUST11534,0.01884279,Low
1.1364759,0.46146604,-0.010442031,0.42850447,0.32811052,0.31415057,0.024295148,0.30754843,-1.7639989,2.3212743,0.45549673,0.65242344,0.28076404,0.24758469,0.124929026,0.0046060886,-0.017310822,0.018619653,-0.0040856367,-0.3601464,-0.8745363,CUST11535,0.9825455,High
-0.91960806,-0.37831312,-0.2149042,0.20401947,-0.059284315,-0.13965887,-0.3601238,-0.33353257,0.5371051,-1.6879426,-0.9144596,-1.7393311,0.44481722,-0.22123168,0.38584462,-0.2877388,0.055208948,0.041436575,-0.011250582,-0.13434754,0.042277858,CUST11536,0.0032166203,Low
-0.08689062,0.23323572,-0.25137725,-0.3601611,0.31844223,-0.19578043,-0.107723966,-0.9880172,0.42369258,-0.5760922,-1.086043,-1.116802,0.88418406,0.07384465,0.3923703,0.2763582,-0.0964513,0.18226418,-0.016711235,-0.18998642,0.025435694,CUST11537,0.09051267,Low
-0.07260458,-0.08694454,-0.05880779,0.51380736,-0.040633325,0.22250164,-0.43339437,-0.49119708,0.24778223,-2.7728515,0.24687545,0.6863953,-0.36978894,-0.1892972,0.035264175,-0.08202368,-0.12060851,0.23459591,0.0009497162,0.18416554,-0.70210385,CUST11538,0.04339274,Low
-0.08027342,-0.75714314,-0.07719498,-0.7608809,-0.030217834,-0.054503236,-0.17505154,-0.75340986,-0.07983149,-0.89906234,1.3075638,-2.7866373,-0.45758367,-0.6061727,0.4945312,-0.13818194,0.046363816,0.12563099,0.007744102,-0.19353324,-0.12975895,CUST11539,0.0023693128,Low
-0.8017595,0.3754822,0.08597828,0.6386377,-0.089037135,-0.8082131,0.3788773,0.4414853,0.34186947,-0.48922274,0.015547533,1.1162837,-0.42469573,0.31240186,0.04261167,0.20650414,0.056110222,0.1328517,0.026172513,-0.065914035,0.39235836,CUST11540,0.8628478,High
-0.08203816,-0.054324187,-0.07086102,-1.1773818,-0.039121073,0.0014343807,-0.394914,-0.67289186,0.28052709,-1.1997247,-0.5516648,-2.9183252,-0.71575874,-0.36635202,-0.07738013,0.10014678,-0.059304114,-0.011999035,-0.003955804,-0.29430297,0.09648105,CUST11541,0.0002593973,Low
-0.04934466,-1.6073323,-0.23116405,0.37635955,-0.046733838,-0.3043391,-0.10182406,-0.9205802,-0.6027387,-1.2164493,-0.627272,0.8957986,0.14510398,-0.25060728,-0.11227899,-0.07788058,0.23797663,-0.1332391,0.020057628,-0.14510086,-0.27132747,CUST11542,0.006255009,Low
0.27444595,-1.0724735,-0.22443728,-0.52448547,-0.13188449,0.24295276,-0.48130116,0.035866663,0.5952135,-0.35774344,-0.537434,-2.163999,0.4405193,-0.27048588,0.007390625,0.14278229,-0.106020465,-0.15727481,0.0009011673,-0.47641444,0.047888793,CUST11543,0.0084829815,Low
0.15590678,1.0317829,-0.32690632,0.6150301,-0.05116911,0.064331606,0.13783827,0.14541934,-1.9535564,2.1897645,-1.1603551,1.0986207,-0.6429647,-1.252157,0.09636538,-0.25901055,-0.015856331,0.13555427,-0.0033803396,0.4284667,-0.37531534,CUST11544,0.5033066,Medium
0.03852596,0.33994034,-0.47803277,-0.025260027,-0.05417395,0.0048297825,0.0506787,0.019831669,0.5173941,-0.5076901,0.03229759,0.6308115,-0.44532692,0.32927397,0.36100513,-0.12357828,-0.010253929,-0.027571844,0.002259083,0.32436576,0.12737907,CUST11545,0.7429815,High
-0.13933009,-1.3449128,0.055864595,-1.556725,-0.07464324,-0.09357928,0.03161944,-0.0763547,-2.0980504,-0.18582146,0.60929555,-1.932922,-0.29641375,-0.6644957,-0.6824711,0.0063591567,0.18765858,0.026291993,0.021197867,-0.43729377,-0.14523737,CUST11546,0.00014550626,Low
-1.0567597,-0.56438017,-0.20562959,0.36649823,-0.06259933,-0.6523747,-0.20036554,0.37515783,-0.100551486,2.5862281,-0.2078367,0.3962991,-0.26513776,0.2552295,0.48323023,-0.37964857,-0.015997903,0.08117064,0.0028232718,-0.3946505,0.04460397,CUST11547,0.6082892,High
1.1462685,-0.63805276,0.0671843,0.056432616,-0.07771568,0.04451627,-0.2926084,0.25344422,0.32558674,2.2593951,0.2798143,0.55149525,-0.26277736,0.23221871,-0.23685052,0.114860445,0.02399817,-0.33353797,-0.013257984,-0.42562568,0.119227186,CUST11548,0.95886266,High
-0.81182444,0.1577055,0.02520155,-0.120090604,-0.075106785,-0.5073792,0.3516118,0.26822186,-2.2128065,-0.98708403,-1.6226908,0.8783086,-0.4670757,0.3000733,-0.05229359,0.015433846,-0.001192959,0.10396967,-0.015181748,-0.120450586,0.2914473,CUST11549,0.009504998,Low
-0.19080923,1.3649261,-0.43704882,-0.40782645,-0.066992685,-0.35315716,-0.09336978,0.11754931,0.20711872,-0.4920737,-1.3218526,-1.8657554,-0.66120565,-0.8225431,-0.04913217,-0.051364187,-0.02693644,0.13334042,0.004996728,-0.12085836,0.020463148,CUST11550,0.00572192,Low
-0.27344775,0.3523255,0.066035606,-1.1769311,-0.03281513,-0.14529224,-0.0004415363,0.034024682,-2.3855383,-0.2673835,1.6653503,-0.89959973,-0.6310229,-0.7153246,0.112856776,0.102707416,0.083003394,0.033455763,-0.008010564,0.13822426,0.07826832,CUST11551,0.019555759,Low
-0.23920359,1.2685393,-0.09097607,0.4225584,-0.068143174,-0.041814722,0.2656872,0.019038789,0.9119298,2.4261134,0.36017165,-0.7191909,0.4534958,0.3096841,-1.681178,-0.080097236,0.017916191,0.20917913,0.0025875606,0.07428824,-0.08650459,CUST11552,0.97561026,High
-0.07322742,-1.145628,-0.35711443,0.10847749,0.30797938,-1.1041287,-0.061279256,-0.8136491,0.22316384,1.0185543,0.36040995,0.90862775,0.082300395,0.0273322,-0.1987326,-0.068382755,-0.053129103,0.014590787,-0.0054107006,-0.12576607,-0.14394408,CUST11553,0.24156152,Low
-0.9450398,0.26264206,-0.211811,-0.41896403,-0.028920613,-0.60104865,-0.17694384,-0.0011273031,-1.7439454,-2.2038774,0.14204012,-0.37447438,0.36452374,-0.1390422,0.15562092,0.09912706,0.025926631,0.14219102,-0.007650636,-0.17664087,-0.08973103,CUST11554,0.0025418121,Low
-0.083536915,-1.1293924,0.08897945,-1.2918465,-0.02923713,0.20301732,-1.035383,0.1293543,0.8265971,-1.6978844,0.11874568,-1.0684302,0.40632206,-0.24615933,0.058903027,-0.17177296,-0.09531634,0.07596402,0.007482769,0.29104972,0.20900771,CUST11555,0.011220601,Low
-0.8899104,-0.19132444,-0.20410733,0.042005036,-0.07742021,0.12118388,-0.035749152,0.110607155,0.1628222,-0.613989,-0.10798431,-3.2196724,-0.37610638,0.16974336,-0.24294499,-0.15556873,0.01377324,0.101857536,-0.013839865,-0.02872191,0.024838395,CUST11556,0.0042537507,Low
-0.06780688,-0.79308945,-0.457208,0.47626808,-0.031533703,0.30989623,-0.019725844,0.14988665,0.19900122,-1.9508809,-0.5432747,-0.9897516,-0.29632777,0.13748887,-0.18405123,-0.14176722,-0.06321799,0.118948445,-0.044386726,-0.0017325061,0.2204523,CUST11557,0.017671121,Low
0.62409115,0.63901097,0.41505358,0.57157356,0.33833632,0.082329385,-0.11223825,0.18487066,-0.22103605,2.2033386,1.2639456,1.628483,0.32080075,-0.11004435,0.039545666,-0.11801358,0.037426855,0.0652071,0.0067221792,-0.7143554,0.1895713,CUST11558,0.99931777,High
0.12209923,-1.0937262,0.45011988,0.1816321,-0.059710383,-0.1735182,-0.37797683,-0.6290088,0.083090864,1.341873,0.30595738,2.6782026,0.095436074,0.14867178,0.35408667,-0.036026206,-0.08208883,-0.048833556,-0.0045996117,0.2748217,0.28734243,CUST11559,0.9775259,High
-0.09000033,-0.12812255,-0.33728716,0.05252768,-0.05309165,-0.060502395,0.24721086,0.14598423,0.067502394,-1.6161671,-0.80169755,-1.9920162,0.3863336,0.049212813,-0.05975921,-0.19774824,-0.06374029,0.06484424,0.0016426807,0.3972115,0.003909947,CUST11560,0.01748218,Low
-0.6951207,-0.91288954,-0.24463052,-1.7946864,-0.07138441,-0.6558699,-0.2265901,-0.044217777,-1.8105422,1.4167082,-0.11356014,-2.7469785,-0.24835014,0.46123773,-0.12273623,-0.017735792,-0.06589814,0.098182105,-0.0061776633,0.025898075,-0.3564791,CUST11561,0.00028096323,Low
-1.0944959,-0.98775816,0.08642193,-0.079943664,-0.042904798,-0.018028133,-0.10352887,0.15185553,0.36782894,-1.73765,-1.075398,2.0016515,-0.46854788,0.08744826,-0.045088716,-0.004903727,-0.087684035,-0.1981853,-0.04296093,-0.5157477,0.053417496,CUST11562,0.021894481,Low
0.006694988,0.9299237,-0.2428503,-0.59507483,-0.052793678,-0.50831,-0.3875452,-1.0173993,-0.07679433,-0.65361756,0.4462021,0.57367295,-0.6334697,0.14708525,-0.26633143,-0.21279256,-0.014566575,0.024518419,-0.008547003,-0.03984392,0.13497475,CUST11563,0.07641766,Low
0.060216147,0.16746292,-0.046606146,-1.6087725,-0.08830452,-0.036344796,-0.03002398,0.13462485,-1.7997972,-0.31261474,0.0017114747,-2.998556,-0.5521102,-0.09898318,-0.35928687,-0.07409409,-0.17150927,0.06465228,0.002766719,-0.07634053,-0.29867476,CUST11564,0.00028413735,Low
-0.055719998,0.4457948,0.67730266,0.7766552,0.24787919,-0.14576007,0.1877951,-0.14225714,-0.31950587,-0.33796734,0.5000125,-0.34339586,0.5268175,0.03837885,0.45158815,-0.15220131,0.033374887,0.1664109,0.006812676,-0.25929764,0.24367228,CUST11565,0.9242264,High
0.14666042,0.40317446,-0.29009673,0.19685723,-0.045100134,0.20178786,-0.067721054,-0.59755737,0.32044864,2.7277398,0.44857156,2.156514,-0.3120067,-0.3673613,0.15534359,-0.03489502,-0.02405322,0.053119164,0.009004025,-0.018131144,-0.8559609,CUST11566,0.9846497,High
-0.74641466,-0.997649,0.5668579,-0.27059948,-0.066547595,-0.33604845,-0.84035623,0.021879204,0.4591686,-0.7766515,0.31132713,-0.48372808,-0.27569276,-0.28873777,0.060698904,-0.24437696,-0.04702101,0.06627285,-0.0136437295,0.24764173,-0.6060827,CUST11567,0.013322553,Low
-1.1948613,0.19289039,0.091642864,-0.15859932,-0.070315726,-0.99641293,0.12409483,0.14397313,-0.3990592,-1.6819122,-0.7605152,0.17324491,0.4753106,0.17505744,-0.056400556,0.14951472,0.04479462,-0.10868659,0.026922159,-0.059033003,0.044107296,CUST11568,0.020047005,Low
1.473068,1.135248,0.07506851,0.38202295,0.18022709,-0.02815048,0.093934156,0.09810867,0.59459156,0.9242673,0.25652662,-1.1276841,0.46376967,-0.35524246,0.09395064,-0.2844745,0.018854469,0.093101226,-0.00801323,0.58314294,0.12564528,CUST11569,0.99136084,High
-0.015262895,-0.8688174,-0.32083806,-0.608042,-0.03684898,-0.21683104,0.2646509,-0.99302,-0.029019127,-0.9571472,-0.0501895,-2.350438,-0.400794,-0.21412233,-0.18471715,0.17922477,-0.10148949,-0.32903996,-0.008948667,-0.16683026,0.09387163,CUST11570,0.00063589995,Low
1.5157212,-0.52610415,-0.06879595,0.12689182,-0.08092715,0.2006978,-0.07300522,0.08161876,0.36971724,-0.49837252,-0.9008578,-0.79735553,-0.57646173,0.15654835,-0.1819159,-0.040704772,-0.059248142,0.008590655,-0.04028052,-1.0969081,-0.039511822,CUST11571,0.07136911,Low
-0.25242543,-0.8885121,-0.087488584,-1.298754,-0.049511075,0.44228235,-0.07286182,0.31411973,-0.7846188,-1.1618546,-0.36523786,-2.2564046,-0.43307772,0.16130203,-0.14712146,-0.1477833,0.2736226,0.22790666,0.05018688,0.50841975,-0.18102853,CUST11572,0.0020374379,Low
-1.2303975,-0.78399265,-0.090840906,0.5100623,-0.049061257,-0.8960427,-0.4590839,0.00094568916,0.36716965,-1.7087455,-0.290762,-0.72821754,0.5077694,0.1032921,-1.3838838,-0.3073878,-0.1061745,0.07724054,0.0031082553,0.3799532,-0.10158969,CUST11573,0.0019620135,Low
0.19656457,-0.8791179,0.43818948,-0.55622804,-0.13269983,0.0747842,-0.39530912,0.29624856,0.15008576,0.7332807,-0.095971,-3.9380562,-0.43358397,-0.16461629,0.35496867,-0.048288666,0.06263372,0.08577508,0.0035441816,-0.065733336,-0.23777898,CUST11574,0.009986442,Low
-0.109336324,0.27007437,-0.02342086,0.34805542,-0.054952115,-0.10117302,-0.046210743,0.06799523,-1.6397249,-1.7294675,-0.6872924,1.1439185,-0.6149546,-0.22919357,-0.033598717,-0.22396486,-0.10085713,-0.08489304,0.0008777627,0.019755607,0.33567277,CUST11575,0.028253632,Low
1.2032474,0.4405151,0.1593807,0.40737826,-0.04540767,0.09869829,0.03353458,-0.68354064,0.13721545,2.627869,-0.057329286,0.5921925,-0.27350792,0.13113077,-0.05460448,-0.10306401,0.003462843,0.060043063,0.01406083,0.032977752,0.120543584,CUST11576,0.9918343,High
-0.7136292,1.0634104,0.06274939,-0.5404636,-0.041895404,-0.6145895,-0.09286797,0.38025963,0.6841757,-1.2154781,-0.48632613,-2.1945846,-0.5749212,0.22327125,-0.16594525,-0.051850636,-0.021081727,0.04716301,-0.009944987,-0.18216676,0.2727519,CUST11577,0.014526532,Low
-0.7852973,-1.1120065,-0.20236708,-0.42335853,-0.05181304,-0.12809324,-0.15591903,0.0057271635,-0.80060047,-1.5467939,0.13177457,-1.6593482,-0.3254422,0.2636474,-0.29059362,0.02010941,-0.1545871,0.08371945,-0.037944295,0.12878288,-0.075504944,CUST11578,0.00077560457,Low
0.15809107,0.6275065,0.46058777,0.3045938,0.3242477,0.37234768,-0.045051306,0.151786,0.29168802,2.3405612,0.93062097,0.6060181,0.6803743,-0.11175523,-0.18227978,0.26488772,-0.048790235,-0.0049452726,-0.00070902286,0.04928549,0.07825894,CUST11579,0.9992556,High
0.31110793,0.20759323,-0.0819817,0.17851281,-0.081255585,-0.037486423,-0.17382355,0.4125297,0.49543464,-0.28560185,0.24119572,3.0679564,0.5405383,-0.07080576,-0.119043805,0.00670135,-0.019590128,-0.2186266,7.315981e-05,-0.5690946,0.051448464,CUST11580,0.97834444,High
-0.12521115,0.4522519,-0.18743946,0.40592825,0.45060474,-0.120403774,-0.33611313,0.40171045,0.32673675,2.5054195,-1.5615795,-0.49453923,0.32716507,0.2139691,0.17212377,-0.2449963,-0.041734025,-0.04223007,0.0024460703,-0.5300038,0.20567156,CUST11581,0.84999925,High
0.8519836,1.2191181,0.47346836,-0.076615036,-0.044443335,0.036263645,0.21996151,0.28883126,0.09521836,1.810019,1.2590429,1.974715,0.61609924,0.15456167,-0.0023222314,-0.20469953,0.02009756,0.25420293,0.0017211561,-0.3017009,0.103609905,CUST11582,0.99983406,High
-0.07880561,-2.2680292,-0.1840743,0.024084017,-0.06978522,-0.1827895,0.132733,0.026164819,0.20800006,1.6660352,-0.13154864,-0.86897105,-0.18140143,0.1035967,0.052275293,-0.022338502,0.10363231,-0.52436084,0.051747046,-0.6031233,0.18528353,CUST11583,0.06869849,Low
-0.097732276,0.052997123,-0.23173256,0.27777556,-0.10278608,-0.1170312,0.22070545,0.1674468,0.35937577,0.848625,-1.7892046,-0.8571503,-0.5292255,-0.6383359,-0.25640967,0.10442524,-0.027122052,0.05719272,-0.008873976,-0.32107335,-0.12742671,CUST11584,0.044755943,Low
-0.096633986,0.13728358,-0.22378731,0.22897282,0.49063188,-0.18420309,-0.05940131,0.01563673,0.29019997,-0.5220988,-0.6706878,-2.7663507,0.42517918,0.05286018,0.24556679,0.06893804,-0.00278704,0.08804535,-0.011809833,0.53229564,-0.01617573,CUST11585,0.11675683,Low
0.20239435,0.30221266,-0.38700923,0.5841976,0.38030607,0.29170603,0.14849941,0.3083558,0.15779471,0.92586416,0.25697243,0.771244,0.6408315,0.01862743,-0.113824,0.051698387,-0.0575866,0.033697784,-0.04230867,-0.035579786,0.12881383,CUST11586,0.98924667,High
1.2287972,-0.13270529,0.66807216,0.2892538,-0.058847163,0.34211823,0.20286988,0.22495854,0.104057446,0.5537628,0.44463676,0.82666665,0.43644285,0.13980144,-0.018820524,0.24760143,-0.052384395,0.14138077,-0.008051662,0.22607423,0.18100642,CUST11587,0.9973788,High
-1.4214523,0.070227474,-0.012384272,0.1638015,-0.13288152,-1.0883876,-0.14267161,-0.032189112,0.31708336,-0.59785604,-1.6612676,1.9653976,0.4146225,0.13593836,-0.064327955,0.070868336,-0.0009626993,-0.052630253,0.027372513,-0.05309012,-0.048680827,CUST11588,0.10077418,Low
0.038074423,0.32339868,0.6490039,0.14638019,-0.05979287,0.30075458,-0.12922093,0.1836072,0.19273488,0.91631985,1.6381203,2.270653,0.30293518,-0.07056639,-0.33784652,-0.44975078,-0.014472506,0.15100716,-0.004649453,0.08600073,0.109149925,CUST11589,0.9979679,High
-0.168023,-1.0561243,-0.23785077,-0.53626,-0.06208084,-0.029882748,-0.57803124,0.1223678,0.027070666,-1.246333,-0.04435204,-3.1565983,-0.44737184,0.19360544,-0.24021645,-0.21273462,-0.11003358,-0.33578828,-0.034814313,0.06607977,-0.192302,CUST11590,0.00024235688,Low
1.1114973,0.26064932,-0.39562613,-0.50248915,-0.032995064,0.2984668,0.014182467,-1.0804253,0.6275591,1.703182,0.40165102,1.3026531,-0.26817203,0.34035665,0.17442231,0.052435607,-0.042104956,0.019342422,-0.011129865,0.64488083,0.021589817,CUST11591,0.9899963,High
0.367383,-0.8394148,0.6801346,0.47594565,-0.051389884,0.21770698,0.51821995,0.23918945,0.5728333,1.1465706,0.1907168,-0.64640576,-0.25836694,-0.007294803,0.073547095,0.119523436,0.23179711,0.1230056,0.023162175,0.480063,-0.391223,CUST11592,0.96159923,High
0.020548236,-1.0871762,0.5285493,-0.62475747,-0.02509914,0.03707498,0.2759012,0.2593221,0.088494666,-2.0659332,0.20786026,0.49851587,-0.3669455,0.028186804,0.1313026,-0.114382595,-0.09548452,0.043004543,-0.016932754,-0.35916764,-0.5569245,CUST11593,0.037716,Low
0.007201693,-1.0588604,0.011487307,0.6502014,-0.054809205,0.23605242,-0.12319297,-0.52017325,0.34655777,-0.33526832,1.795358,1.709238,-0.28401107,-0.20038038,-0.28068078,-0.048923526,-0.123015866,-0.20950404,-0.022587927,0.06846239,0.08572053,CUST11594,0.83253324,High
-0.931285,-0.5671753,-0.20430648,0.41794062,-0.10326296,-0.4993,-0.062440112,0.23343544,0.54984146,0.2937934,-1.0759519,-0.9967384,-0.47908098,-0.011278845,-0.38219708,0.120856956,-0.05622302,-0.25459608,-0.033263188,-0.4912544,0.32607183,CUST11595,0.014041522,Low
0.18206714,0.15597142,-0.047637578,-0.41604745,0.39506626,0.2619754,-0.37400672,-0.0033102874,0.08631467,-1.6119533,0.2177431,-3.0880368,0.7061301,0.17930089,-1.0351491,-0.090134956,-0.020057935,-0.027127111,-0.0037955968,0.43290418,-0.08658394,CUST11596,0.014321755,Low
-1.2540357,-1.5942512,-0.13432804,-0.49031886,-0.082171485,-1.1919837,-0.13253985,0.21551216,0.42118847,-0.70363027,0.26004252,0.9131255,0.01609131,0.22137266,-1.4046863,-0.632067,0.010117707,-0.19620572,-0.00050387625,0.0134861125,-0.05928831,CUST11597,0.0028709045,Low
-0.18861513,-0.55622774,-0.21110825,0.4694328,-0.073718384,0.09958427,-0.51596606,0.093200795,0.3567599,-1.0565729,-1.0947156,-2.9711516,0.3819363,-0.12546493,0.1595666,-0.28325963,0.02825479,0.072984345,0.0006016353,-0.11039368,0.1520641,CUST11598,0.0044164467,Low
-1.06421,1.8211113,-0.96631294,-0.46810108,-0.05454487,0.18588477,-0.10664721,-0.9343551,0.6616983,-1.8767841,-1.1125088,1.0255048,-0.5026158,0.20773165,-0.010499927,-0.06305436,-0.008649331,0.09712316,-0.005500295,-0.12257747,-0.030614806,CUST11599,0.033146694,Low
-1.1748044,0.49089205,-0.2267027,0.3794347,-0.0877467,-0.9333828,0.0048089884,0.16085461,-2.0900326,-0.87763345,-0.693191,0.81163996,0.4662358,0.06851292,-0.56716144,0.20926842,-0.03213741,0.053597353,0.017256735,0.15236306,-0.024882011,CUST11600,0.019114817,Low
-0.058229506,-0.6567817,-0.27151668,-1.2173115,-0.03356276,-0.2085328,-0.10645009,-0.42818555,0.042759098,-1.5235839,-0.4349086,-2.5235028,-0.3869704,0.03682252,-0.2569547,0.11613277,-0.08260924,-0.07890979,-0.02402469,-0.37528443,0.0039817765,CUST11601,0.00020083884,Low
0.80852896,1.1077363,0.4660002,0.41790685,-0.037648607,-0.036615673,0.18673022,-0.50885266,-0.1857266,1.9765745,1.2384186,1.8712237,0.27147117,0.116642654,0.07416153,-0.030306013,-0.027836014,0.12651095,0.0058612935,0.06342309,-0.3071736,CUST11602,0.9994752,High
1.0539541,1.1073638,0.50356203,0.40165088,0.22425269,0.11688167,0.2944265,-0.14569986,0.08851858,-0.41659635,0.43781295,0.41886866,0.46629488,0.12393989,-0.3265898,-0.092177555,-0.008743785,0.09424525,0.0018408988,0.16576575,-0.5878111,CUST11603,0.979699,High
-0.91541904,0.5151663,-0.054099258,0.13333502,0.41766575,-0.7632738,0.18328762,0.18342556,0.3137969,-0.9278515,0.447881,0.772937,0.78888345,0.17841639,-0.6154176,-0.012544038,-0.085970074,0.23930633,-0.0061582173,0.39522445,0.30722526,CUST11604,0.8100962,High
-0.09917058,1.1678936,0.5461765,0.45702583,-0.07077368,0.012000777,0.095503196,0.35672438,-0.44464996,0.5232898,-1.3038357,1.9761117,0.41770437,-0.2893538,0.25476888,0.08185372,-0.015567048,-0.06275477,-0.0019575735,0.21892586,0.040157728,CUST11605,0.97843516,High
-0.9065302,-0.993506,-0.28009912,-0.7735188,-0.059409864,-0.3241619,-0.2611307,0.096154235,-0.757959,-1.145166,-1.0794631,-2.1104698,-0.42010853,-0.24622077,-0.18213426,-0.057170644,-0.14843184,0.0806646,-0.035716027,-0.07642674,0.10947196,CUST11606,6.661493e-05,Low
0.0072047124,1.4043663,-0.4014771,-0.8929396,-0.07840116,0.21722817,0.16662614,0.16897002,0.2274611,0.31217122,-0.32084194,0.45217705,0.6636465,0.049443707,0.20254059,0.13276015,-0.019965863,0.030574905,-0.011354573,-0.55600846,0.022072706,CUST11607,0.8495495,High
-0.032918632,-1.5335726,-0.058457237,-0.7687983,0.65270805,0.00019121123,0.5432709,0.04625819,0.19679393,1.4301084,-0.5820721,-2.7043386,0.3775076,-0.052847266,-0.81827325,0.39674744,0.06415848,0.04652218,0.049128592,-0.4961183,-0.48924118,CUST11608,0.022347836,Low
0.6978564,0.517077,-0.255891,0.50954884,-0.046793215,0.346274,0.16551289,-0.9424807,-0.047391403,1.6708536,0.52000177,0.4508454,-0.30408657,0.22142208,0.16264288,0.32072747,-0.029541355,-0.10028665,0.0012618508,-0.57345,0.0335224,CUST11609,0.96347135,High
-0.98008007,0.09633939,-0.31931135,0.2433352,0.2481495,0.111412205,-0.22178042,0.21639481,-0.06588842,-2.2899098,-1.3517643,1.9384029,0.4163335,-0.06047824,-0.00074380636,-0.5963891,-0.12861727,0.07633493,-0.0039624004,-0.04483486,-0.11496379,CUST11610,0.05329209,Low
-0.7891847,-0.14225933,-0.67917866,-0.1430491,0.10344985,-0.6047181,-0.06830165,-0.9242785,-1.8343257,-1.8461992,-0.12687081,-0.75128984,0.22293884,0.08248666,0.28280652,0.002555747,-0.00076664746,0.05723856,-0.00059409253,-0.08324607,-0.08282458,CUST11611,0.0006289722,Low
0.23244606,-1.5659182,-0.19056602,-0.76828855,-0.0962971,0.10769068,-0.5327306,0.050594807,0.2700036,0.27269864,-1.4733727,0.6838395,-0.3506636,-0.12969168,-0.16792321,0.29731,0.22329468,0.050433394,0.034929633,-0.57640505,0.0847949,CUST11612,0.026883181,Low
-0.038567804,1.4431312,-0.02461547,0.14649263,-0.042629894,0.064528584,0.21878073,-0.39289334,0.66638553,2.315672,0.6142413,0.9315636,0.35128143,-0.16486017,0.14417158,-0.09121877,0.015758112,-0.0071901465,0.0016957605,-0.05473151,0.2556105,CUST11613,0.9981806,High
-0.3348455,0.40755704,-0.09882597,-1.5198078,-0.03910197,-0.45316386,-0.11023233,0.24110392,-2.253229,-1.334962,-0.07208019,-0.20843723,-0.39914486,-0.17161281,-0.15065318,-0.065668985,-0.076038904,0.087485746,0.0033533433,0.12022388,0.16515587,CUST11614,0.0018181596,Low
-0.98878735,-0.8870563,-0.06704248,-0.5679915,-0.036210258,-0.1507465,-0.101441465,0.097673245,-0.027400162,-1.5132681,-0.97796184,-1.7089368,-0.3527846,0.10138531,0.002815728,-0.107804455,0.111672804,0.0465946,0.012660083,0.43128562,0.13038453,CUST11615,0.0013610434,Low
-0.12334136,0.103674665,-0.09186634,-1.3747659,-0.06241938,-0.0069031212,-0.066373125,-0.47155344,-0.08411651,-0.37986186,0.33592734,-3.5495553,-0.3368889,-0.17183056,-0.0061968146,-0.09779437,-0.019012803,0.028348437,-7.1590766e-06,-0.046508923,0.112788,CUST11616,0.0017377216,Low
-0.034378257,0.31910953,-0.120852634,0.04107478,-0.11560921,0.03434646,0.019314084,0.0822637,-0.7400835,0.22532159,0.6544594,-3.5032578,-0.8037361,-0.63340384,-0.18127353,0.054147307,-0.043579776,0.10649992,0.007363457,-0.45351318,-0.2672504,CUST11617,0.004504247,Low
-0.015127076,-0.72993267,0.17450838,0.35360223,-0.028589835,0.003749373,-0.4716544,-0.4379646,0.28846765,-1.8653678,0.15693955,-1.2988337,-0.4034595,0.18735263,-0.32473564,0.029523406,-0.15967548,0.05596635,-0.047387578,-0.03314581,0.11825136,CUST11618,0.01106657,Low
-0.12042329,-1.110469,-0.15377586,-0.47340176,-0.07891998,0.010127704,-0.022793062,0.16100942,-1.8388852,-0.38168442,-0.5163562,-2.6517746,0.41194326,-0.016212445,-0.16652003,-0.017410422,-0.14577426,-0.07756845,-0.011584932,0.11846579,-0.10707559,CUST11619,0.0007209136,Low
-0.80566025,-0.77341926,-0.18472834,0.36868024,-0.09147863,-0.47730902,0.14468592,0.22357057,0.112357005,-0.39102277,-0.9146496,-2.6923368,-0.35339296,0.14355265,-0.3255239,-0.017874127,-0.08954405,-0.0178624,-0.010067424,0.12714814,-0.39715734,CUST11620,0.001551135,Low
0.0054969103,1.630892,0.36896878,0.03536053,-0.057854474,-0.010554803,0.102861576,0.17004511,0.35281917,-0.29694557,0.5405727,2.3095274,0.43857145,0.09605573,0.20633687,0.04177681,-0.0029662128,0.0107507445,0.008130349,0.114398934,-0.7554485,CUST11621,0.9948501,High
-0.011963858,-0.8648659,-0.30235034,-0.3778448,-0.10803103,0.4232062,-0.28455076,-1.0250055,0.41854015,0.20023519,0.11207502,-2.176692,-0.363042,0.32805833,0.25912857,-0.1999033,-0.012817135,-0.06993502,-0.009010505,0.22789675,-0.06276419,CUST11622,0.01898724,Low
-0.07146158,2.1121233,-0.100893736,0.60901785,0.27296174,0.27551788,0.28886983,0.20298947,0.2731197,-1.6983838,-0.99620515,1.1309105,0.5246075,-0.047316585,0.17230622,-0.1733427,-0.013905199,0.10906308,0.00039190846,0.26986262,0.098073415,CUST11623,0.96057487,High
-0.869982,0.6037432,0.4528685,0.19261934,0.40617645,-0.30498177,0.13063876,0.33099902,-0.48847458,-0.39302304,-0.07796802,2.0231502,1.3106581,0.07413957,0.30879116,-0.10939772,0.060942,0.059706423,0.024639957,-0.26413903,0.101684794,CUST11624,0.9714632,High
-0.19220239,-0.24928272,-0.14577058,0.36625597,-0.062450137,0.13726348,-0.1789004,0.18923062,0.36547667,-1.2866508,0.036020417,-3.4921546,-0.5032027,-0.453623,-0.37246582,0.34464252,0.06355897,0.11651006,-0.01838823,0.24335854,-0.5760651,CUST11625,0.0032885252,Low
-0.030898606,-0.88225275,-0.66363287,-0.1174997,-0.06620537,-0.18156722,0.24359837,-0.7927831,0.034465477,-0.5134638,-0.7172823,-2.5719116,-0.24547383,-0.20618941,-0.03473565,0.035884175,0.23529963,0.23597047,0.05192536,0.18095517,-0.19944115,CUST11626,0.0019259234,Low
-0.034476772,-1.092042,-0.17401406,-1.1031038,0.2899528,-0.035617057,-0.29150933,-0.3484572,0.08998104,-1.1969662,-0.062756546,-2.6061075,0.3087914,0.036236208,-0.17493871,0.051513776,-0.16183664,-0.023554096,-0.035524044,-0.24545158,-0.49983335,CUST11627,0.00063904433,Low
0.28946656,-1.0163554,0.17355415,0.2987129,-0.04466557,0.3409995,0.04108972,0.3417816,-0.042812116,2.4774134,0.7147616,2.1367686,-0.26175088,0.22653587,0.10491323,0.04451483,-0.029179957,0.1130337,-0.038078766,0.62855357,0.11522147,CUST11628,0.99859923,High
0.103570074,-1.5413213,-0.07785829,-1.9890269,-0.053718377,-0.15448177,0.0065884357,0.0753488,-2.2391584,1.133695,-0.20706098,-2.579385,-0.33269596,-0.6467162,-0.18798074,-0.019575803,0.1384656,0.09559875,0.012750803,-0.32052717,-0.07959055,CUST11629,0.00013524776,Low
-0.1943551,0.8310582,-0.05355891,0.16179222,-0.06206306,-0.28123403,0.006695261,0.2881958,0.62357724,0.35396788,-1.9323825,-0.8407916,0.31970575,-0.25517783,0.19267851,-0.064579174,-0.042712785,-0.48373947,0.004345594,0.032856945,-0.10655779,CUST11630,0.17545311,Low
0.28567764,0.19588593,-0.25868043,0.4743589,-0.12907371,-0.22218676,-0.50980955,0.2903517,-0.16995332,0.059988067,-1.934357,0.45258713,0.47013235,0.096637584,0.056785956,-0.013251058,-0.03873283,-0.17211875,0.009006064,-0.5828571,-0.6776432,CUST11631,0.08608249,Low
-0.13168012,1.31373,0.24765407,-1.3972976,-0.03186607,0.026976421,-0.2913762,0.028060356,-0.48581946,-1.4313626,0.47957414,-3.1700096,-0.6246711,0.17346144,0.023693766,-0.103059456,-0.027246037,0.14117485,0.007510763,-0.35425493,-0.20490807,CUST11632,0.002851947,Low
-0.14208893,-0.08393034,-0.26710165,-1.2734365,-0.055787075,-0.42216125,-0.155958,0.123297855,0.034453046,-1.2846386,-0.92516786,-2.546574,0.48193827,0.041201174,-0.5487206,0.22149299,-0.0906578,-0.18617411,-0.010561876,0.020347478,-0.19010255,CUST11633,0.00067137217,Low
1.4964483,0.833404,0.102439635,-0.38232464,-0.039137553,0.05582957,0.15997809,0.31259492,-1.3504751,1.146349,0.60573655,0.6979423,0.38849494,0.12809876,0.036478255,0.27630088,0.022060681,-0.10147655,-0.02070121,0.05394935,-5.5999844e-05,CUST11634,0.98758984,High
0.15764493,-0.048386566,0.033139743,-1.0279824,-0.06761055,0.6298326,-0.467637,-0.30084118,-2.1640747,-0.28149068,-0.539917,-0.48284096,-0.3936059,0.2122948,0.05935975,-0.17278011,0.04875694,0.110908,-0.0017984128,0.0815365,-0.09404525,CUST11635,0.00853741,Low
0.111928724,0.10473214,-0.18015808,-1.4456303,0.28179303,0.9900691,-0.15020025,0.1882477,-1.5662947,-1.5441937,-0.43264332,-1.9726552,0.59662914,-0.2770266,-0.099988565,-0.010918686,0.0027832151,0.047350354,-0.0065744477,0.03964012,0.009205562,CUST11636,0.0046831695,Low
-0.24080455,0.2969398,-0.21195698,-1.3495544,-0.03811675,-0.19201025,-0.18660639,-0.5617541,-1.875667,-1.2015388,0.36946973,-2.4379878,-0.54892415,-0.029554289,0.07195517,-0.29555488,-0.083177455,0.041609425,-0.008422463,-0.3372899,0.4354288,CUST11637,0.00021845773,Low
-0.88278526,0.33476356,-0.047501385,-1.3094381,-0.074181356,-0.45195457,-0.02839308,0.3905531,-0.29275444,-0.3231007,-1.1678797,-2.5081131,0.5136491,0.023157319,0.092090264,0.0037209794,-0.018911261,-0.0722945,-0.01100214,-0.04986647,-0.018833453,CUST11638,0.0026139936,Low
-0.8969111,-1.6341481,-0.041389517,0.34923658,-0.024590855,0.007224608,-0.14035513,0.060130954,0.26682162,-1.8107828,0.5229388,0.83170503,0.3298924,-0.29590917,0.49083096,-0.24080992,0.08485314,0.09236404,-0.019225903,0.027006393,0.060717452,CUST11639,0.116542995,Low
-0.07095714,-1.5241156,-0.14070995,-0.5685461,-0.062732734,-0.43480852,-0.6734486,-0.09021618,0.16606021,1.899877,-0.12310909,-1.2015775,-0.3321712,-0.8531045,-0.17294255,-0.23906866,-0.20242754,0.0897021,-0.034480028,0.035924345,-0.5751492,CUST11640,0.005747742,Low
-0.28960297,0.044795282,-0.20697682,-1.1632282,-0.05033059,-0.17425054,0.21767515,-0.0006693222,-1.6418681,-0.83938134,-0.5159657,-3.0922728,-0.5498897,-0.29711655,-0.27823558,-0.09207223,0.047547333,-0.0041178437,-0.0088428,-0.36935538,-0.18873215,CUST11641,7.4990545e-05,Low
1.0849677,0.4843754,-0.4483456,0.44704562,-0.038733166,0.29389533,0.05959694,-1.044961,-0.8965713,1.5639049,0.45895985,1.0192446,-0.29010272,0.28450593,0.14044973,-0.24293423,-0.03838041,0.049383365,-0.0058001825,0.22677946,0.18888098,CUST11642,0.9627082,High
-0.013432534,0.25497788,-0.3872891,0.18385324,-0.036286242,0.20288734,-0.023810163,0.022563947,-0.62657243,-1.8481001,0.59447545,1.2479881,-0.8034662,-0.69263935,0.065585524,-0.34840977,-0.04555721,0.020521909,-0.008862984,-0.37976018,-0.1406093,CUST11643,0.056940436,Low
-0.931301,0.12159653,0.55834544,0.43093365,-0.045347933,-0.24919114,0.09027852,0.32446015,0.48135194,-1.4722201,0.34523764,-1.8359506,-0.38401783,0.21899213,0.30448732,-0.14868169,-0.014680497,0.04454767,-0.007758911,-0.07113983,-0.2555661,CUST11644,0.07304653,Low
1.3395468,-0.7185204,0.35647547,0.70442647,-0.060358763,0.31561515,-0.5193295,0.299396,0.49163172,2.247033,0.07637813,-0.3810552,-0.26099765,-0.10490131,0.33706477,-0.109603345,-0.064153835,0.18349749,0.0008094739,0.1853865,-0.021617347,CUST11645,0.9859577,High
0.0709494,0.34346926,0.5583111,0.03443076,0.3721297,0.18408512,0.21355273,0.4599359,0.33169186,1.9568468,1.2067558,1.965986,0.42484686,-0.24865195,0.094991274,0.18561149,-0.047779538,0.011578939,-0.012805991,0.054291412,-0.19109096,CUST11646,0.9996382,High
-0.1163015,-0.77100784,-0.32371795,-0.16009638,-0.06560154,-0.22654487,0.0245285,0.27624616,0.28477377,1.3754288,-0.21200438,-0.7259054,-0.27414292,-0.36494577,-1.6040425,-0.20566605,-0.02087517,-0.085892916,0.002330829,-0.20900188,-0.10698407,CUST11647,0.027797831,Low
1.8363788,0.39267007,-0.2746794,0.20654197,0.5683594,0.30109876,-0.19737984,0.14520557,0.37538263,-0.13839509,-0.93938565,-0.25714418,0.5424341,0.19066969,-0.48146942,0.61236197,-0.010556044,0.15530261,0.00399069,0.242652,0.17401144,CUST11648,0.967794,High
-0.12420374,-0.9847129,-0.034424353,-0.9200673,-0.0643475,-0.07974358,0.092915565,0.055541053,-0.90145403,-0.6709135,0.17812325,-2.5233219,-0.4700161,-0.35932177,-0.19352871,-0.0046210387,0.23468558,0.053733595,0.0035517123,0.00813373,0.00030352338,CUST11649,0.00117083,Low
0.08700604,-1.5663813,0.11026819,0.8071083,-0.05270518,0.05498241,-0.38769805,0.13745166,-0.42171064,-0.30208948,2.0197735,1.1488205,-0.12593436,0.2617461,-0.12666343,0.10367338,0.24829255,0.054282293,-0.0065272446,0.061654307,0.07857142,CUST11650,0.8946118,High
-0.69569385,-0.7413055,-0.80335337,-1.0473498,-0.027541157,-0.17726102,-0.09708656,-0.71314424,-0.9148951,-1.2757418,-1.1413832,-0.70537394,-0.3855284,0.061089694,0.1849503,-0.043310925,0.18279628,0.03398449,-0.007872505,-0.18739754,0.047457445,CUST11651,0.00020360123,Low
0.935487,0.049332533,0.40052688,-0.47937274,0.21373372,0.041317455,0.05522458,0.29453915,0.69024813,0.7729445,0.3533799,1.1226189,0.6442381,0.047754243,0.3706493,-0.19639651,-0.031113658,0.13131565,-0.007807921,-0.23193488,0.123322755,CUST11652,0.9948049,High
-0.036002684,0.04162973,-0.3560788,0.3090097,-0.049203463,0.12699616,-0.15692736,0.1363073,0.14459786,-1.9850072,-1.3742384,0.54153675,0.33486992,-0.5498468,0.048669826,0.09056498,-0.014484763,0.0235847,0.004463218,0.012165054,0.14089441,CUST11653,0.0683903,Low
-0.1512735,-0.10386454,-0.4337324,0.10511907,-0.09918828,-0.27790016,-0.013190424,0.25143653,0.020472925,0.09828373,-1.4010146,-1.218706,-0.45256913,-0.5795,-1.2687045,-0.15552095,-0.0017467106,-0.13983934,-0.0026974431,0.2008014,-0.06703378,CUST11654,0.0032187095,Low
0.11912276,-1.1644475,-0.27429783,0.6906934,-0.03493062,0.3497128,-0.25035447,-1.504854,-2.394504,-1.0180287,0.24347809,0.53223383,-0.3967232,0.14073555,0.02335862,0.14138633,-0.13164559,0.059150837,0.0006790571,-0.112137206,0.1506429,CUST11655,0.0075703887,Low
-0.8957627,-0.78682244,-0.024003169,0.5223103,-0.04220437,-0.4258569,0.021045517,-0.30974433,-2.5282362,-1.639546,-0.16357316,0.97884965,-0.49932232,-0.44472572,0.35823542,0.6327226,-0.14641881,0.036336076,-0.0008826954,-0.020066489,-0.0343879,CUST11656,0.00424721,Low
0.042295817,1.0500406,-0.07851214,-1.467882,-0.060081393,0.35610595,-0.110886455,-0.15226288,-2.3956969,-1.1044356,-0.4904913,-1.119294,-0.62105614,0.1687639,-0.18879116,-0.11065533,-0.06043081,-0.09716322,0.0008126516,-0.18064946,0.002315006,CUST11657,0.0012755024,Low
1.2850978,0.13954471,0.43026817,-0.024128504,-0.06875418,0.14125185,-0.44721356,0.12576161,0.20092705,0.513994,1.3787516,2.2850854,-0.46353036,0.20487078,-0.083315186,0.03908637,-0.0019253606,0.042877514,-0.0012635821,0.20083728,-0.022341818,CUST11658,0.9970726,High
0.07963843,0.14193656,0.3075934,-0.40572456,-0.03411512,-0.28754193,-0.36686882,-1.5467938,-0.03672263,-0.9571909,1.1868957,-0.6817041,-0.47003633,0.11809586,0.017576385,0.23421945,-0.036658447,-0.012383496,0.006168281,0.07506905,0.12092707,CUST11659,0.069603056,Low
-0.048867956,-1.7821709,-0.38004318,-0.024089947,-0.053833473,-0.0050292835,-0.3384449,0.049744748,-0.5047799,-1.2734135,-1.2386668,0.59921104,0.21973836,0.2028912,-0.025123091,-0.033270095,0.09072347,0.2529704,-0.04257905,-0.18495955,0.09570744,CUST11660,0.011323695,Low
-0.97168714,-0.27942687,-0.39308956,-0.32666135,-0.055387765,-0.48733664,-0.37680134,0.14610437,0.115151726,-1.797344,-0.9011951,-2.221074,0.37045515,0.3424233,0.46617183,-0.03434024,-0.03661645,-0.089445114,-0.0038968492,-0.034049597,0.0297218,CUST11661,0.0013810805,Low
-1.0522896,0.14808224,0.20861493,-1.2539773,0.29035684,-0.24014746,-0.052480567,0.109223045,-0.5519685,-1.1367829,0.17846389,-2.7144957,1.1783571,-0.08720881,-0.14164153,0.041865584,-0.06897352,-0.04405475,-0.0023468165,0.29811886,-0.09773081,CUST11662,0.006456451,Low
-0.03526136,-0.79064125,-0.05982935,0.9544885,-0.07675408,-0.5991693,0.047060035,0.3790667,0.049015447,1.7344196,-0.55108315,0.4719096,0.2939321,0.06346447,-0.045472935,0.23371153,0.22703658,0.07867816,0.056167364,-0.33759442,0.21411526,CUST11663,0.9056873,High
0.17733881,-0.012020817,-0.51914257,0.20089327,-0.023407552,-0.23061492,0.024101382,-0.9127277,-0.074811,-2.3913581,0.18438478,-0.49634206,-0.50286686,0.24485107,-0.13373826,0.14754876,-0.044029698,0.010712784,0.005007657,0.59611964,-0.39902064,CUST11664,0.014857165,Low
-0.16465032,-0.62817764,-0.13327275,-0.08436267,-0.05251384,-0.048549075,-0.12983355,-0.0021733176,0.25767648,-1.1699216,0.013359878,-3.0410254,-0.44437855,-0.4007119,0.37054566,0.45268366,0.20264626,-0.029661521,0.041590646,0.0122906305,-0.18890855,CUST11665,0.005418344,Low
0.025923453,0.9845381,0.40923932,-0.7182903,-0.045669,-0.20893979,0.16100578,0.297754,0.2643035,1.4041636,0.24664785,1.887179,-0.45152766,-0.24155675,-0.05918904,-0.031252563,-0.021198748,0.099843964,-0.0047731698,0.015052333,0.3524496,CUST11666,0.9868815,High
-0.91474706,-1.3647604,-0.14521486,-0.37929726,-0.08304642,-0.36710736,-0.65175986,0.08859223,0.0056907153,-0.5378429,-0.8767191,-2.5936337,-0.28037286,0.06468076,-0.16458255,-0.2207639,0.07367924,-0.030124089,-0.0053881644,-0.23355624,-0.27811256,CUST11667,0.00013108029,Low
-0.07940074,-0.9328766,-0.715281,-0.6836206,-0.015247531,0.5159412,0.03768504,-0.6648381,-2.065689,-2.2146943,0.043292373,0.55837876,0.19240342,0.028770281,0.1005616,-0.056488268,0.04570824,-0.2527312,0.001848246,-0.032285295,-0.06142404,CUST11668,0.0018417931,Low
0.2841627,-0.05553289,-0.2766642,0.4355888,-0.09201611,-0.28838503,0.23960757,0.12788811,0.14276168,-0.5877228,-0.62694985,-2.219926,-0.4853711,0.12524952,0.056328837,-0.15330648,-0.08302587,0.09481589,-0.019964527,0.6687292,-0.51694196,CUST11669,0.036408845,Low
-1.2854259,1.2020618,0.09244498,-1.16385,-0.09092677,-0.6286004,-0.10624467,-0.13086697,-0.16283701,0.17206627,0.34077135,1.8941932,-0.58765984,-0.35729644,-0.11384545,-0.2976264,-0.020929098,-0.0030062133,0.013626685,0.26223347,0.13176307,CUST11670,0.29211473,Low
0.2934457,0.3254924,-0.4573472,0.16689889,-0.090607956,0.06723321,0.073009275,0.35662404,0.077476874,-0.32635927,-1.1483136,2.6246083,-0.32750237,0.06907018,-0.67589384,0.14372224,-0.0015471386,0.13975267,0.027872557,0.7466492,-0.31942722,CUST11671,0.8480868,High
-0.06529571,0.24139687,0.23139669,-0.25275725,-0.05630276,-0.10082335,-0.01668605,0.43929252,0.38534173,-0.4805788,-0.8281967,-0.8164071,0.520663,0.03691764,0.3051736,0.27061456,-0.0145621635,0.108418375,-0.01594306,0.4915334,-0.0101493085,CUST11672,0.5812395,Medium
-0.72498596,0.10631341,-0.16070221,0.39019126,0.6515295,-0.33223242,0.11764699,0.23939872,0.22638464,-0.42295972,-0.8053798,-2.568612,0.43974814,-0.018366782,-1.05293,-0.27550608,0.03953527,0.035869744,0.020386271,-0.34936237,0.3911831,CUST11673,0.016334113,Low
0.40467563,-0.3825708,0.04693622,0.33558756,0.7849102,-0.01617272,0.41728342,0.5089266,0.24995866,0.66301215,-0.6623636,-1.8481867,0.74164,0.016732544,-0.055856314,0.2606765,0.30789775,0.07239402,0.052194163,0.1820537,0.5369733,CUST11674,0.92900604,High
0.06018383,-0.88590646,0.45682046,0.71728265,-0.06716326,0.36878365,0.0002419576,0.2557359,0.08105043,2.2142415,1.4517573,0.7554094,-0.31344122,0.06695192,0.37711397,-0.07131586,-0.06716212,0.22651745,-0.040179536,0.14150476,0.1679335,CUST11675,0.9971317,High
-0.05018727,0.48177847,-0.48393607,-0.04129435,-0.07007915,-0.22574463,0.013286259,-0.51351804,0.20758025,2.6268342,-0.11039828,2.0855923,-0.34752336,0.39619136,0.019135222,0.04242363,-0.0062142317,0.0679401,0.011166966,-0.023331912,0.06821386,CUST11676,0.9837413,High
0.015819583,0.5536947,0.49829465,0.13435093,-0.06461588,0.15233319,-0.33734155,0.12071726,0.14976701,2.0322533,0.7103519,1.9449979,0.29711333,0.07507562,0.34606996,0.0063558654,-0.02563676,0.043894712,0.008285752,0.029137198,-0.90146697,CUST11677,0.9968092,High
1.0015807,1.2433987,0.08357114,0.6886384,-0.07345757,-0.14405751,0.04686612,0.29834238,-0.42153326,1.3516188,0.5240863,0.8998008,0.41235492,-0.22914703,-0.74292,0.1316098,-0.018947473,0.012943846,0.015498006,-0.38400647,0.3471535,CUST11678,0.99329525,High
0.27164018,-1.2342991,-0.046821494,0.20879409,-0.046580393,-0.1610056,0.02317505,-0.5311518,0.27418283,1.1096839,0.5769967,2.592239,0.19437087,-0.33366233,-0.016359445,0.08571318,-0.09228434,0.025409255,-0.017737033,0.6154688,0.043142013,CUST11679,0.97056603,High
0.04779096,-0.12222,-0.26798028,-1.4438559,-0.07040702,-0.10831115,-0.2555964,-0.7214962,-2.0678072,-0.65723413,-1.042255,0.43755624,-0.3986996,0.11902468,-0.022155054,0.06144805,-0.10275635,-0.09498795,0.00045242766,-0.2049904,-0.03888145,CUST11680,0.00091237633,Low
0.89434063,-0.91525865,0.006014539,-0.32767275,-0.0610469,-0.2078914,0.23731376,0.3034503,0.23617654,2.3369389,0.36524898,0.51773864,-0.34411812,0.17176148,0.027477745,-0.15530184,-0.08186908,-0.4550923,-0.01333815,-0.733002,-0.61474514,CUST11681,0.75803643,High
-0.97034085,-0.7197884,0.47314456,0.5099106,-0.043009978,0.07587078,0.34291673,0.61323863,0.75644666,-1.3946543,0.51637214,-1.9142033,0.4191587,0.07918154,0.54119396,-0.07606947,-0.061293203,0.019222982,0.0011254521,0.07645919,0.38098294,CUST11682,0.39668015,Medium
-0.096360736,-1.348244,0.11029511,-0.86594784,-0.10260906,-0.6650855,-0.33529034,0.02598474,0.5286267,0.45332366,0.34471068,1.0696845,0.12324959,-0.4318686,-1.732668,-0.6896979,-0.050183125,0.016972039,-0.0051800064,-0.50360715,0.19434346,CUST11683,0.017902792,Low
-1.2605941,-0.9649524,-0.10807509,0.56155896,-0.049800128,-0.7337083,0.09850389,-0.06264183,-0.75666326,-2.0660641,0.141314,1.0391171,-0.29616743,0.07651709,-0.87097055,-0.29499483,0.113845505,0.10398675,0.0114648845,0.55652577,-0.5648256,CUST11684,0.004624252,Low
-0.13770327,-0.8179623,0.008439718,0.7306306,-0.020134166,0.11834364,0.14107174,-0.5666624,-2.6461027,-2.328565,0.28973466,0.48592,-0.37551433,-0.32685208,0.19211192,0.07948481,-0.17485721,-0.10979298,-0.0047080694,0.40369242,-0.6464709,CUST11685,0.0031692781,Low
-0.13513482,0.4193748,-0.14713836,0.2804415,-0.086843625,0.04748904,0.20348409,0.39892015,0.21898414,2.4211397,-1.1040407,0.9276063,0.3373742,0.08607406,0.05473772,0.11870944,0.020407027,-0.4367581,0.00019782595,-0.033532124,0.12554088,CUST11686,0.97520125,High
-1.0703743,1.3918172,-0.08586039,0.39295286,0.51571584,-0.93006516,0.11739221,0.38901928,0.31498194,-0.34826326,0.3541697,1.3881086,0.36220366,0.38091177,-0.90820414,0.3594178,0.06500332,-0.18890552,0.0027013537,0.61116904,0.21198522,CUST11687,0.9637605,High
-0.91203254,-0.25145066,0.017179849,-0.05871013,-0.03315087,-0.08409281,0.059774,0.15175855,0.05030716,-2.2760725,0.16315974,-0.9789493,-0.4315412,0.1510471,-0.6745403,0.37663835,-0.037613235,0.07900463,-0.0054352838,0.1519371,-0.13671447,CUST11688,0.008795523,Low
0.0044882796,0.51920587,0.06650732,-0.033856258,-0.050413456,-0.406046,-0.03922592,0.1562687,0.87287164,2.6981845,0.34441856,-0.5745955,0.5001845,-0.35630888,0.107257165,0.10228732,0.0067961626,0.03681857,0.0014212071,-0.56286407,0.015387099,CUST11689,0.96654755,High
0.12282655,0.44726503,0.20144801,0.43064678,0.32038286,0.26589713,-0.039936867,0.42802447,-0.10814098,2.3141663,0.47777414,0.86125875,0.17801908,0.36485225,-1.1943512,-0.60269666,-0.06569994,-0.45515057,0.0013958882,0.401726,0.04020353,CUST11690,0.9871911,High
-0.8074703,0.17904484,-0.3104415,-1.0185229,0.36446837,-0.6092706,0.025258292,-0.6121727,-0.66583467,-0.59775776,-0.5830174,-2.7663896,0.37563428,0.024867844,-0.15692921,-0.059306987,-0.06787595,0.18167448,-0.0021944824,-0.2692913,-0.02020281,CUST11691,0.00058640423,Low
0.15528561,-1.2436657,-0.050622076,-2.0509114,-0.05704215,0.3149834,0.032958288,0.041091003,-2.5957742,-0.3110012,-0.4919292,0.32990608,0.37940058,-0.21745013,-0.02833216,0.2692597,-0.14155802,0.06768978,-0.004453084,0.2671311,0.16926977,CUST11692,0.005426884,Low
0.8447085,0.15172148,-0.24219906,0.22721091,-0.07935821,-0.18217218,0.13249016,0.13615862,-0.06651953,0.36937797,-1.6929848,-0.839503,0.2962748,-0.018407622,-0.112445496,-0.27745202,-0.045650296,-0.038077284,-0.0013161562,-0.93401885,0.24130474,CUST11693,0.10192292,Low
0.7488327,-0.0763566,0.035057593,-0.17672954,0.2879634,0.24712725,-0.03410105,-0.714865,0.776775,2.2902653,0.46579808,0.82934624,0.14726351,-0.0057993266,0.20058604,0.06794674,-0.06437599,0.013061514,-0.010404389,0.11033864,-0.60333,CUST11694,0.9888953,High
-0.74847835,-0.6502364,-0.6270909,-1.1685205,-0.048644654,-0.43232635,-0.22964196,-0.23797815,-1.8564196,-0.47926372,-0.88846415,-2.323644,-0.34791633,0.016150476,0.37486178,-0.017916802,0.05704581,0.070142604,-0.0011349954,0.3038341,0.097108655,CUST11695,0.000102687474,Low
-0.17148222,-0.8017942,-0.1906498,-0.1272667,-0.04906097,0.04877957,-0.48551026,0.02331744,-2.08141,-0.8465761,-0.96728903,-1.1168467,-0.37307248,-0.27952334,-0.07268176,-0.120201156,0.11187322,0.07590283,-0.0076943855,0.45861664,-0.11331215,CUST11696,0.00079922413,Low
0.02243613,1.6070389,-0.06507665,0.4526678,0.34319136,-0.046083372,-0.0015253313,0.3058945,0.50452054,-0.36776462,0.357382,2.3693697,1.05305,0.13740692,0.17569801,-0.17033336,0.017326849,0.17160174,0.005849347,-0.6714726,0.024109315,CUST11697,0.9979341,High
-0.8416997,-0.03132783,0.47263378,-0.36727569,-0.03277339,-0.0889374,-0.52089345,0.430712,-2.188917,-1.7834511,0.7112453,-0.63201207,-0.47326368,-0.20274612,0.29570273,-0.0385842,-0.10842021,0.019103592,-0.0123100495,-0.1190799,-0.18923141,CUST11698,0.0031831115,Low
-0.8065854,-1.1407068,-0.3344183,-0.5660798,0.18748008,-0.43170404,-0.34398234,0.0068565905,-0.89787495,-2.0231032,-0.5012435,-0.7758552,0.25668275,0.24938744,-0.08476418,-0.20788802,-0.08258331,0.013210972,0.0044803033,-0.057511605,0.14394546,CUST11699,0.0005884436,Low
1.1299888,-1.5407282,-0.38702303,-0.8827703,-0.043602582,0.5225254,-0.6751196,-0.49943972,-0.9367055,-0.50405544,-0.08346635,-0.61563677,-0.38224944,0.0741458,0.14285357,-0.33754775,-0.090983644,-0.19279635,-0.017209362,0.22318602,-0.1281054,CUST11700,0.0051176706,Low
1.2329274,0.6137579,0.26087686,0.6874947,-0.079176284,0.1503556,0.19244465,0.24798667,-0.41397077,1.3814412,0.90300876,0.6061179,-0.34658334,0.3526632,-0.92784745,-0.028296432,-0.022876317,-0.07088932,0.004275441,0.32783404,0.020678468,CUST11701,0.9936127,High
0.2238189,1.2284794,-0.17044888,-0.21958654,-0.069257155,-0.21378833,0.16053624,0.10005821,0.51402026,2.5000012,0.5218544,1.12063,-0.5126864,-0.25998014,0.19017737,-0.036110885,0.010388132,0.092175625,-0.02128606,-0.32119957,-0.023743976,CUST11702,0.9915815,High
0.02105223,0.65478235,-0.0043672537,-0.4681393,0.33939967,0.16911155,0.15501231,0.054466076,-0.5494618,0.5271547,0.45223886,-0.35478318,1.1547121,-0.32224298,0.07983374,0.15895255,0.0012287584,0.11423546,-0.00061081257,0.06582293,0.27836582,CUST11703,0.9228406,High
-0.82839495,0.4702531,-0.12835276,-0.2765367,-0.0320726,-0.052455667,0.29491943,0.16006298,-2.3398113,-1.9673824,0.2657693,-1.8525735,-0.4507826,0.20764787,-0.033668965,0.122088276,0.00947022,-0.088822536,-0.006971447,-0.08781712,-0.1463006,CUST11704,0.0011048744,Low
0.17019567,1.22081,0.16324103,0.11303308,-0.044031695,-0.065260015,0.20611289,0.21883926,0.76746607,1.0212044,0.54630804,1.2266972,-0.34785166,0.28272405,-0.12776378,0.2215078,0.01063736,-0.43583494,-0.0016153047,0.6705034,-0.0077570714,CUST11705,0.9968713,High
-1.2888314,-0.8648338,-0.4511288,-0.06263411,-0.06601683,-0.6341567,0.10698889,0.18751475,0.12370384,-1.6084154,-1.1599048,0.29056695,-0.281334,0.19396487,-0.27508911,-0.1966331,-0.0055337916,0.22603442,-0.013201769,-0.09402838,-0.022076748,CUST11706,0.002624527,Low
1.346025,0.44707218,-0.16249646,-0.24775088,0.3696072,0.51521665,0.037266254,0.24273978,0.104869366,0.7891716,-0.7405577,-0.44377622,0.40839684,-0.21849187,0.14291246,0.059976343,-0.056055725,-0.27579695,-0.026249712,0.38556817,0.20276469,CUST11707,0.9445501,High
-0.5459445,1.3808509,-0.4413937,0.38811693,-0.03886356,-0.1866827,-0.04829347,-0.944773,0.45984942,-1.3129407,-0.19414783,-2.8440788,0.5708963,-0.24994366,0.051770102,0.24768788,0.012390407,-0.33157524,-0.011846343,-0.117417276,-0.50748706,CUST11708,0.008933187,Low
0.06076861,0.6196744,1.0547647,-0.76541966,-0.026654288,-0.10512893,0.037684526,0.32210797,0.32612517,-1.2869762,0.8704979,-0.14206143,-0.43299004,0.24388908,0.1952338,0.5041489,0.02520899,0.15918824,0.013484633,-0.25054723,0.06097601,CUST11709,0.80826765,High
-0.6352344,-0.8129221,-0.15282941,-1.0534718,-0.114936695,-0.5920006,-0.28285757,0.25349846,0.1661503,-0.33938333,-0.55162,-2.6235323,0.42261273,0.15080532,-0.6285428,0.5583984,0.046720758,-0.104900934,-0.0054800543,-0.07856612,-0.12153037,CUST11710,0.0014355021,Low
0.09129875,0.2678075,-0.28088674,-0.38692707,-0.107596084,0.548544,-0.31296852,-0.41611633,0.51838,-0.6650867,-0.4972584,-2.2167022,-0.5262914,0.14285691,-0.29291284,-0.1554698,-0.077723704,-0.3444788,-0.0049777036,-0.45203942,0.0052675894,CUST11711,0.0054403148,Low
0.060333386,1.7047447,0.67032444,-0.3618514,0.48261264,0.1671017,0.08565394,0.41364378,0.17051022,0.58877784,0.21609476,-1.9939528,0.9918527,0.09383305,0.09887388,0.17770909,0.08938869,0.069898136,0.006337569,0.3240624,-0.04698546,CUST11712,0.9813628,High
0.9718417,1.2294971,-0.05892957,0.2768282,-0.07086581,0.10007838,-0.058524318,0.102540165,-0.047669876,0.35840034,0.34603116,2.1400774,-0.55011076,0.18209496,0.0832705,-0.35490924,-0.01987992,-0.006018993,0.005211141,-0.56003344,0.10560903,CUST11713,0.9841616,High
0.22357354,-1.3292518,-0.24635448,-1.5497632,-0.07174354,-0.11469236,-0.5614196,0.22844598,-0.7323561,-0.44567978,-0.987647,-1.2884853,-0.31388545,0.27272797,-0.1166682,-0.2641555,0.1046358,-0.24091923,-0.0148474965,0.18636467,0.037174135,CUST11714,0.0006955373,Low
0.06421244,-1.0945185,-0.19844481,-0.34366363,-0.03342527,-0.352687,0.016623111,-0.560332,-0.17231332,-1.3643165,0.41050488,-0.85072374,-0.34073192,0.022090683,0.09746771,0.35551566,0.23455012,-0.08456214,0.023993667,0.08170165,0.074902944,CUST11715,0.016967582,Low
-0.7501579,-1.0793298,0.42244628,-1.5226684,-0.09164067,-0.21088244,-0.49878696,0.5226971,-0.8158012,-0.23253703,-1.094263,-2.364748,-0.4916587,0.19031672,0.42106974,-0.08706021,-0.10616033,0.16990449,-0.022448018,-0.090625875,-0.2546214,CUST11716,0.00032474747,Low
-1.23688,-0.81039244,0.51360494,0.16111307,-0.048109345,-0.3477353,-0.27454603,0.3770714,0.27479893,-1.5696056,-0.6906143,0.2910733,-0.43551522,0.010483105,0.49401945,0.05904794,0.061370432,0.12808819,0.0021812338,-0.11452467,-0.08948033,CUST11717,0.03592507,Low
1.133779,0.46839824,0.46004418,0.43809584,-0.059520323,0.27702776,0.08788647,0.17219326,0.14494413,0.5038085,0.3981525,1.0243262,-0.44436577,-0.14244676,0.1313706,0.3256855,-0.030813362,0.14262965,-0.0054972414,0.55175745,0.08623985,CUST11718,0.9963831,High
-0.24801402,-0.69606304,-0.22172414,-1.3895833,-0.046135366,-0.23626749,0.024892846,0.04321831,-2.1716146,-0.9639256,-0.70793927,-2.2138565,-0.63732576,-0.5278728,-0.13746554,-0.23126169,-0.12932117,0.09140643,0.01333902,-0.11814715,-0.027329098,CUST11719,2.5516141e-05,Low
1.4084084,0.5170559,-0.39650407,-0.32818732,-0.054156452,0.712253,-0.00068954343,-1.0842576,-0.58951676,0.89698523,0.15919733,0.4617184,0.42376864,0.04089605,0.1434145,0.37840322,-0.0046459525,-0.14518146,-0.020530721,0.11241492,0.111571305,CUST11720,0.93686324,High
0.2179963,0.4189869,0.050816204,0.23441605,0.48851112,0.16253494,-0.37410173,0.09908225,0.31496832,1.3698417,0.37917215,1.434201,0.26532304,0.12929386,-0.0010012654,0.19395758,-0.0022984992,0.116810985,-0.0075430265,-0.28308287,0.11871245,CUST11721,0.9949405,High
-1.264425,1.8984399,-0.041693408,0.61770326,-0.052674882,-0.20534217,-0.17637259,0.005636658,0.071962,-2.3547978,-0.1656306,2.3278885,0.436018,0.09641549,-0.0101838065,-0.09026219,-0.003163698,-0.30374488,0.01584128,-0.040357664,-0.06939372,CUST11722,0.65626204,High
-0.84796935,-0.6484478,-0.19563709,-0.36050367,-0.034586076,-0.09651776,0.0073767533,0.041707173,-0.14573985,-1.529688,-0.13735029,-2.793551,-0.40302384,-0.037869025,-0.28865615,-0.16137387,0.095599346,0.083736904,0.009859301,-0.19901298,-0.13651894,CUST11723,0.00040011914,Low
0.17060745,1.373565,-0.1552879,-0.4604635,-0.07250411,-0.092565164,0.18245292,-0.030888788,-0.049598057,0.28877926,0.11624463,-3.0073302,-0.6613759,-0.38375705,0.15089786,0.028844357,-0.0062257126,0.05515454,-0.008156379,-0.28120697,-0.5524257,CUST11724,0.03105586,Low
-0.23513076,0.8592782,-0.43168265,-0.11181998,-0.018893825,0.09642559,0.30947345,-1.0456249,-0.70650715,-2.0754683,0.08696936,-0.32789072,-0.5069428,0.20301053,-0.019233566,0.096483245,-0.035482407,-0.01607095,-0.0070235315,0.4779941,-0.02618927,CUST11725,0.029900964,Low
0.17537794,0.8416185,0.2735556,0.6174072,-0.03922463,0.3269384,0.16430861,0.37470025,0.06843044,2.1133556,0.50605524,0.65988386,-0.6361517,-0.57736605,0.012279271,0.118883945,-0.0064568757,0.10540613,-0.0058880774,0.31044573,0.0025631655,CUST11726,0.99532545,High
-1.5670767,0.13562042,0.28920013,-0.6753021,-0.05766609,-1.3622965,0.09767221,-0.044760592,0.13012291,-0.6725837,0.3725883,1.7463108,-0.41925365,0.12024359,-0.14688562,0.043645583,-0.03718199,0.032683898,-0.010776503,0.0022373353,-0.8812794,CUST11727,0.049740285,Low
-1.3034688,0.19553116,0.6855734,0.052920826,-0.08299765,-0.8695696,-0.021151733,0.26338196,0.49354658,-0.5423993,0.27476797,-1.5777181,-0.525539,0.128436,0.47329238,-0.032733224,-0.062564336,-0.051108133,-0.00032126904,0.42648378,0.090723336,CUST11728,0.11607909,Low
-0.110820144,-0.6822565,-0.83190167,-1.6559715,-0.06216196,-0.06547609,-0.19744402,-0.70557153,-2.3440893,0.37745,-0.099807896,0.30440527,-0.4982738,-0.64998716,0.34728083,0.06987893,0.08079981,0.004579438,-0.001644453,-0.0029915774,-0.38098145,CUST11729,0.0007841162,Low
-0.09389113,-0.61688954,-0.7552496,0.24424867,-0.046118345,-0.1526507,-0.23612155,-0.6589536,0.5131023,-1.0622638,-0.9408814,-2.3698611,0.5667709,0.1010649,0.34796327,-0.21736565,-0.015189903,0.004697479,-0.011195699,0.27337718,0.11485655,CUST11730,0.0063323234,Low
-0.68524307,-0.03082025,-0.8699396,0.23909947,-0.05887365,-0.0557625,0.19369695,-0.61544245,0.2697754,-1.6826015,-0.63740826,-1.9234514,-0.6047815,-0.39285633,0.22459194,0.37403664,-0.028231943,-0.013963579,-0.009963859,-0.039288793,0.1937999,CUST11731,0.0020277288,Low
0.06386069,-0.607269,-0.23423912,0.7168898,0.28089768,0.043996852,-0.23873308,-1.1447755,0.032933548,2.4195182,1.5621426,0.44515774,0.15697187,0.2224674,0.5784878,-0.29979283,-0.04541999,0.027992986,0.009738781,-0.01624285,0.23330824,CUST11732,0.98467326,High
0.20750982,0.5223047,0.5047151,0.26403776,0.28599393,-0.01816618,-0.32995227,0.17070416,0.10737845,2.089754,1.5090454,1.4669712,0.7624868,0.1684629,0.057165205,0.035783812,0.02321943,0.038818307,0.008725597,-0.1969412,0.077576965,CUST11733,0.9995521,High
1.1735636,0.06537928,-0.044180084,-0.2662021,-0.07465029,0.17521167,0.012057167,-0.14295864,0.27322027,-0.63212687,-1.1664909,-1.765188,-0.49973115,-0.08283044,0.06897692,0.20735264,-0.022482892,-0.14877097,-0.0018950147,-0.68127716,0.026879963,CUST11734,0.027349554,Low
-0.04444276,-1.2283958,-0.28270447,-0.9602654,-0.025582433,-0.12356807,-0.14431092,-0.7886046,-2.5398052,-1.7137548,0.13315973,-0.23509565,0.302672,0.10523185,0.026212944,-0.029881468,-0.13710381,0.07711402,-0.0036329608,0.02364887,0.21667986,CUST11735,0.00060021935,Low
-0.08390893,0.16908225,-0.8265105,-0.34264302,-0.060800593,0.29986626,-0.20475505,-0.4412524,0.50911814,-0.45374113,0.04130058,-3.1793432,-0.46652922,0.08476066,0.38528907,0.009994101,-0.037969142,0.0019708355,-0.0035452545,-0.015878206,0.18624683,CUST11736,0.011268252,Low
-0.023856884,1.2988213,0.042341735,0.40741187,-0.0746276,-0.12894951,0.16684833,0.3697594,0.43590212,0.69528997,-1.1747772,0.66744137,0.36166358,-0.21237843,0.06178058,0.056948747,-0.033953704,0.22351967,0.0052079223,-0.15705368,0.041364104,CUST11737,0.951824,High
0.09988055,0.4693339,0.009513258,0.3585165,-0.07748672,0.14947058,0.08814833,-0.42160052,0.23518585,1.2590371,0.37831146,1.0715631,-0.2535532,0.23348935,0.20739529,0.058176517,-0.049338132,0.099293426,-0.006760132,0.0886498,0.20479307,CUST11738,0.9845844,High
0.16368754,0.98617494,0.43358102,0.42054632,0.3692522,0.022244247,0.19516546,0.2825195,0.23843692,0.678816,0.96430343,0.983197,0.3822999,0.18204251,-0.35723156,0.11123946,0.007185461,0.030651025,-0.003205936,0.60849303,-0.0073381932,CUST11739,0.9987036,High
-0.19809957,0.4194895,-0.23826773,0.016332155,-0.11613697,0.0987655,-0.12383961,0.01264732,0.22071718,-0.52344465,-1.7016588,1.1180941,-0.43669507,0.00411542,-1.044122,-0.16290256,-0.058728155,0.15424377,0.00454122,-0.09163045,0.097814605,CUST11740,0.06952892,Low
-0.10834656,0.18944898,-0.12289134,-0.7338022,-0.093135655,-0.029596988,-0.6618488,0.21783951,0.5681761,0.12010029,-1.3684256,0.35262743,0.45308155,-0.2248582,0.11417209,-0.17807473,-0.08648073,-0.20648879,-0.012585042,0.1385808,0.269468,CUST11741,0.19027542,Low
1.031441,1.185834,-0.9426083,-0.037356347,-0.08348275,0.6613929,-0.0045697144,-1.3173887,0.4581527,0.11541695,-0.895229,-2.086959,0.26980576,-0.051419765,0.16832836,0.08611719,-0.04337506,-0.016095065,-0.013409476,-0.8123134,0.016813802,CUST11742,0.08658332,Low
-0.7833519,1.4025656,-0.19178014,-0.25335073,-0.056248926,-0.2325169,0.44501793,0.23354585,0.17724653,-0.60612667,-0.0969827,-3.4217,-0.5444762,0.18207169,-0.24640037,0.020847183,0.017415337,0.16520113,0.023210146,0.21762812,-0.052739203,CUST11743,0.02542901,Low
-0.07137811,-1.2773302,-0.062551394,0.43805003,-0.048048515,-0.27626854,0.1787632,-0.5177593,0.012957473,-0.7024972,0.5660689,-1.0759938,0.24978946,-0.110358685,-0.13075686,-0.14981039,0.21612974,-0.03946032,0.020286297,0.47901714,-0.43899438,CUST11744,0.05812222,Low
0.28315347,0.061389115,0.36317956,0.4188069,-0.09254946,-0.17329083,0.12593795,0.24785946,0.21654591,1.2592318,-1.538863,0.7656631,-0.38729748,-0.11268644,0.19735458,-0.04701289,0.021584576,0.072878174,0.010634059,0.021477945,-0.15729044,CUST11745,0.8192868,High
-1.0056846,0.13444215,-0.17583399,-0.22579823,-0.06455964,-0.3691682,-0.15051958,0.040363483,-2.0343795,-1.9592578,-1.3341165,0.31316867,-0.517533,0.09935146,-0.24037412,-0.22313535,0.049161576,-0.010175788,-0.015545679,-0.35645646,-0.027555672,CUST11746,0.00029780055,Low
-0.047110606,-1.5946566,0.5687588,-0.7701227,-0.06802242,-0.38192713,-0.36749682,0.19847092,-2.3563027,-0.8461268,1.4471021,0.48210192,0.2620821,0.28120786,0.018416263,-0.16188304,-0.15969591,0.08186026,-0.011063773,0.31910023,-0.48190182,CUST11747,0.025771074,Low
0.18724802,1.2303059,0.19693194,0.16086707,-0.04491588,-0.05678897,0.12912655,-0.5437999,0.38531932,0.65050876,0.84873104,2.4536304,0.2549805,-0.4009719,0.14554997,-0.14045836,-0.021333894,-0.44242838,-0.0076410333,0.6168108,0.18328115,CUST11748,0.99679476,High
-0.11401073,0.112704486,-0.33516297,-0.0112094935,-0.12312253,-0.48492166,-0.21521538,-0.3729817,0.3829539,-0.55782104,-2.0102248,0.5228122,-0.48641768,-0.130625,-0.40098733,0.25563407,-0.09257088,-0.03244027,0.000819996,-0.038324334,0.036062047,CUST11749,0.015669707,Low
-0.09109926,0.2241873,-0.5517679,0.1498278,-0.090044275,0.12847042,-0.6286411,0.067678176,0.25408915,0.5640737,-1.3364555,0.5312269,-0.43539765,-0.43845445,0.30606335,-0.21762365,-0.12499735,-0.3743629,-0.0017904248,0.0061342726,-0.86153024,CUST11750,0.049004503,Low
-0.10786369,0.13710946,-0.28307194,-0.57069594,-0.056517288,-0.20161968,-0.20028841,0.19116506,-1.6964939,-0.4839046,0.2014109,-2.4153476,-0.5025504,0.18165275,-0.1715819,-0.02057278,-0.02441311,0.120405965,-0.005323415,0.1769799,0.08118584,CUST11751,0.003349731,Low
-1.1675347,-0.387818,-0.21217144,-0.037588067,-0.076141044,-1.0007446,0.18547292,-0.57745314,0.3851844,-0.7332208,0.15650092,1.1113995,-0.38692108,0.16240184,-0.17743742,0.20166127,-0.08094878,0.03367359,-0.023621676,0.13367237,0.045501374,CUST11752,0.076469235,Low
-1.1610928,0.23682699,-0.10317474,-0.3671912,-0.09358047,-0.7768214,0.19580433,0.103723526,-0.037797052,-0.7128235,0.28825977,1.5772687,-0.52279425,-0.031999305,-1.3284813,-0.1670486,0.009246288,-0.21439643,-0.014911806,-0.026014872,-0.021438802,CUST11753,0.038656447,Low
-0.030897507,0.51655763,0.34182805,0.36666742,-0.065991506,0.103279166,-0.08446657,0.13440284,0.1307737,2.4032907,0.25391483,1.9101602,-0.4795356,-0.18043604,0.023223465,-0.19400415,0.024320692,0.042883832,-0.0031764212,0.07801964,0.051338352,CUST11754,0.9950181,High
0.23519,-0.044480532,0.5311276,0.4099317,-0.09367369,0.28569987,0.15669437,0.13870455,0.38252902,2.1339076,-0.06903261,-2.3618677,0.43009073,-0.02369555,0.25050962,0.027812878,-0.04040913,-0.025040166,-0.0109651415,0.140613,-0.0067487527,CUST11755,0.91695803,High
0.077204816,-0.6235511,-0.038385153,0.16700822,-0.09320002,0.079161555,-0.2002761,0.0049371407,0.34449428,-0.4959244,-0.10338588,-3.1819918,-0.33349946,0.22422166,-0.17842843,0.41290328,-0.039298113,-0.22390488,-0.017933045,0.44789568,-0.41781583,CUST11756,0.014273813,Low
-0.08528135,-0.2533189,0.46579129,0.58695406,-0.067539476,-0.58242077,-0.6516285,0.0822863,0.2716649,1.845928,0.675136,0.5659602,0.21595378,-0.09841737,-0.1563982,-0.4812048,0.025993168,0.12777051,0.0057443357,0.15068401,-0.33470097,CUST11757,0.90583205,High
-0.6556352,1.8444026,0.8152551,-0.16631778,-0.071658075,-0.08885754,-0.1792682,0.32470432,0.34392533,-0.50545675,0.94016165,-1.394157,-0.6128015,0.17840596,0.17927845,0.10257748,0.07329121,0.16716039,0.011739995,0.06913607,-0.1015419,CUST11758,0.77367216,High
1.0481613,-0.79086083,0.12850602,0.34007192,-0.051965613,0.16507192,-0.021365859,0.15347533,0.30255914,2.627036,-0.12864742,0.56296957,-0.16520987,0.19397162,0.09608749,-0.024290182,-0.04742694,0.06269975,-0.010205587,0.10938892,-0.7501555,CUST11759,0.9771277,High
-0.3212844,0.13500427,-0.27058855,-1.5016125,-0.07556819,-0.32823423,-0.2481768,-0.021394966,-2.0290973,-0.32683095,-0.807143,-2.546665,-0.7128497,-0.55828077,-0.49515587,0.22124855,-0.027510732,-0.11052841,-0.009549711,0.4700586,-0.024988417,CUST11760,6.5438675e-05,Low
-0.82679605,-0.6660552,-0.17005603,0.02678287,-0.062677346,-0.72541505,-0.0862223,-0.98196167,0.51860774,1.4205596,1.2903649,2.0420663,-0.27194497,0.10297268,0.28591555,0.03075037,-0.09766601,0.041023303,-0.021345096,0.5591836,0.21127087,CUST11761,0.9291811,High
0.004852258,1.101888,0.0997961,0.15620302,0.28414688,0.27561644,0.1735677,-0.6973851,0.4822279,0.58669657,0.57440215,1.1850317,0.8872954,-0.10131634,0.20875998,0.0034792058,0.03988992,-0.039519172,-0.013778025,0.54498583,0.07338242,CUST11762,0.9969362,High
0.18428631,0.75361586,0.5669836,-0.534669,0.37836745,0.03038365,-0.24718635,0.32051718,-0.20283805,1.927838,0.61908954,0.66740686,0.8571001,-0.3373972,0.016199777,0.2086265,0.07686395,0.023260824,0.011029122,0.32872146,0.109809406,CUST11763,0.99670756,High
-0.038371928,1.4165648,0.09142285,0.15640777,-0.040756166,-0.3883968,0.0025543906,-0.002463363,0.31179717,1.9072069,-0.00061356183,2.2815545,0.34280995,-0.22384931,0.24274704,-0.36945066,0.010643322,0.06849131,0.009135409,0.232918,0.28353712,CUST11764,0.9980708,High
-0.030912654,1.2348878,0.008159734,-0.087019175,0.5591829,-0.2385407,-0.13766727,0.27784753,0.5992083,0.32290968,-0.8077532,0.66352475,0.6219191,-0.13617148,-0.26273873,0.11766691,0.00027982122,0.20759684,0.00095406827,-0.36025235,0.35937878,CUST11765,0.946205,High
-0.79369575,-1.2318951,-0.18336971,0.0036745854,-0.058324996,0.13807066,-0.09076525,-0.12182008,0.82901824,-1.5013045,-0.52527905,-2.2853024,-0.26427886,0.029899258,-0.15666439,-0.22473088,0.08104353,0.02963817,0.025028244,-0.5202478,0.37670645,CUST11766,0.0015165753,Low
-0.93987477,-0.74590206,-0.14849387,0.41167206,0.24754639,-0.37073737,-0.21532065,-0.07542409,0.0067537623,-2.0141096,-0.48352548,-0.65150005,0.7403672,-0.004033261,-0.01560512,0.48688102,-0.13139375,-0.29434723,-0.043736704,-0.23855172,-0.63594806,CUST11767,0.0057062563,Low
0.004220158,-1.0620795,0.05066573,-0.17365764,-0.06479067,0.15653871,-0.06086639,0.16454507,0.120065585,0.50839,0.52175653,-1.1169413,-0.38401082,-0.55655473,0.2187746,-0.17089173,-0.09678107,0.10508418,-0.071637444,0.095639534,-0.024820745,CUST11768,0.13209814,Low
0.13404056,-0.79305226,-0.87384623,-1.6396157,0.33425206,-0.18554753,0.05343762,-1.2668728,-0.13978696,-0.38601446,-0.48624733,-2.3774114,0.3638871,0.11559184,0.08731626,-0.21189632,0.19324325,0.033335347,0.020834103,0.0960948,0.17285658,CUST11769,0.0011118863,Low
-0.13301525,0.11223997,-0.38403425,0.43575102,-0.08921502,-0.021418951,0.008844365,0.2689427,0.287994,-0.53907883,-1.2690562,0.5972196,-0.66291326,-0.6805102,-0.4796981,0.084569365,0.022169748,-0.19019462,-0.027704904,0.4542554,0.052718677,CUST11770,0.099991605,Low
1.8386346,0.10536001,-0.049580116,-0.41692975,-0.038732186,0.11227016,0.1609295,0.41195133,-1.0305473,-0.552212,0.15861252,0.7404265,-0.34841,0.19608484,0.10639488,0.39779624,0.037027527,0.0528027,-0.00640426,-0.16814616,0.2686479,CUST11771,0.87333745,High
0.21292143,-0.5626478,0.091181666,0.10746327,-0.10933125,-0.054373596,-0.023797337,0.2428905,0.34143305,1.7194475,-0.8218396,-3.9730923,-0.5751699,-0.48432434,-0.3857943,0.13625614,-0.06596851,-0.022271965,-0.029851073,-0.53938323,-0.10880714,CUST11772,0.007031907,Low
1.2220124,-1.3115457,-0.37216377,-1.0240984,-0.053524017,0.42651752,0.25592571,0.2368951,-0.8737879,-0.52554935,-0.94823676,-0.4362169,-0.4250884,0.04856775,0.005648205,0.03294503,0.007078409,0.122129284,0.00021913741,0.45835975,-0.037491605,CUST11773,0.03781191,Low
0.21278396,1.4423476,0.1878946,0.20837054,0.31826386,-0.29634863,0.25452796,0.37694404,0.2634159,2.4143205,0.059050296,-1.1419648,0.58165824,-0.005276055,0.27309477,0.012107912,0.021637186,0.1325261,0.0024695974,0.12319306,-0.046958394,CUST11774,0.995269,High
0.22918019,-1.4809138,-0.06334519,-1.2237761,-0.090251155,-0.25447658,-0.44362748,-0.042670976,-0.61274755,0.96081585,-0.93264574,-2.5369368,-0.31601313,-0.17574535,0.37864032,-0.09840832,0.22657648,0.016661111,0.042720154,-0.17678025,-0.29264063,CUST11775,0.000975514,Low
-0.083188586,0.33086482,-0.04962267,-0.10966168,-0.06539059,0.22384495,0.028502842,0.2489602,0.7947956,-0.6774014,-0.90233,-1.0448674,-0.41861257,-0.28098094,0.34036312,0.029175475,-0.04538168,0.075203165,-0.014991051,-0.44285262,0.36036724,CUST11776,0.14825085,Low
0.16078421,1.1555936,0.47757488,-0.544674,-0.08135973,0.09201195,0.06029922,0.34738466,-0.7359386,0.83107924,-0.68896735,-2.1602736,-0.716319,-0.43401623,0.2457208,-0.14902191,0.0120465895,-0.40124378,-0.0128725,-0.4666414,0.037058376,CUST11777,0.046665736,Low
0.16749457,0.43850604,0.202448,-0.33843932,-0.06347542,0.51529044,0.23466551,0.13360995,-0.25143042,-1.8302485,0.31780824,-1.8855262,0.64592725,0.06166371,-0.50444967,0.09206687,0.016613394,0.021293191,0.003080809,-0.53452516,-0.13703606,CUST11778,0.060662694,Low
-0.7530081,-1.1133366,-0.0667572,-0.23621364,-0.057261497,-0.27566725,0.2896318,0.22459692,-1.7220788,-1.1239874,-0.8780192,-1.6184461,-0.350823,-0.20964085,-0.25055286,-0.023764204,0.15758331,0.08304091,0.017122632,-0.30785725,-0.38133398,CUST11779,0.00017650986,Low
-0.12408451,0.09982957,-0.4842667,0.3892587,-0.09834071,-0.29515323,-0.073653884,-0.7285233,0.16288076,-0.54387766,-0.1518672,-2.5628893,0.45378312,-0.1619314,-0.32565743,0.087945126,-0.03389762,0.08431882,-0.0143599715,0.40747198,-0.4272252,CUST11780,0.01230435,Low
-1.0413889,0.13599244,-0.44502515,-0.48371303,0.52244604,-0.51124954,-0.08298032,-0.52030045,0.35902995,-0.8384549,-1.4056711,-0.7724934,0.83186185,-0.0014761575,-0.34372467,0.41289556,0.019824142,-0.07020585,0.00097172987,-0.23306774,0.3051973,CUST11781,0.014676585,Low
-1.1521325,-1.0217252,-0.16919906,-1.0357624,-0.046778057,-0.9805333,-0.06461636,0.010655435,0.8347744,-1.4844493,0.21967776,-0.71716636,-0.23829676,-0.37675035,-0.32448545,-0.14006594,-0.0685613,0.04629218,-0.00100579,0.014480896,0.052016534,CUST11782,0.0012432116,Low
0.926369,-0.5085914,0.3731987,0.52125835,-0.04154333,0.30740258,0.05588224,0.15311347,-0.09325946,2.227425,0.492031,1.9297132,-0.35988617,-0.3080272,0.3376715,0.0843136,-0.013514013,-0.32252216,0.0017462722,0.12656285,-0.006533158,CUST11783,0.9970927,High
-0.77444875,-1.4124463,0.64190626,-0.6725786,-0.041336805,-0.043444354,0.044925902,0.30069378,-2.0309002,-0.6002936,0.4898322,-0.6172975,0.26054025,0.11278681,0.3948657,-0.15858763,-0.08277847,0.03786519,-0.0030702036,0.00054927694,-0.11998026,CUST11784,0.013146296,Low
-0.20533408,-0.2347574,0.21893445,0.17377192,-0.07290828,-0.42438182,-0.68268985,-0.66413915,0.11445773,1.5718575,-1.3497945,0.41576236,0.20793915,-0.49098346,0.24314146,-0.13148256,0.02028428,0.066275336,-0.001220759,0.074015625,0.045084134,CUST11785,0.24024265,Low
0.2492844,1.2260593,0.00944135,0.32711363,-0.07341863,0.23564313,0.18377821,0.13524313,0.2986275,2.2447183,0.034289215,1.0697563,-0.5100681,0.11548394,-0.0047361287,-0.012563577,-0.012272237,0.04869322,0.006229841,-0.9520057,-0.015825044,CUST11786,0.9896288,High
-0.7577905,-1.0610238,-0.16746245,-1.1233927,-0.05321032,-0.024763852,-0.6404045,-0.11966702,-0.60589117,-0.8909542,-0.6303522,-2.6802008,0.625094,0.008155006,-0.20112678,-0.23018827,-0.109327935,0.04276123,-0.024000121,0.08945815,-0.051707085,CUST11787,0.00017488952,Low
0.22237109,0.4162226,-0.18389529,0.02735624,-0.045586813,-0.14294761,0.039026156,-0.7935803,0.33913743,2.6258748,-0.032029256,0.641285,-0.34407264,0.45418942,0.038674142,-0.10243912,-0.038903914,-0.5614549,-0.005603147,0.72143835,0.078430444,CUST11788,0.9647128,High
-0.74978256,0.18625703,-0.12707359,-0.2631899,-0.05889506,-0.036392823,0.17938486,0.17030202,-1.824286,-2.361474,-1.425811,0.80926305,-0.5282591,0.101131566,-0.080620944,-0.30002794,0.0006170123,-0.018030824,-0.012490118,-0.24682133,-0.11289006,CUST11789,0.001176218,Low
-0.5744621,-0.7359319,-0.16408476,-1.1737466,-0.028625429,-0.26304978,-0.11928729,-0.6262571,-1.923391,-1.131545,0.067253344,-2.2685556,-0.41757008,-0.26355487,0.21390426,-0.02734209,0.08691536,0.03525716,-0.004482193,0.085152276,0.14713056,CUST11790,0.00010819617,Low
-0.95803106,-0.03320632,-0.3399342,0.20248719,-0.07277051,-0.07796749,-0.15276404,-0.7543257,0.30138215,-1.75383,-1.0625328,0.49285528,0.612357,-0.22748546,-0.27557024,0.4797878,-0.06934164,-0.25346297,0.014222845,-0.054528292,-0.06675834,CUST11791,0.016389329,Low
-0.65191925,1.1280733,-0.28355944,0.35583046,-0.036198486,-0.06026408,0.2197145,-0.79328346,0.34380445,-1.2645503,-0.71705663,-2.4046924,-0.7194275,-0.51893026,0.2227338,-0.13112625,-0.0046591116,-0.09885178,-0.020074774,-0.11060049,0.20188202,CUST11792,0.004548784,Low
-0.65364206,-1.3000652,-0.367066,-0.42812264,-0.0792961,-0.49657404,-0.21379176,0.22329837,-0.49578336,-0.75421894,-0.7417815,0.4989186,-0.25508893,0.16925517,-0.04595627,-0.21714352,-0.0288258,-0.12981248,0.0016521923,-0.2544439,-0.43119213,CUST11793,0.0023644015,Low
-0.02486803,1.1896397,0.17496355,-0.28012088,0.34740388,-0.45875785,0.0066704256,0.109229825,0.30367962,2.0178754,0.51328003,2.457335,0.26027697,-0.34194762,-1.1560895,0.575758,0.018417424,0.12719913,0.00041088066,0.20507324,0.043402553,CUST11794,0.99763274,High
-0.11780398,0.07097008,-0.3695855,0.3394908,0.31755236,-0.27361318,-0.10201525,-0.8647391,0.07514163,-0.66728246,-1.2236462,-0.9648877,0.49941605,-0.07948371,0.41733244,0.21210143,-0.067189135,-0.013386643,-0.00040767156,-0.12430234,-0.06752335,CUST11795,0.04525878,Low
0.20302711,-1.0238261,-0.18667899,-1.8130487,-0.11308621,-0.009099821,-0.66514486,-0.026177006,-0.7554045,0.3142128,0.023696756,-3.122921,-0.22054785,0.13318713,-1.0405127,-0.29114226,0.036726374,0.04832332,-0.0022092802,0.39966667,0.044463575,CUST11796,0.00029992443,Low
0.022386985,-1.6252433,-0.04642398,0.62850666,-0.053061664,-0.15730236,-0.16280678,0.11897732,-0.89242953,-0.96556646,0.34054375,1.2151703,0.27677873,-0.34114453,-0.1357069,-0.15235431,-0.07785097,0.09041393,-0.04892146,-0.41050565,0.22981153,CUST11797,0.10047933,Low
1.1884003,0.4185585,-0.22542545,0.07974494,-0.07415871,0.3171399,0.06157438,0.07276218,0.25511464,2.4200277,-0.49178776,1.8471453,0.38869452,0.22506225,0.07053008,-0.053782195,0.036822587,0.11373985,0.001462847,0.08629019,0.1646721,CUST11798,0.99894947,High
-0.15508069,0.10666438,-0.33560315,-0.8834356,0.11582049,-0.018517911,-0.16089174,-1.3306901,-1.6207792,-1.861697,-0.42007056,-0.6742967,0.45837212,-0.001133821,-0.0011810089,0.013744058,-0.00044639694,0.19508131,0.0024077138,-0.17192481,-0.08238496,CUST11799,0.0010361237,Low
-0.2614998,-0.8829888,-0.070887275,-0.9605791,-0.050079945,-0.11428259,0.26746023,0.03251224,-1.9104508,-1.2109641,-0.113148816,-2.2222488,-0.48132184,-0.12676145,-0.22840595,-0.11097428,-0.1281581,0.03381508,0.00764453,-0.43997094,-0.19467068,CUST11800,9.9909645e-05,Low
0.029353857,0.43021557,0.05077132,0.4301596,-0.06890988,-0.079553895,-0.08985562,0.10367498,0.42711833,-0.3468181,0.5003664,1.4829875,0.6861122,-0.018508522,-0.015828421,0.14956377,-0.054167785,0.06294501,0.010178772,0.06615682,0.25782695,CUST11801,0.9814509,High
-0.85366416,-1.1195915,-0.23464184,-0.00068763644,-0.089211985,-0.72428447,-0.2518614,-0.31356305,0.73604643,-0.5567209,0.14818373,-2.877963,0.23969582,-0.3956265,0.09906461,-0.18179877,-0.0037452271,0.080623016,-0.0023038127,-0.108069785,-0.05101119,CUST11802,0.0014917494,Low
0.14123549,-1.622659,-0.60966223,-0.36429542,-0.06035277,-0.407667,-0.040133566,-1.22401,0.16293627,1.763268,0.36909214,0.55496514,0.17052108,-0.44242817,0.1994781,-0.120889165,-0.09030227,-0.09339761,-0.016148772,-0.12240991,0.21350965,CUST11803,0.15649626,Low
0.08419797,-0.29717696,0.2906868,0.8616362,-0.06649129,-0.16531111,0.2827605,0.16420339,0.4216573,-0.50469166,0.57526577,1.2085385,-0.39548674,0.2114159,-0.055023413,-0.05226762,-0.009593357,-0.02450927,0.0046230126,0.18600176,0.24181005,CUST11804,0.94868356,High
-1.1445127,-0.030401941,-0.2117263,0.26448515,-0.039512277,-0.6863301,-0.13420127,-1.1949949,0.21161187,-2.496692,0.46168888,0.34392396,-0.42246446,0.12546682,0.23229666,0.09660507,0.000920087,-0.04417113,-0.008943796,-0.19319619,0.32319883,CUST11805,0.010029612,Low
0.2939833,-0.966127,0.40712947,0.43172255,-0.058181908,0.1262902,-0.6413264,0.3299541,-0.2117453,2.0214477,0.91958183,2.3849583,0.4099536,-0.51392925,-0.18125357,0.1326726,-0.042144094,-0.32962456,0.0041662715,-0.020620927,0.05860293,CUST11806,0.98912466,High
0.16738574,-1.027772,-0.5555462,-0.022722028,-0.05777344,-0.18010549,0.17138202,-1.1393049,0.15313429,0.23687537,-0.98103374,0.4505461,-0.35582206,-0.28015187,-0.09515882,0.051535744,-0.13811237,-0.044489678,-0.03640508,-0.021215277,0.18155085,CUST11807,0.027427869,Low
1.020261,-2.6741178,-0.24256563,-0.7695565,0.30105442,0.084735096,-0.03141593,-0.037538197,-1.8101948,0.51570886,0.27336574,0.82797444,0.21520598,-0.07704529,-0.014961202,-0.061285987,0.1584507,0.060514264,0.02159519,-0.6745114,0.13933723,CUST11808,0.056243874,Low
-0.09351345,-0.6736512,-0.9818334,0.60339075,-0.08550753,-0.031734914,0.069636635,0.2295116,0.45606956,-0.655688,-1.8806083,0.83932453,-0.46116215,0.036152586,-0.012587722,-0.0837724,-0.08448006,-0.2094664,-0.0144084785,-0.102741845,0.04248839,CUST11809,0.041496444,Low
-0.12893772,-0.7477276,-0.0012959115,-1.1720811,-0.070296794,-0.21901502,-0.044908218,-0.5929699,-2.098569,0.29426384,-0.11711674,-2.4874656,-0.46001494,-0.7727079,0.41575542,-0.11684903,-0.13654079,-0.29445115,-0.014571138,0.28002575,-0.049450237,CUST11810,0.00018776984,Low
1.0074931,0.5074747,0.18389624,0.11835756,-0.047796164,0.24052495,-0.011941148,0.12384575,-0.09511205,1.0985688,0.55646414,0.9506388,-0.3470698,0.10491266,0.19726513,-0.12575588,-0.0321075,0.045126196,-0.018287204,0.04151989,0.12869662,CUST11811,0.9898645,High
-1.1773993,-0.11791679,0.5427303,-0.4920782,-0.04689077,-0.42826724,-0.08594348,-0.033748023,-0.6315588,-1.7761748,-1.3596486,0.14112166,-0.37828276,0.026760707,0.002949072,-0.019304305,-0.0063372576,0.074449316,-0.0056879492,-0.12037314,0.13677658,CUST11812,0.0030183985,Low
0.89718527,0.6457157,0.4218559,0.28875414,-0.05884838,0.028159676,-0.14561163,-0.3370588,0.22956197,2.20914,0.3659843,1.7019088,0.24300118,0.070676245,-0.11784554,0.08482878,0.004235263,0.044305433,0.0051766867,0.08488928,-0.32698476,CUST11813,0.9981558,High
-0.9066561,-1.4099252,-0.26108775,-1.1646361,-0.06276441,-0.6839503,-0.046381995,0.049093507,-1.5493238,-0.33969805,-0.6937924,-1.8292499,0.45821548,0.058357004,-0.1461327,-0.26099724,0.06537939,-0.30192134,0.0069045573,-0.11787268,0.251787,CUST11814,0.00013236218,Low
-0.05992848,-1.0852774,0.144318,0.46685386,-0.039567072,0.15682422,0.123620525,-0.010099273,-2.4139028,-0.56353915,0.30101234,1.1957406,-0.33390152,0.19344734,0.33567616,-0.06755722,-0.11864023,-0.14322634,-0.005981514,-0.43475547,-0.82786226,CUST11815,0.03798174,Low
-0.016150553,-0.40359685,-0.20699967,-0.24307527,-0.100232035,-0.19150023,-0.7938784,-0.042858936,0.027406204,-0.5042115,0.5718125,0.5408248,0.36840168,-0.22783032,-0.0041748243,0.19993412,-0.08018148,-0.31200007,-0.019619595,-0.55529386,-0.4913569,CUST11816,0.073797815,Low
0.69163585,1.3115188,0.08324791,0.17148115,-0.04139767,0.35839123,-0.029815659,-0.53948355,-0.83771425,2.563395,0.3113484,0.7674367,-0.4546991,-0.026419433,0.21171778,0.28862906,-0.046151157,0.07323343,0.011789893,-0.70069927,-0.02423901,CUST11817,0.9836659,High
-1.0522097,-0.932383,0.3184072,0.14301406,0.15018506,-0.62057483,-0.19577773,-0.035569504,0.1367272,-1.9842846,0.33524904,-0.5596403,0.26355866,-0.20762478,0.20875783,-0.2755317,-0.09761813,0.10124668,-0.038383503,-0.0165355,0.28759483,CUST11818,0.016038815,Low
0.69959885,1.2308633,0.68976337,-0.4797413,-0.044139083,-0.0024702405,-0.20402892,-0.18504761,0.016253242,-1.6823512,0.1882576,-0.38429812,0.47933096,-0.20536907,-0.20178297,-0.3420691,-0.014169563,-0.004856397,0.0022860346,-0.53939426,-0.2256913,CUST11819,0.22196738,Low
-1.2922871,-1.4948701,-0.07908496,0.5380823,0.147361,0.07962794,-0.038729712,0.15755987,-0.9861232,-2.3263154,0.2709599,1.0206999,0.82268906,-0.094835535,-0.1934559,-0.34523442,0.010553597,0.1013273,-0.024678936,0.36532417,0.0141927535,CUST11820,0.032533266,Low
-1.1778412,-0.9155776,0.42235985,0.5362858,-0.07546571,-0.1147126,-0.113721944,0.2174662,0.3602505,-0.4944226,-0.66111636,-2.5908577,0.35323265,0.17577407,0.076194525,0.090984225,-0.035786957,0.12185439,-0.015729181,-0.29115546,-0.15494214,CUST11821,0.012969385,Low
0.054865703,1.3722026,-0.28627953,0.12999889,-0.06323976,0.20405443,0.12575118,0.30518693,0.25107896,0.30103305,0.5520619,2.4113615,0.65328485,-0.2546044,0.1044766,0.2774569,-0.004808867,0.12452249,0.019156286,-0.48830646,-0.09606537,CUST11822,0.99648786,High
-1.2710376,-1.3678534,0.38736048,0.07083569,-0.02808612,-0.36651903,0.08531664,-0.07331184,0.71761435,-1.8881412,0.36239296,-0.4328221,0.16438659,-0.0031376695,0.41393772,-0.23740137,0.08714769,0.117962286,-0.0063923355,-0.030037148,-0.083633244,CUST11823,0.03147438,Low
-0.03889366,0.37723568,-0.42957744,0.13206089,-0.09186774,0.32261273,0.091715045,-1.1934242,-0.5166966,-0.51878446,-1.3423841,1.3108324,-0.48420116,0.36950693,0.0008465166,0.002649778,-0.03730094,-0.085895255,-0.005335282,-0.064247474,0.15511514,CUST11824,0.109953575,Low
0.24560693,0.19236192,-0.354059,0.6257896,0.6348811,0.7495416,0.017981108,-0.06699722,0.32905626,-0.2953645,-0.0017350987,-1.4349307,0.6242187,0.08172456,-0.040103488,0.45961073,0.022946615,0.04834394,0.00093763834,-0.3574128,0.03847989,CUST11825,0.8139216,High
-0.843157,0.22882073,0.36635688,0.17681147,-0.043922544,0.12521683,-0.21967784,0.25560424,0.3114861,-1.5652483,0.65236074,1.2640942,-0.4394905,0.16280536,0.31869215,0.066279896,-0.03592316,0.15527266,-0.0025888933,0.17051286,0.25523812,CUST11826,0.78824216,High
1.484549,0.58844423,0.46444926,-0.57426953,-0.08269221,0.31195182,-0.25603843,0.32650352,-1.9306997,1.2406881,-1.1306596,-0.6131718,-0.40377957,0.35525408,-0.07058179,-0.00753879,-0.06602513,0.20873311,-0.002680098,-0.058324598,-0.06300154,CUST11827,0.41968364,Medium
0.0024756861,0.011287237,-0.31577912,0.021385632,-0.03910481,0.07697098,-0.08859384,0.11163253,0.3524796,-2.5437078,-0.070970535,0.8012222,-0.44514126,-0.11918456,0.098614946,-0.036573984,-0.019631304,0.06520793,-0.016932432,-0.4596775,-0.55726707,CUST11828,0.03855059,Low
0.02567469,0.39495265,0.5498033,0.47061306,-0.08274911,-0.24286467,0.067295454,0.101213135,-0.2595418,1.2739397,1.7609466,0.7173567,0.3813673,0.06149815,-0.10700293,-0.091409974,0.0047412524,-0.055687685,-0.004779511,-0.049423307,0.28009748,CUST11829,0.994239,High
0.091789454,0.16163012,-0.12667684,-0.8690132,-0.13405143,-0.012667806,-0.011727162,0.021284113,0.6299596,0.8198028,0.27045417,-2.4563982,-0.23755988,-0.42089507,-0.54730904,-0.31549528,-0.020312807,-0.11649061,6.7994464e-05,0.2510008,-0.9047644,CUST11830,0.018477416,Low
-1.1341494,-1.0739298,-0.18924157,0.24254684,-0.04477557,0.23385704,0.08398025,0.14821902,0.24730001,-2.1103268,-1.0892099,1.6260017,-0.49909693,-0.054143533,0.30887115,-0.022128891,0.11518266,0.034471355,0.04881733,-0.49030995,0.02430717,CUST11831,0.025607226,Low
0.3278176,0.24375024,0.5446446,0.3468958,-0.04929263,0.283144,0.19599842,0.24630785,0.18069467,0.9294525,1.4570622,2.204198,0.43658578,0.0788251,0.07759969,0.14151877,0.01295085,0.013706287,-0.0053453944,-0.4815321,0.121946536,CUST11832,0.9992986,High
-0.23490193,-1.0079908,-0.07098497,-0.790264,-0.05302536,-0.31835473,0.313184,0.08245741,-2.3584042,-0.74776185,-1.2287887,-0.7121632,0.5172728,-0.4673324,-0.12147536,-0.12461464,-0.10786795,0.13376737,-0.0059704552,0.19930077,-0.07328198,CUST11833,0.000729527,Low
-0.7779216,1.602243,-0.34365386,-0.36497456,-0.036175452,0.048303165,-0.20404989,-0.7321521,-2.4336479,-1.9492643,0.101820715,-0.1746749,-0.43858388,0.19912374,0.07536205,-0.08784688,-0.055920303,0.084993854,0.0064766277,-0.00867899,-0.040586293,CUST11834,0.003777184,Low
-0.78894496,-1.349823,-0.5635721,0.1946624,-0.037894618,-0.3320068,0.03606081,-0.73342884,-1.9665161,-0.6827329,-0.23116761,1.7621508,0.10660036,-0.21730796,0.39205527,-0.12036525,0.22396015,0.08612942,-0.0038949796,0.39084145,0.0587611,CUST11835,0.021423383,Low
-0.73227227,0.13133675,-0.19092314,-0.9247164,-0.027385017,-0.22939402,0.08904561,-0.6784642,-2.1033604,-1.5297773,0.30690274,-2.4353793,0.4536839,-0.33785355,-0.08807535,-0.04592747,-0.050611064,-0.030170457,0.0009830864,-0.18733667,-0.4962295,CUST11836,0.000106090636,Low
-0.16344725,-1.0732527,-0.06157618,-1.4704683,-0.041691344,-0.26400578,0.21922317,0.20698869,-2.3770797,-0.3758552,-0.11762071,0.6451024,-0.4517363,-0.7020719,0.18879981,-0.14354973,-0.118048936,-0.030638061,-0.0023750495,-0.15365878,-0.6080735,CUST11837,0.00096712325,Low
0.15416454,0.67228556,-0.4635565,-0.51457936,-0.056357797,0.11891395,-0.0016205484,-1.3571573,-0.07367814,2.5731308,-0.06232317,-0.26623324,-0.40748966,0.024260465,-0.026660468,0.08832395,0.05633078,0.15357222,0.023084465,0.42713326,0.17721976,CUST11838,0.7673813,High
0.075685024,-1.5250081,0.05444303,-2.3071854,-0.03278683,-0.14310019,0.17672235,-0.65793145,-2.637784,1.1550006,0.072706915,0.87631285,-0.3312374,-0.90517163,-0.09140588,-0.09103104,-0.17313509,-0.0014341362,-0.0088547785,-0.12445942,0.24886222,CUST11839,0.0016325527,Low
-1.1512201,0.23801756,-0.21906863,0.09944401,-0.057347655,-0.77710354,-0.028977495,-0.78937,0.33138138,-0.98356223,0.33424047,-0.94419706,-0.36834326,0.3306548,-0.0045523276,-0.12500522,0.0018240742,0.02418503,-0.00835689,-0.097326994,-0.02511108,CUST11840,0.013857462,Low
-0.8743578,-0.26502374,-0.15124863,-0.96919304,-0.029338494,-0.27751186,-0.1889285,0.082435824,-0.0897781,-1.295461,0.01931485,-2.975739,-0.3582209,0.16787368,0.3014701,-0.2268153,-0.006175327,0.12538674,0.0055034608,0.17651148,-0.04138589,CUST11841,0.0009909387,Low
-0.043247603,0.4095172,0.2006373,0.019403074,0.43420574,-0.09217067,-0.03738452,0.27990794,0.037896946,0.43546277,-0.90171653,0.77578044,1.0941205,-0.15504098,0.027699532,-0.019524153,0.06270659,0.28749734,0.023353511,-0.2904859,0.063038774,CUST11842,0.9286726,High
-0.80617106,1.6661206,-0.17060384,-0.2609797,-0.05383636,-0.56837523,-0.3158312,0.19973692,-0.7323889,-1.5655,0.39418703,1.0136107,-0.44079047,-0.048742324,-0.064871356,-0.12540893,-0.15943211,-0.2934539,0.0004204777,-0.46112642,-0.36244407,CUST11843,0.039125726,Low
-0.6692678,-0.9981617,-0.55605334,-0.51343787,-0.022118235,-0.0185008,-0.03462169,-0.83766913,-0.21238765,-1.7522324,-0.094078384,-0.7218479,-0.29816395,0.24168563,-0.1809365,-0.14201246,-0.08757171,-0.10510355,-0.039531738,0.27416864,0.14351936,CUST11844,0.0012674122,Low
-0.120553225,-0.3345212,-0.5218916,0.51118696,0.234095,0.024361294,0.002065517,-0.7492811,0.032887947,-0.5422759,-1.0181357,-1.0651636,0.23848099,-0.026455186,0.053474117,-0.10889745,-0.03445955,0.04746087,0.009792997,-0.065825135,-0.0070246523,CUST11845,0.02971723,Low
-0.23589918,0.3405446,0.05739342,-1.0226482,-0.05944924,-0.5185607,-0.32429442,-0.058117304,-0.7117475,-0.50809216,-0.13291949,-1.1758894,-0.6085635,-0.27242985,-0.5390267,0.090908036,-0.0821666,0.08536525,0.0034504319,0.02114257,-0.09066225,CUST11846,0.0030582587,Low
-0.03568365,0.22249046,-0.39342076,-0.38588512,-0.067539304,-0.21343884,0.16318142,-0.8418296,-0.5293859,-0.7546142,-0.9162382,-2.1759505,-0.49302948,-0.21664779,-0.12828892,0.03163441,-0.03688685,-0.019288393,0.0017798492,0.2937471,-0.24685206,CUST11847,0.0011267038,Low
-0.15102927,1.4788167,-0.111069314,-1.4782414,-0.03350769,0.06502635,0.024512924,-0.036971822,-1.6740655,-1.6657354,-0.4170968,-2.0606437,0.9574308,0.16416954,0.046367258,0.12712175,-0.0312769,0.15112746,-0.010454184,0.11755578,-0.003368737,CUST11848,0.0100855725,Low
1.8367319,-0.2812359,-0.044232797,0.3746136,-0.06798954,0.06657091,-0.5733163,-0.041479312,1.1224343,-1.3078935,-1.057526,-1.9466648,-0.4775479,0.07047824,-0.2274615,-0.18189031,-0.047667377,0.045594137,-0.0058515784,-0.9823985,0.09431696,CUST11849,0.024660112,Low
-0.1525512,1.236699,0.04022684,-2.9052114,-0.046097495,0.098695375,0.0022901497,0.2423485,-2.8764687,1.8692534,-0.25416812,0.2628726,-0.49737677,0.27949163,0.101582706,-0.1280784,-0.03410906,0.08274581,-0.0066271173,0.20613758,-0.104232386,CUST11850,0.06737308,Low
-0.8164027,-1.4758575,-0.1609784,-1.8917316,-0.06702892,-0.0841617,0.13822041,0.24782869,-2.4080837,-0.3108017,0.19345039,0.36161926,0.18011726,0.12748128,-1.1938478,-0.27669784,-0.11072068,-0.13095662,-0.018286766,0.075019166,0.030697549,CUST11851,0.00048237568,Low
-0.0026906254,-0.91345334,-0.1619775,-0.3986305,-0.029231472,0.15752204,-0.09371676,0.251684,0.4423019,-1.737449,-0.07339875,0.45003843,-0.45024154,-0.30618215,0.55781424,-0.29289904,-0.061296593,-0.16589397,0.023778565,-0.4413049,0.21428923,CUST11852,0.044103052,Low
0.89300644,1.055061,0.10119949,0.12951228,-0.066429034,0.21088389,-0.16470455,0.055483554,-1.7348725,-0.7398215,-0.15609308,1.7610484,-0.64941376,0.09756689,-0.11500106,-0.55398726,-0.06484605,-0.12962516,0.004010491,-1.0188692,-0.0986503,CUST11853,0.22622985,Low
-1.31953,-0.96498644,0.45561135,0.6077308,0.18345901,-0.21605581,0.10649383,0.35838753,0.17850675,-2.1079555,-0.15366866,-0.6935208,0.3289844,-0.16038263,0.2206723,-0.23365146,-0.004833352,0.064839184,0.0052859965,0.30352664,0.009188282,CUST11854,0.044062644,Low
-0.05712267,-0.2014907,0.10746979,0.68779993,-0.02189074,0.46017924,0.21258236,0.28516772,1.1596946,-1.9303132,-0.38442388,-0.42475453,0.5113354,0.19597723,0.06981383,0.24440803,0.031300586,0.066813305,0.002298656,0.023843994,0.14772646,CUST11855,0.75790596,High
-0.13623871,-0.8824722,-0.78430945,-1.3974416,0.3891872,-0.37719882,-0.07068326,-0.98676765,-0.91894436,-0.36483416,-0.96306777,-1.4909554,0.3647494,-0.06394789,0.20193344,0.08281163,0.14473313,0.060750287,0.04217869,-0.10724034,-0.17459355,CUST11856,0.0005653315,Low
-0.7960029,-0.98908466,-0.16729012,-0.69132924,-0.101300806,-0.5972652,-0.2237898,0.2571152,-0.8350812,-0.23185185,-1.1175699,-2.1693118,-0.4723641,-0.009716415,-0.13958561,0.15829937,-0.15384766,0.039323978,-0.03857485,-0.11502794,-0.10415851,CUST11857,0.00019475,Low
0.16861148,-0.97224146,-0.022743016,0.7247767,-0.10087091,0.16688767,-0.1855599,0.17135356,0.23184149,0.36728853,-0.75338644,-0.53352994,0.23082757,-0.32525745,-0.19851322,-0.04098521,-0.07657958,-0.051450085,-0.019873012,-0.105636425,-0.6168446,CUST11858,0.12056759,Low
-0.7742211,-0.9005251,-0.3027425,-0.29141074,-0.031101566,-0.36837003,-0.13120666,-0.8302777,-2.0108676,-1.7373551,-0.65153,0.37735313,-0.33407044,0.07838374,-0.07455258,-0.06806514,0.055253636,0.07484704,-0.0154235065,-0.10204294,0.04508986,CUST11859,0.00032284376,Low
-0.13861345,-0.07017055,-0.27449906,-0.4620391,-0.036359783,-0.18875639,-0.0027957968,-0.9973126,0.09806185,-1.7297063,-1.0156507,-2.5556362,0.32268634,-0.2879572,0.33926588,-0.35171527,-0.014548145,-0.3628567,0.0061712135,-0.07653631,-0.16145103,CUST11860,0.00033347678,Low
0.2811864,-0.8324615,-0.37298742,-0.17987512,-0.07913765,-0.14568378,-0.025156915,0.43333548,0.32300228,-0.6033045,-0.72963244,-2.9441876,0.42031202,0.018568883,0.038788795,-0.13232812,-0.020224793,-0.1414676,-0.013045501,-0.25416368,-0.18052651,CUST11861,0.005573346,Low
-0.024643326,-0.9247744,0.51379997,-0.21679664,-0.088832654,-0.4353478,-0.8635926,0.010525024,0.38985765,-0.71149063,0.37752864,0.50611144,-0.5331329,-0.16672261,-0.079276145,0.3264032,-0.08726895,0.08454443,-0.0028021226,0.39006636,-0.03360066,CUST11862,0.1659472,Low
-0.9327935,-1.7713572,-0.27824974,0.71255106,-0.04952364,0.060474113,-0.21599975,0.07854435,-0.91553056,-0.66612506,-0.2913768,-1.0095416,0.19380403,0.1551983,-0.14423977,-0.31558672,0.08841691,-0.24480894,0.009858832,0.0751649,0.23340763,CUST11863,0.0051025576,Low
-0.96441174,-0.6503419,-0.07760269,0.4578765,-0.058684092,-0.14121889,0.16901858,0.19889429,0.18446304,-1.8826197,-1.0738955,-1.9102362,-0.34565234,0.117421865,-0.17671993,0.030457685,0.016772296,0.18232165,-0.011694228,-0.111948356,-0.4862216,CUST11864,0.0013870265,Low
-0.12157445,0.2689998,-0.14587109,-0.76755244,-0.03452537,0.19534726,-0.043927934,0.14188729,-0.14379908,-2.3170748,-1.3054583,0.37047267,0.5364049,0.025433538,-0.043510776,-0.040021375,-0.021171262,0.079944834,0.002226011,0.18922606,0.11220912,CUST11865,0.042798277,Low
-1.0100521,-0.80768174,0.068244256,0.08529814,-0.039377198,0.3004428,-0.7313559,0.20513313,0.9028215,-1.7930102,-0.17203885,-0.8337354,-0.31622776,0.080535114,-0.400238,-0.25914553,-0.15654007,-0.3535008,-0.013639312,0.27948526,-0.15693094,CUST11866,0.0056710453,Low
0.22392821,-1.0470752,-0.23328601,-1.0806547,-0.041469242,0.7379687,0.15239397,-0.15746045,-0.64283246,-1.2474614,-0.6262561,-1.9686042,0.36759663,-0.014989629,0.048945084,-0.20774098,-0.098205976,-0.08934476,0.0013343496,0.07787207,-0.2917551,CUST11867,0.0020614562,Low
-0.03358872,-0.38204122,-0.0034871702,0.88349664,-0.040745515,0.27336046,0.20160194,0.25664043,0.7786538,-0.6913565,-0.031700887,-0.9817749,-0.3874283,0.033753905,0.73549277,0.10295659,-0.05606659,0.12440073,0.020290378,0.023881782,0.26400658,CUST11868,0.7398452,High
-0.2536014,-0.19689113,-0.09526094,-0.27220544,-0.057011038,-0.07925363,-0.23434168,-0.031349808,-2.1845243,-1.5509882,0.45074236,-2.3219345,0.5429246,-0.35386884,-0.65534127,0.19308388,-0.01667535,0.030221501,-0.0057065985,-0.29422495,-0.3338066,CUST11869,0.0004240652,Low
-0.879905,-0.17598346,0.0028079017,-1.4587634,-0.06912109,-0.29312965,-0.070965566,0.11356737,-0.50571984,-0.27941462,0.11275475,-3.0018055,-0.48634845,-0.11601079,-0.13893437,-0.15872622,0.013260554,-0.3137877,-0.01202229,0.09504898,0.21495053,CUST11870,0.0005791153,Low
-0.2253381,-0.62233955,-0.6000624,-0.30131263,-0.03998802,-0.18872583,-0.2983504,-0.4800372,-1.8762321,-1.2855319,0.04371074,-2.0256405,-0.3647166,-0.13945943,0.5601692,-0.004737996,-0.17103618,0.060756937,0.010554373,0.046161894,-0.15722252,CUST11871,0.00030206633,Low
0.099084176,-1.0426381,-0.15625982,-1.6127131,0.42683485,0.6043454,0.15541719,-0.7564771,0.14631829,-0.20644102,-0.032734316,-2.4407225,0.573889,0.07463438,-0.17591836,-0.12028337,-0.11401778,-0.21468093,-0.008307664,-0.058945816,0.2437999,CUST11872,0.00936841,Low
-1.1826956,-1.4163274,-0.11364688,0.5761184,0.24379976,-0.039138667,0.13054663,0.06548437,0.14985399,-1.6224103,-0.29112986,-0.4773122,0.16598365,0.03511654,-1.0667038,-0.5082968,0.013736015,0.112735406,-0.025029482,-0.02944638,0.45261577,CUST11873,0.007604883,Low
-0.1965654,-1.04665,-0.045723498,-0.16352676,-0.068077244,-0.42627606,-0.07657642,0.18354996,0.4682582,-1.0934403,-1.0639579,-2.6043892,-0.2678211,-0.33265343,-0.45235386,-0.055237595,0.15210897,0.032627515,-0.013971755,-0.31267038,0.45429862,CUST11874,0.0009348116,Low
0.92435503,-0.64524657,0.23753168,0.65991867,-0.042836856,0.22309026,0.28584266,0.20211191,-0.026317595,2.4464893,0.3213889,0.5395278,-0.4773433,-0.24731593,0.24334297,-0.011952233,-0.05623044,0.15665568,-0.010557955,0.38579997,0.014236376,CUST11875,0.993802,High
1.3778937,-0.6410965,0.17346472,0.35897654,-0.07516157,0.3446754,0.0862561,0.19199985,0.5533968,1.332516,0.51069355,-2.9919424,-0.13424148,-0.22835463,0.30761325,-0.07038275,-0.059207607,0.06290877,0.03815196,0.20774601,0.11383988,CUST11876,0.80448467,High
-1.1317661,0.10633655,-0.24800709,0.1694408,-0.0848928,-0.4488267,0.08604453,0.026098032,0.39709437,-0.6593662,-0.83068705,-2.2651682,-0.5381091,-0.21008667,0.4689711,-0.07753603,0.033745833,0.09479356,-0.017666396,0.040970255,-0.061859425,CUST11877,0.0055100317,Low
0.06781271,0.5838491,0.4549987,-0.16192573,-0.059919756,-0.09159106,-0.038573932,0.113796934,0.522395,-0.4301177,1.5150865,1.4797901,-0.53083736,0.18708724,0.0457061,-0.04029311,-0.022335107,0.09575132,0.002124209,0.5502662,0.16725533,CUST11878,0.9874467,High
-0.088274434,0.32240835,-0.0040300293,-1.3781289,-0.05689535,-0.3341571,-0.025166113,0.1972151,-2.686247,-0.27185175,-0.0844142,0.97933555,-0.5564282,0.0031444626,0.0044111325,-0.11638666,-0.1479878,0.07718753,-0.01328714,0.3918144,0.14526512,CUST11879,0.024419399,Low
-0.1243047,0.30117512,-1.0674616,0.61162037,-0.08321705,0.116099805,0.11499078,0.30921692,0.40818998,1.547574,-1.8024237,0.37985548,-0.21403892,0.31992072,0.07629655,-0.21201211,0.016242972,0.048030306,0.028028078,-0.25236636,-0.052993815,CUST11880,0.60425854,High
-0.15109897,-0.17895554,-0.10027989,0.24212807,-0.04888226,-0.37849817,0.22449364,0.18343014,0.9897896,-1.3606081,0.31894326,-3.3655999,-0.47598147,-0.26979017,0.52009934,-0.25024888,0.010937865,0.11306408,0.0048575196,-0.006817946,-0.1872132,CUST11881,0.014608818,Low
0.00684908,-1.0185308,0.7034989,0.3240072,-0.050224606,0.4092853,0.12039215,0.31569076,0.5296733,-0.38390622,0.74019843,-0.021461137,-0.40878713,0.015120141,0.31354377,0.013621888,0.19463877,0.06296437,0.01574785,0.3027239,-0.03871122,CUST11882,0.89101523,High
-0.16523646,-1.0466146,-0.47005865,0.33858567,-0.056481376,-0.4478042,-0.05135966,0.32674846,-0.01761069,-0.56028837,-1.3774539,-1.0420277,0.25993267,0.3368516,-0.013728653,-0.07630749,-0.050562784,0.06063995,-0.039749302,0.016939968,0.023122342,CUST11883,0.016340297,Low
0.304256,-1.3305389,-0.28285363,0.40301463,-0.047526695,0.2413554,0.06185422,0.3163964,-0.9198172,2.1357796,0.29440618,2.6295195,0.19667633,0.2126173,-0.1881908,-0.15641026,-0.0360797,-0.30664054,-0.04866355,0.011050346,0.12582378,CUST11884,0.97263765,High
0.119331814,-0.9943716,-0.05644968,-0.750778,0.29672468,0.68240213,-0.2034193,0.2042969,0.06930889,-1.5092194,0.39845127,-1.3747002,0.31357685,-0.06553391,-0.63908154,-0.05514277,-0.03579419,0.068741746,-0.007005207,-0.05550142,-0.115812555,CUST11885,0.02286191,Low
0.06752699,-1.2689825,-0.041391883,0.33548933,-0.055334352,0.06728242,0.05348795,-1.0782696,-0.56385857,1.165461,0.15232633,0.91421413,0.13454863,-0.37916458,0.40498102,0.43703952,-0.11163095,-0.061672606,-0.013167549,0.56264246,0.1605843,CUST11886,0.6978182,High
-0.21592559,0.41474956,-0.013494417,-0.19567066,-0.04789556,0.08946365,0.06995541,0.17767896,-2.2796354,-1.8770362,0.5631791,1.2087023,-0.34998006,-0.23924454,-0.9837647,-0.17283633,0.047921672,-0.031260263,-0.0027260343,0.2624562,0.5098837,CUST11887,0.042669624,Low
-0.08213369,1.7683289,-0.3138387,0.23217928,-0.09208721,-0.03222407,0.21620972,0.31726986,0.4857688,0.4220918,-0.8598105,-1.994826,0.631142,-0.12749422,0.17851922,0.22803576,0.055198066,0.12753615,0.028166559,0.30268422,-0.29378664,CUST11888,0.7598298,High
-1.0620289,0.36634913,-0.1426039,0.054324962,-0.1250662,-0.6886897,-0.14902832,-0.09496073,-0.9416372,-0.7477368,-1.5727568,0.7330994,-0.50510484,0.23678215,0.26055467,0.08422887,-0.07522786,0.13180433,0.017518595,-0.13725221,0.07103326,CUST11889,0.01297615,Low
-0.02903494,-0.8013568,0.56339025,0.4893701,-0.05379169,0.18574817,-0.25995553,0.0229847,0.24065307,-1.8129473,-0.5156492,0.5063558,-0.47239095,-0.11961257,0.10235641,-0.17616032,0.048127644,0.08535628,-0.0027473522,0.28942016,0.00080837356,CUST11890,0.14751089,Low
-0.77187103,0.4061503,-0.19414587,0.16933015,0.52803326,-0.24088447,-0.039522566,0.4162387,-0.48219025,-0.2919216,0.021520063,1.2081612,0.46164018,0.28730318,0.06569588,0.3780344,0.14952116,0.10486884,0.034800924,0.45534384,-0.31989825,CUST11891,0.9089621,High
0.24838507,-1.4270042,0.4145773,-0.8103932,0.23159517,-0.11447768,0.06106103,0.13773069,0.5893054,-1.9479647,0.23878367,0.30301243,0.37202218,-0.023813091,-0.12398288,-0.29391357,-0.05774958,-0.21598242,-0.009878073,-0.6012861,0.10139214,CUST11892,0.04862535,Low
-1.0693872,0.28933626,-0.3117865,-0.04350187,-0.040188305,-0.146445,-0.091293745,0.23323475,0.47731876,-2.1148286,0.50164604,-0.8605062,-0.5205557,-0.0019239042,0.07917301,-0.08615105,-0.071517356,-0.36828154,0.011513583,-0.33555546,0.7665645,CUST11893,0.023015168,Low
0.000892223,0.5329705,-0.16831696,0.21900968,-0.040268816,-0.030365404,0.22151896,-0.7402129,-0.7143411,-0.7214805,0.33720917,2.3786006,0.53063667,0.13285226,0.01824801,-0.10575056,-0.025168713,0.07798975,0.0099230325,0.5963869,0.065456234,CUST11894,0.9262597,High
0.26371402,-1.4690853,0.008332789,0.4064921,-0.0872066,-0.08216662,-0.5756813,0.036685675,0.10203528,-0.38490844,0.05901975,-1.3342792,0.273305,-0.15341233,-0.9508722,0.2645537,0.20739001,-0.39471555,0.019444449,0.32198563,-0.024156982,CUST11895,0.02823071,Low
-1.0045965,0.36879125,-0.24484797,0.23450185,-0.10935312,-0.7680176,-0.033935208,0.10079801,-0.38141444,0.15023223,-1.6869292,0.20553347,-0.531242,0.25173065,-0.3294391,0.08163566,0.022483047,0.03860574,0.026223954,0.14332657,-0.12775607,CUST11896,0.025609458,Low
-0.9438433,-1.1796421,-0.058833897,0.6448815,-0.04375512,0.20637865,-0.359093,0.41993564,0.38897738,-1.7860888,0.54476374,1.3666975,-0.2345853,0.11733467,-0.19939171,-0.09344226,-0.12598239,-0.24976906,-0.030701855,0.072876014,0.19048607,CUST11897,0.19813685,Low
-0.19285533,-0.7901648,-0.11471294,-1.199485,-0.04498779,-0.010642795,-0.3405982,0.10449754,-1.7885867,-1.1107819,-0.054500926,-2.3730023,0.44951805,-0.20194656,-0.2512373,0.2632891,-0.029000958,0.028426763,-0.0047734613,0.07931347,-0.06291713,CUST11898,0.00045701436,Low
0.35520384,-0.94706804,-0.048058696,-0.031817026,-0.066998005,0.08073019,-0.13734668,0.14172493,0.30942103,2.1374743,-0.6771946,2.6680262,0.25925097,-0.3406727,-0.04132643,0.36827275,-0.040097576,0.08020562,-0.021920655,0.06730842,0.12107398,CUST11899,0.98509455,High
-0.96313536,-1.3659879,0.04398349,0.3721956,-0.025449885,0.02422614,0.3394809,-0.4438259,0.098592915,-1.4055384,0.25490004,-0.2681812,-0.21158466,-0.17298658,-0.27444258,-0.050201748,0.10845307,0.058489982,0.009946788,-0.24821736,0.24389398,CUST11900,0.019444184,Low
0.032911364,-1.3334339,-0.040135235,-0.13579512,-0.056380607,-0.20062709,-0.02390926,0.43209478,0.55900687,-1.4440612,-1.2637979,0.6333695,0.26275575,0.008289421,0.0107953325,0.14354615,0.16248502,-0.14988126,0.021320684,-0.654043,0.047144614,CUST11901,0.045933973,Low
-1.0940266,-1.1082908,-0.12967353,0.25146028,-0.049486075,-0.81378746,0.02076813,0.020936823,0.26305696,-0.74017423,0.34001717,-0.86184466,-0.3200225,0.14009169,-0.2157836,0.09937961,0.13953047,-0.09981287,-0.019289402,-0.33647826,0.09278585,CUST11902,0.011364559,Low
0.97006565,0.56363124,-0.043308318,0.3717751,-0.033598978,0.32258224,0.0072947396,0.14945194,-0.009810583,2.3586438,0.47780952,1.6714013,-0.31671432,0.145643,0.05937626,0.003397969,-0.019804887,0.13976818,0.0029225596,0.15969254,0.032417722,CUST11903,0.9990589,High
1.3400216,1.0232943,-0.2994457,-0.15831412,-0.08287919,0.5069435,0.11390632,0.08913659,-0.9882443,0.74709684,-1.0279199,-1.1123873,-0.5223087,0.26276603,-0.8941753,0.05796259,-0.034910407,0.19170335,0.0036690678,-0.048244245,0.10229655,CUST11904,0.315352,Medium
-0.9249187,0.15524982,0.7857471,0.97815514,-0.04216031,0.0066433847,0.09217785,0.9234657,0.68161607,-1.2434845,0.8707248,-2.3265676,0.4470518,0.20635471,0.5132886,0.058716875,0.006086584,0.097175755,-0.003458933,0.026168726,-0.12282865,CUST11905,0.7576837,High
-0.9257711,-0.9932746,0.027009135,-1.764255,-0.07242236,-0.6665609,0.046931535,-0.029043753,-0.84226686,0.83008885,0.24329695,-3.1529512,-0.24015306,0.24787301,-0.18842554,-0.013695245,-0.051136147,-0.30465108,-0.0010925583,-0.06532353,-0.14247529,CUST11906,0.00030239223,Low
1.0331202,-0.06481712,0.4340726,0.34755826,0.32352617,0.13979495,-0.7661738,0.111701906,0.24052627,2.0424528,0.42732698,2.0440226,0.75462484,-0.24307139,-0.026044779,0.149464,0.025818082,-0.06585441,-0.0015360048,0.38434708,0.08201059,CUST11907,0.99934334,High
0.2813393,-0.5782629,-0.18913555,0.16687402,-0.06080759,0.024265522,-0.098193035,0.23801701,0.8664519,-0.71237135,-0.99062675,-0.9230347,-0.3301783,-0.016112039,-0.26189288,-0.403159,0.0036454294,0.04140811,0.0055411304,0.6992086,0.09155596,CUST11908,0.10059329,Low
0.026816484,0.29979458,0.37429234,0.415138,-0.0475828,0.15343292,0.21689516,0.19812962,0.35001037,-0.5812576,0.4921794,0.655075,1.0074588,-0.09299622,-0.06321697,0.34735298,-0.015897958,-0.23712598,-0.0034838184,0.5864083,0.122170575,CUST11909,0.98460823,High
-0.16497156,0.06699959,-0.41650662,-0.4932334,-0.0998139,-0.012899972,-0.08452205,0.019648783,-2.0784035,0.19872704,-0.89321464,-2.0874057,-0.6852047,-0.582973,-0.17345689,0.022492466,-0.05573037,-0.23320614,-0.047143802,0.277228,-0.3047234,CUST11910,0.00038055566,Low
-0.053212624,-0.31477138,-1.1523491,-0.034463625,-0.09938208,-0.32831505,-0.08925786,-1.0623821,-0.3848444,1.1275804,-1.1661984,-2.4566164,-0.4312596,0.11434947,0.20019709,-0.20132944,-0.054987263,-0.08237312,-0.0037709903,0.3016339,0.21770862,CUST11911,0.0024745292,Low
0.1648791,1.115956,-0.03495965,0.39687672,-0.06854065,0.17183705,0.30310374,0.39053082,0.03074725,-0.4645684,0.14732778,1.1028169,-0.42570424,0.19181904,-0.6157277,0.26799488,-0.010763133,-0.13715366,0.0010436722,0.6311666,0.102393135,CUST11912,0.961428,High
-0.17521968,0.38513678,0.21324867,-1.6773665,-0.06608806,-0.15398389,0.038750157,-0.022092305,-2.2813187,-0.52856326,0.5576469,-1.1417706,-0.4330506,0.16758266,-1.0802914,-0.111989304,-0.061917946,0.063730836,0.0018842276,-0.099222824,-0.012790564,CUST11913,0.0015578824,Low
-0.065376416,-0.72796416,0.0015206342,0.4171224,-0.04260166,0.6463263,-0.06972132,0.24149574,0.32701117,-2.14558,-0.5517604,-0.57077473,-0.3432673,0.09496008,-0.13094717,-0.029774701,-0.04355543,0.0950803,-0.008382613,-0.49449328,-0.09200262,CUST11914,0.028253801,Low
-0.14267458,0.22435516,0.08577178,-1.5994111,-0.06856252,-0.10784054,-0.04456755,0.23123276,-1.9391093,-0.3450709,-0.078149535,-3.0375228,0.66429853,0.008570794,-0.041721337,-0.09689327,0.0123949405,0.04293205,-0.0061778035,-0.3971166,0.05170595,CUST11915,0.0013200778,Low
-0.6867211,1.170885,0.5504774,0.28250957,-0.055932358,-0.31296062,0.039448373,0.3326967,0.29725626,-1.7331558,0.3279454,0.5299141,-0.7108007,-0.543278,-0.029481823,-0.32415774,0.0011494444,-0.13800982,-0.009722204,-0.21333961,-0.753241,CUST11916,0.11673694,Low
-0.58918977,-0.21806373,-0.13002408,-1.3202846,-0.08459574,0.11936277,0.31991416,-0.020142063,-0.036260977,-0.28265572,0.3363153,-3.2131567,-0.5320071,0.10574498,0.4058667,-0.11387554,0.02304851,0.08947492,-0.014454373,-0.2118921,0.3113379,CUST11917,0.006055464,Low
-0.91249233,0.05699301,-0.42869866,0.1442754,-0.09442285,-0.16349457,-0.4148171,-0.99049056,0.16591695,0.45184433,0.11394381,-1.2364956,-0.4779888,0.15596053,0.020673119,0.11274663,-0.091119885,-0.2735905,-0.010513951,0.13216926,-0.042010672,CUST11918,0.021315087,Low
-0.15676881,0.9723266,-0.99044657,-0.2892677,-0.05867353,-0.32981402,-0.11422781,-0.744058,-0.06565995,-0.45929745,-1.0810686,-1.7214942,-0.59354424,-0.40938884,0.116935715,-0.03406428,-0.03001748,0.0862381,-0.0037244093,-0.065748364,-0.008881874,CUST11919,0.0024097324,Low
0.047021937,-0.7733037,-0.30036056,0.10773007,-0.054238737,-0.010213219,-0.6592161,0.38017318,0.30313727,1.6786942,0.43517327,0.5683551,-0.22745113,-0.11007187,0.2921362,-0.1353535,0.04202879,0.17110933,-0.028228471,0.08705507,0.4976039,CUST11920,0.90607285,High
-0.8806376,-1.0927416,-0.26046607,0.117662184,-0.06805643,-0.121559925,-0.6085653,-0.05689895,-0.44398588,-1.520095,-1.0892426,1.3112514,-0.45931014,-0.2926592,-0.04795633,-0.042223983,-0.03862242,-0.041337352,0.022869669,-0.018634297,-0.07438873,CUST11921,0.0031702167,Low
0.035269506,-1.1781188,0.101399936,-0.7594558,-0.053764097,-0.32782775,-0.01056133,0.20990837,-0.75775844,2.275321,0.65910745,0.67090917,-0.3149332,0.02613847,0.20097654,0.0755539,-0.12318644,0.12017897,-0.032869786,-0.19688548,0.21793385,CUST11922,0.68829376,High
0.7174375,1.1426247,0.46446398,0.38149348,0.30229214,0.13101733,-0.021768153,-1.2539126,-0.7699154,0.55080485,1.1202391,1.6948153,0.721582,-0.04643546,0.10088451,-0.06324577,0.04286837,0.0059364894,0.011974464,0.033897296,0.078507386,CUST11923,0.99503505,High
-0.026274811,-0.10211803,-0.09692682,0.6072037,-0.05184077,0.37728855,-0.37052876,0.9449752,0.9824356,-1.1150819,-0.91233075,-0.4445753,0.5441069,0.10327809,0.41874963,0.17915463,0.06651999,0.15818751,0.0008996846,0.29678118,0.32819843,CUST11924,0.86329365,High
1.1154269,0.2615449,-1.2282091,-0.5421627,-0.055898525,-0.22764744,0.2131618,-1.6224321,-0.89174014,1.0232981,-1.4555514,-0.10097964,-0.39174598,-0.1676314,0.14623944,-0.04966152,0.0053828787,-0.018513553,-0.013286965,0.4678323,-0.21027979,CUST11925,0.022138758,Low
-1.0463214,-1.1103868,0.5485,-0.43741503,-0.035225723,-0.8241122,-0.5826601,0.40180877,-1.9663253,-1.526414,-0.15166147,-0.55643284,0.3225541,0.08659348,-0.09651749,-0.17212105,0.0002718059,0.04506359,-0.0024712053,0.14330503,0.093246184,CUST11926,0.0009948683,Low
0.16023815,1.1953562,-0.39574224,0.32580444,-0.052524876,-0.11787197,-0.06802255,-1.1600405,-2.2485428,-0.5472166,-0.26748094,-0.5273926,-0.5372413,0.1731491,0.061790224,0.067441784,-0.071970984,0.027096171,0.01473378,-0.4020261,0.16150157,CUST11927,0.014006234,Low
-1.0085349,-1.3003782,0.4419954,0.2572998,-0.06941654,0.008387831,-0.07545657,0.0080136955,0.52197725,-0.5509743,0.66917616,-2.3230247,-0.22613989,-0.31820434,-0.16582608,0.10114985,0.14202623,0.121058255,0.015438512,0.41847637,-0.53418124,CUST11928,0.019602127,Low
-1.0106478,-1.0242451,0.32593167,-0.45319858,-0.043931622,-0.26648328,-0.5579294,-0.046641406,-2.2837462,-1.8907243,0.14199409,0.7301433,-0.2860429,0.013316143,0.08381643,0.0334921,0.09186717,-0.0977461,-0.0056612985,0.27774227,-0.009323525,CUST11929,0.0017909739,Low
-0.029721785,0.19721158,-0.36733258,0.46326897,-0.054643236,0.1548935,0.028743736,0.22387426,0.62833023,1.3488486,0.6746354,-0.79284257,-0.27296996,0.37112153,0.671342,-0.17495188,-0.0676151,0.20795058,-0.044291735,0.05295898,-0.3462023,CUST11930,0.9441401,High
-1.0596495,-0.27446473,-0.397297,-0.3837745,-0.027532231,-0.64096373,0.1468248,0.1838931,0.18090914,-1.8900303,-0.75465775,-0.9445956,-0.28907117,0.132251,-0.107953265,-0.12970434,-0.055082615,0.07144373,0.0042041205,0.044260543,-0.08522615,CUST11931,0.0017941975,Low
-0.012247851,0.39109185,0.4162258,0.31312704,-0.057424713,0.37969047,-0.38716167,0.07569084,1.1737472,-0.73101276,0.25810093,0.4623587,-0.42585683,0.28369874,0.24939895,0.091486976,-0.049670313,0.11165295,-0.007707008,0.097940855,-0.03244341,CUST11932,0.92794245,High
-0.7717329,-1.0295551,-0.03254801,0.21617186,-0.09851523,-0.5801805,-0.07516824,0.39879137,0.22419284,-0.733813,0.31094372,0.39002466,-0.31811166,0.22046359,-0.24429047,0.28289697,-0.16255227,0.0642063,-0.07864495,-0.4464362,-0.5732823,CUST11933,0.043842398,Low
-0.9177346,-1.0667884,-0.043146834,0.64194673,-0.090418234,-0.7348303,-0.12935603,0.14915583,0.29614437,0.4175388,0.22133219,-0.92719287,-0.41411957,0.060177524,0.14215407,0.06691606,0.05342317,-0.107159846,0.014394645,0.21132606,-0.3630733,CUST11934,0.07145896,Low
-0.085527845,0.20257807,-0.12403906,0.31460965,-0.029934362,0.16974156,-0.3304454,0.011379058,-0.427154,-2.6596503,0.06182478,0.6041456,-0.47619393,0.13051705,0.002444542,-0.070826404,-0.015789868,-0.09661972,0.0038844105,0.06784795,0.13962112,CUST11935,0.065818466,Low
-0.008071639,0.24214265,-0.21066977,-0.4809746,0.28060463,0.15238695,-0.22747949,-1.2253975,-0.0042639924,-1.832499,1.2715657,0.4996555,0.8117438,0.04778313,-0.20833723,-0.055577483,-0.015899519,-0.40189335,-0.0013758019,-0.4111978,-0.117839664,CUST11936,0.12556252,Low
-0.22509181,0.854952,0.47410855,-0.3976071,0.18000308,0.060007095,0.002496717,-0.45034233,-2.3715048,-0.5187787,0.38660905,0.44382462,0.8121976,0.09277212,-0.16764867,-0.18392383,-0.024137827,-0.4268579,7.6617114e-05,-0.2293882,-0.024652176,CUST11937,0.14703225,Low
-1.3896322,-1.3725827,-0.157774,-0.46281257,-0.052346487,-0.86903274,0.07839139,-0.035959795,0.043397225,-1.7610877,-0.49251914,1.7290478,-0.36321548,-0.1640386,-0.2709023,-0.08498371,0.10868059,0.024681084,0.021014512,-0.3172209,0.02408365,CUST11938,0.0029884968,Low
-0.16345076,0.414494,-0.5001543,-1.2867557,-0.07768458,0.14881591,-0.16611186,0.023774121,-0.3385561,-0.33702227,-1.3376359,-0.4062586,-0.58044297,-0.08020985,-0.18182911,0.07609504,-0.0270809,-0.13641387,0.0015304198,-0.02497654,-0.27604726,CUST11939,0.0049613505,Low
-0.7779169,0.24498014,-0.25869152,-0.3771238,-0.03874405,-0.0411199,-0.10855468,0.078694314,-0.4987104,-2.2035968,0.44355077,-3.3235264,0.4653912,0.067583926,-0.094851896,-0.12403228,0.047657274,-0.06408895,0.009211687,-0.004000965,-0.15021472,CUST11940,0.0011656727,Low
0.2528656,-0.931611,-0.14868093,-0.63685364,-0.056397956,0.12130943,-1.0593407,0.027753102,0.57178706,-1.7277883,-0.67230284,0.6346494,0.26156104,-0.0046023624,0.032645065,-0.2743258,0.060204368,-0.027021017,-0.00066425744,0.39958474,0.11021607,CUST11941,0.04260697,Low
0.23709124,-0.96347624,-0.115886204,0.08767526,-0.06405171,-0.29787672,0.15233415,0.18263903,0.1961358,2.6025176,-0.06371721,-0.928954,-0.38142273,-0.0298003,-0.037184168,0.0985088,-0.11164422,-0.06273004,-0.055941343,0.2067045,0.13124022,CUST11942,0.6763352,High
-0.893313,-0.6842204,0.435338,-0.14806934,-0.036807872,-0.20451204,-0.21888132,0.8707958,-2.3835266,-1.6471232,-0.4315804,-0.50321925,-0.53903264,0.0073472536,0.48876858,0.0068890937,-0.06608425,0.08749977,-0.005072154,-0.15517488,0.15077136,CUST11943,0.0026930328,Low
-1.0593283,-0.98010975,0.4004377,0.27731013,-0.09358953,-0.78290045,-0.39734814,-0.056612622,0.44464344,-0.6438744,0.48601168,-0.7673723,-0.3559544,0.0038748342,-0.3365504,0.21856189,-0.1031029,0.11638824,-0.020062042,-0.066745654,-0.11977848,CUST11944,0.020207582,Low
0.018510167,-1.0090026,-0.24167515,0.56630033,-0.031985246,0.09312191,-0.39626583,0.037365634,0.06555405,-2.1636975,-0.06700361,0.34922192,0.615492,-0.08482816,-0.19806452,0.06924051,0.055263005,0.0801812,-0.0059912563,-0.4963135,-0.023606235,CUST11945,0.05660619,Low
-0.34974855,0.2683279,-0.09392451,-1.3600522,-0.06865885,-0.36102846,-0.24601617,0.17872567,-2.1123717,-0.26759037,0.20859404,-2.3059623,0.45450166,-0.04774294,0.19724838,0.23317276,-0.056987263,-0.036891274,-0.010200746,-0.08394966,-0.6578473,CUST11946,0.0014088288,Low
-0.18861046,0.26810917,-0.19103493,-1.4538035,-0.045546826,-0.10039136,-0.10911454,0.0062828553,-2.0482252,-0.4126985,-0.057021756,-3.1032927,0.5205123,-0.25717452,-0.23679794,0.13296932,-0.08316542,-0.13207957,-0.032023076,0.38696942,-0.51117915,CUST11947,0.00045602585,Low
0.9621883,0.86887354,0.40888914,0.3968969,-0.04258816,0.23412493,-0.0050919987,-0.6488608,0.14994079,2.0874994,1.17533,0.7601864,-0.36599377,-0.415319,-0.056194745,0.13745043,-0.030239172,0.06125781,0.011345538,0.4622506,-0.05740716,CUST11948,0.99764615,High
1.0140836,1.1846957,0.5376157,-0.036104262,-0.06936135,0.31035137,0.29126114,0.24755767,0.051371314,0.40034294,1.2427454,1.9121064,-0.40935135,0.06341838,-0.9018765,0.04840348,-0.007824153,0.18680668,-0.002052475,0.19080932,-0.5664162,CUST11949,0.99647176,High
1.2112021,0.5120722,0.11145303,0.1238318,-0.04610781,0.30244285,-0.35892305,0.1464116,0.5723723,2.317867,-0.12035361,2.235445,0.26959577,0.32547444,0.11638304,-0.3596444,0.01725798,0.15960965,0.0019470388,0.04799552,0.22538187,CUST11950,0.9995765,High
-0.8154742,-1.1041466,-0.3104971,-0.48718974,-0.079442754,-0.6504939,-0.065096356,-0.63894725,-2.367273,-0.58363837,-1.0629753,0.37488165,0.9803304,0.109636635,-0.003572952,-0.06587825,-0.11843369,0.21858518,-0.03575772,-0.04746446,0.08086921,CUST11951,0.0012085054,Low
1.1741704,0.48310134,0.31844085,0.2516578,-0.055280905,0.20353763,-0.018159876,0.053182017,-0.21689253,2.5828447,0.31828094,0.5512163,-0.34805444,0.10880881,0.014943932,-0.073915586,-0.024670037,0.20409063,-0.0024866145,0.04773664,0.085427284,CUST11952,0.9963624,High
-0.83526033,-1.3073527,0.38640058,-0.7901174,0.37555388,-0.11859787,-0.33253887,-0.32623836,-2.3516722,-0.5356309,-0.4488936,0.13610142,0.67924356,0.02235484,0.16580008,-0.36643115,-0.15277569,-0.008241912,-0.01944727,-0.08218135,0.013337604,CUST11953,0.0026204938,Low
0.0013637044,-1.0440296,-0.18114643,-0.22793737,-0.02204483,-0.21487929,0.020438518,0.2597034,0.06663966,-2.0431476,0.02829254,-0.61672837,-0.32220834,-0.1512397,0.074331835,-0.016031539,-0.13901573,-0.10157014,-0.029963559,0.1392194,-0.62203443,CUST11954,0.0055567375,Low
-0.18926583,-0.24163386,-0.2210108,-1.454969,-0.108052194,-0.42716032,-0.07740002,-0.5745921,-0.79071146,0.46007144,-0.86430603,-3.060336,-0.5385225,-0.120466605,-0.12941664,0.42665955,0.066475704,-0.17467967,-0.017191792,-0.051335048,-0.08116743,CUST11955,0.0002707093,Low
0.967899,-0.677942,0.30108744,0.65762943,-0.05866422,-0.11013207,-0.331827,0.13683926,0.23055112,1.8998669,0.45700377,2.023188,-0.29454243,-0.19629112,0.1269146,-0.029292414,0.0109456,-0.1055502,0.0023952685,0.37388206,-0.33484703,CUST11956,0.9933333,High
-0.97795415,-0.76899266,-0.24815865,-0.49784487,-0.028964477,0.13250396,-0.33023477,-0.87079424,0.123895615,-2.5381882,0.41562542,0.37916395,-0.3545086,0.13503124,0.22166629,-0.1630373,-0.17655416,0.12739305,-0.052435376,0.03251425,-0.024693465,CUST11957,0.0040307986,Low
1.4714674,0.13304286,-0.1921792,-0.71335876,-0.065209016,0.37766528,0.108907446,0.17285262,0.45214576,0.02138988,-1.0010343,0.34852257,-0.48696482,0.19522282,0.11165566,0.0901991,0.015399674,0.050141383,0.0026037102,0.5938176,0.12129063,CUST11958,0.8535096,High
-0.04373604,-1.2304256,-0.24909638,-2.64545,0.3593422,-0.17720814,0.104629874,0.051046923,-1.1414278,0.64506996,0.13925526,0.5238905,0.20990686,-0.27966586,0.12215918,0.09337981,-0.003796523,0.0847669,-0.010222688,-0.06408187,0.039239153,CUST11959,0.02881541,Low
-0.94216967,0.1307088,-0.24896368,-0.74058235,0.30127686,-0.5101158,0.16742368,-0.05798117,0.23666663,-1.8216509,0.0902112,-2.9294028,0.24863073,0.06583292,-0.47447854,0.12311714,0.02977383,-0.091668524,0.005349666,-0.2472951,-0.5519587,CUST11960,0.0007008884,Low
1.3139721,1.0755864,0.221475,0.112706006,0.17298992,0.400005,0.20936933,0.28956968,0.88353086,-0.29426664,0.180539,-0.58759236,0.69514346,0.08160683,0.082483545,-0.15439625,0.009492062,-0.09097603,-0.0026634089,-0.009742922,0.13701788,CUST11961,0.99081236,High
0.10339609,0.47584927,0.55458295,0.5696362,-0.048388157,-0.12525253,-0.10733148,0.11613814,-0.09235667,2.5488553,0.5790917,-0.33794606,-0.38398162,0.07589236,0.012228791,-0.12140897,-0.038432356,0.06971942,-0.0016354956,0.15137401,-0.12206931,CUST11962,0.9788094,High
-0.04485551,0.1365275,-0.3557894,-0.171948,-0.07039257,0.35102963,-0.24893172,-0.9076891,-0.40096664,-1.6185328,-0.77071023,-2.6774707,-0.52341276,0.17040108,-0.10451768,-0.09457213,-0.0694395,-0.0034576785,-0.0039706863,0.4144363,0.14809753,CUST11963,0.0010155085,Low
0.7639547,0.25189796,0.4145016,0.30280492,0.23418266,0.09986754,0.21181804,-0.41518337,0.15260746,1.3661971,0.4312275,0.45355472,0.33293912,-0.26616257,-0.2145353,0.14059135,-0.019025926,-0.0084405355,0.026254948,-0.6602452,-0.10404701,CUST11964,0.96921855,High
0.0067229774,1.5873661,0.35252526,0.7056261,-0.05981122,-0.4108107,0.26012915,0.3467132,-0.47670516,-0.7985602,0.6406706,2.2216496,-0.44720268,0.21871537,0.043711536,-0.12530027,0.004894537,-0.04385604,0.011711794,0.018467551,-0.04988735,CUST11965,0.98132265,High
0.079564996,0.089981504,-0.3443025,0.46517578,-0.06845014,-0.124745235,0.19188377,-1.1288111,0.33347213,-0.44372034,0.7890126,0.732947,-0.4793375,-0.1201821,0.08288998,0.06715836,0.0681625,-0.07959864,-0.004634903,0.043016843,0.041530035,CUST11966,0.5363933,Medium
0.21852472,1.0662444,0.5484405,0.39403006,-0.04505023,0.18834668,0.051962376,-0.020658717,0.009705435,1.0465562,0.51133716,1.9888079,0.67309374,0.17419305,0.169976,-0.142978,0.027109226,-0.011850689,-0.0068200566,0.4236285,0.20031859,CUST11967,0.9994011,High
1.2494404,-1.0715134,0.10510071,0.52532595,-0.08017991,0.13650933,-0.04330652,0.07918117,0.36587018,1.4295818,-0.24672693,-4.1430926,-0.39778182,0.00729779,-0.0072194226,-0.08619825,-0.053034026,0.0028697648,-0.015468916,0.5673941,-0.021618538,CUST11968,0.1489637,Low
-0.23461345,-0.19948238,0.4592061,0.35519788,-0.055133898,0.117904335,-0.034313925,0.17673498,-0.16176306,-1.337645,-0.92495567,-2.5459113,-0.45475563,-0.2093704,0.18940918,-0.0043714778,0.04090069,0.11206145,-0.0004703966,-0.04134438,-0.15426266,CUST11969,0.0070185116,Low
-0.031953983,-1.0595833,0.12437142,-0.5604281,-0.06469812,0.09684243,-0.0715506,0.033038765,0.7394069,-0.7350939,-0.9741027,-0.44145912,0.7601251,0.11345267,0.14993994,0.13264258,-0.03637321,0.018667746,0.004180935,-0.575881,-0.0660905,CUST11970,0.07658138,Low
-1.0369229,0.3771864,-0.31446227,-1.1787304,-0.07257756,-0.72815186,-0.004402375,0.15469912,-0.6252862,-0.276029,-1.2036216,-1.0665462,0.37508968,0.11942492,-0.05052885,-0.09150962,0.026298072,-0.31567067,0.011229848,0.42655888,0.043220628,CUST11971,0.0041689416,Low
-0.18428782,1.0606227,-0.47648317,0.35193214,-0.092093535,-0.5014045,0.181283,-0.059905156,-0.83250564,-0.44949675,-1.0888767,1.2818621,-0.5858416,-1.0012003,-1.2447908,-0.14096873,-0.061233606,-0.08112606,0.0016784742,0.4332702,0.17855681,CUST11972,0.033693004,Low
0.22473243,1.3107569,-0.4071446,0.610701,0.19699673,0.26196656,0.044689633,-0.82134795,0.45302677,-0.68659884,0.15106429,2.227207,0.8525539,0.14684534,0.20013952,0.14566739,-0.0107318405,0.13833317,0.0021117637,0.45341042,0.24563667,CUST11973,0.996648,High
0.12147711,1.523216,0.25214192,0.14496039,-0.047826063,0.102918535,0.2433304,0.14347008,0.35703942,-0.35204878,0.09672715,1.4536788,-0.40858966,0.3377505,0.11657437,-0.0791863,-0.012275171,-0.22533895,-0.008285488,0.7188598,-0.73798054,CUST11974,0.9757651,High
-0.008893922,-0.9003636,-0.386139,0.08933079,-0.035416204,0.18231803,-0.3748411,-1.0172036,0.49621755,-1.6253408,0.2752141,-0.8462738,-0.41339895,-0.2565819,0.56340486,-0.1706143,-0.15183015,-0.41540492,-2.81604e-05,0.027209345,-0.15535414,CUST11975,0.0056570778,Low
0.9032054,0.6455791,0.5405555,0.21533345,0.32084927,0.19507717,0.100246936,0.20118888,-0.30795515,1.0480549,1.431817,1.0330284,0.62161386,0.12353806,0.116020314,0.063801505,-0.035544276,0.079230435,-0.009711674,0.11211233,0.29631847,CUST11976,0.99952376,High
0.15349428,-1.3463811,0.16624446,0.50220674,0.3719604,0.3182736,-0.045981303,0.26003662,0.2957343,1.949473,0.5076578,-0.7246888,0.30105293,-0.53603387,-0.34724644,-0.14705686,0.12682292,-0.03492608,0.014347155,-0.01954085,0.13096234,CUST11977,0.8642712,High
0.18073414,1.5549992,0.5505503,0.46672472,-0.045950282,0.08209419,0.14766891,0.25355053,0.26089263,2.3100038,0.30541193,-0.84032905,0.4142925,0.23091802,0.20354529,-0.01214787,0.0062934235,-0.013851868,0.0030991174,0.5171813,0.062111445,CUST11978,0.9986314,High
1.1260525,0.35275868,-0.43695426,-0.25976416,-0.081381865,0.28444678,0.038240332,0.13696209,0.35015514,1.116007,-0.83906496,0.5677616,-0.3671526,-0.07311426,0.08420874,-0.18801709,0.0047547966,0.13006796,0.0092045525,0.6596101,0.19551462,CUST11979,0.9407612,High
-0.074886814,-0.19367449,-0.27698413,-0.022008104,0.366031,-0.042178955,-0.5410723,0.085327186,0.116401345,-1.7769392,-0.9683181,-2.7930734,0.3978501,0.18557316,-0.11868687,0.0067514344,-0.040500995,-0.24218307,-0.0016184915,-0.43462268,-0.2362582,CUST11980,0.0012920174,Low
-0.9275808,0.5115828,-0.15915021,-0.1107679,-0.033125546,-0.01589524,-0.0035808599,0.0050315233,-0.81206983,-1.8384161,0.29853016,-1.1071744,0.71215963,-0.099737115,0.13534798,-0.012436517,0.0351127,0.12729593,0.0006856201,0.28797486,-0.43808648,CUST11981,0.02961298,Low
1.0358073,0.5870382,-0.22416873,0.38080132,0.31975356,0.2701727,-0.0785313,-0.9540878,0.326401,2.3263354,0.050721154,0.49647582,0.28043386,0.23436981,0.16666506,0.4288848,0.0033247026,0.17573018,0.0015396327,0.5269468,0.10103832,CUST11982,0.9983584,High
-0.9587457,-0.09452124,-0.119511776,0.17753282,-0.044612627,-0.5717587,0.33597118,0.1718435,0.23860724,-1.520467,0.2642523,-3.2653823,-0.41015255,0.12061307,-0.1983767,-0.07686667,-0.06841744,0.075608134,-0.01070936,0.03437079,-0.1026896,CUST11983,0.0023090744,Low
-0.08320444,0.593457,-0.12532565,-0.6850382,-0.07788998,-0.19153298,-0.1525544,-0.08056451,-1.8562286,-0.9822274,-0.75071836,2.2571473,0.19035143,-0.25128454,-0.76345897,-0.29654256,-0.042938072,-0.11631368,0.0018413842,-0.43467405,0.040253144,CUST11984,0.020782806,Low
0.6679797,-1.194627,-0.4366016,0.50040513,-0.055918846,-0.47190732,-0.038213085,-1.6205467,-1.0093288,0.544646,0.3758103,0.25866348,-0.37843186,0.13176383,-0.050761785,-0.20134854,-0.11502449,0.1388438,-0.065637596,0.030286241,0.009953831,CUST11985,0.046301324,Low
-0.033547807,0.28743097,-0.3230497,-1.1691535,-0.120251805,-0.20236398,-0.3190857,0.4639949,-0.4868426,0.10034815,-1.2031301,-2.8850613,-0.60509527,0.10745582,0.45482835,0.011041056,-0.07461212,-0.081240356,-0.0047817864,-0.3142341,0.0020661347,CUST11986,0.0015931193,Low
-0.9830735,-0.65904796,-0.076218024,0.5416754,-0.07269733,-0.17491394,0.22149104,0.5054917,0.56498456,-0.6075779,-0.6803571,-2.549601,-0.4286974,-0.15460552,0.4822375,-0.14818707,-0.08853283,-0.12766774,0.00948218,-0.27766812,-0.03229527,CUST11987,0.008318162,Low
-0.014583041,-0.10269075,-0.2981827,-0.11043748,-0.06202155,-0.4977818,-0.032999724,0.24993967,0.2713367,-0.6660355,-0.060799684,-1.3314832,-0.5484644,-0.19428149,-0.3376428,-0.1531859,0.03234111,-0.12752604,0.00093435845,-0.3219759,0.2893155,CUST11988,0.016933104,Low
0.033804387,-1.997541,0.3449917,0.50589824,-0.05968424,-0.22226562,0.39755315,-0.41371068,0.444912,1.5172999,0.6565528,0.71539676,0.18458249,0.11561881,0.43166804,0.0033528623,0.109715216,0.11507893,0.014775035,-0.08684442,0.06885405,CUST11989,0.94452906,High
0.053879965,-0.86585504,-0.021091409,0.6598794,-0.06645632,-0.21274658,0.34511933,0.34667712,0.47246805,0.756481,0.5370842,1.127624,0.4532811,-0.014178652,-0.09914453,0.13434134,-0.073635966,-0.12658198,-0.009610832,-0.29273817,0.16223519,CUST11990,0.9616483,High
0.0069927713,-0.6199428,0.6130478,0.5702752,-0.058310207,-0.10984004,0.15044157,0.39260945,-0.019922595,0.67696005,1.2863119,2.0915685,0.757927,-0.06789387,0.34353745,0.039849747,-0.019048993,-0.042919666,-0.016942736,0.48619395,0.16656393,CUST11991,0.9986172,High
0.2561758,-0.90085965,-0.21228011,0.63203096,-0.0548741,0.38062015,0.086543374,-0.47750226,-0.8143131,0.69240373,0.34821644,1.5116229,0.28590435,0.22630377,-0.044919685,-0.12095853,-0.02103064,0.10185367,-0.019122608,0.50257283,0.14135239,CUST11992,0.92089415,High
-0.23267609,-0.9763873,-0.20910284,-1.1769922,-0.015045627,-0.31587902,0.13474478,-0.8246468,-2.311232,-1.380697,0.114484064,-0.992809,-0.26676035,0.07157386,-0.14374886,-0.002407921,-0.13090436,0.05186568,-0.0072800587,0.0077955634,0.010395846,CUST11993,0.00017669713,Low
-0.08763547,0.994854,0.074126616,0.51782453,-0.06743784,0.17421384,0.317401,0.34005535,0.35386008,2.1729639,0.63151765,0.7803176,-0.60789496,-0.86828333,-1.1957241,0.4288365,-0.013540256,0.09137571,-0.003050413,0.5987431,-0.06262533,CUST11994,0.9892784,High
-0.8613627,-1.3516543,-0.119870655,-0.7098447,-0.06604184,-0.7587338,-0.60718864,0.31028545,0.79674053,-1.4015269,-0.8773301,0.4479417,0.22187802,-0.07717744,0.13161981,0.08114831,-0.08322693,-0.091832966,-0.01782249,-0.052918117,0.22506538,CUST11995,0.0073401304,Low
-0.9122149,-0.030324245,-0.34806314,0.4768244,-0.0762689,-0.06397594,-0.055377487,-0.44980192,0.9239846,-0.573002,-0.7981709,-2.7165897,-0.47496507,0.4489403,0.3555153,-0.107714765,-0.04060678,0.1147993,0.00086543895,-0.05958015,-0.19836777,CUST11996,0.009667454,Low
0.41710365,-0.67336917,0.5882777,0.5822536,-0.07584752,0.2506768,-0.28749275,0.10670051,0.389542,-0.6483998,-0.7968842,1.1682539,-0.26315144,0.16634569,0.45122877,0.15371232,0.026350722,0.17271398,0.009006767,-0.24756409,0.14112443,CUST11997,0.82996786,High
-0.11033357,-0.94803303,-0.3107422,-0.6964312,-0.05191404,-0.46243328,0.04860508,0.09072851,0.36315373,-0.74788177,-1.1007581,-0.5977807,0.33361247,0.032112774,0.13418739,0.061867714,0.025505945,0.027019957,0.0034221606,-0.49181953,-0.7574121,CUST11998,0.005483522,Low
-0.062108885,-1.1757289,0.05586126,0.14997855,-0.07244136,-0.6278161,0.16407579,0.013953999,0.2660962,-1.9637908,0.33456206,1.0182436,-0.26311776,0.02180277,-1.4190955,-0.21494317,-0.100162834,-0.18039672,-0.039047908,0.43736675,-0.057228193,CUST11999,0.022773568,Low
